text,label
"yellowfin tuna, extra virgin olive oil, water, dehydrated vegetables, salt, spices, citric acid, lemon peel, natural flavor, lemon oil, partially hydrogenated",Seafood
"crushed tomatoes, salt, sugar, citric acid, garlic, onion, basil, oregano.",Condiments
"pasteurized milk, pasteurized whey, vinegar, stabilizers, salt.",Dairies
"cultured pasteurized nonfat milk, cultured pasteurized cream, milk protein concentrate, stabilizer, cucumber, garlic, sea salt, organic distilled white vinegar, dill, contains live and active cultures l. paracasei, p. freudenreichii, s. thermophilus, l. bulgaricus.",Condiments
"cultured pasteurized grade a low fat milk, sugar, modified corn starch. contains or less of kosher gelatin, tricalcium phosphate, natural flavor, potassium sorbate added to maintain freshness, carrageenan, vitamin a acetate, vitamin d.",Dairies
"potatoes, vegetable oil, whey, nonfat dry milk, salt, onion and garlic powder, maltodextrin, dextrose, natural parmesan cheese flavor (parmesan cheese [pasteurized milk, cheese culture",Snacks
"organic dark turkey meat, water, sea salt, organic honey, celery juice powder, lactic acid starter culture, organic spices.",Meats and their products
"pork fat with attached skin, salt",Snacks
"sugar, bleached enriched flour, oats, vegetable oil, raisins, walnuts, eggs, butter, water, molasses, baking soda, salt, spice, sodium acid pyrophosphate.",Snacks
"potatoes, water, salt, calcium chloride, calcium disodium edta .",Plant-based foods and beverages
"canola oil, lemon juice, white wine vinegar, dijon mustard, dried garlic, cultured dextrose, black pepper, pure cane sugar, salt, xanthan gum.",Condiments
"milk, contains . or less of dipotassium phosphate, carrageenan, vitamin d.",Dairies
"consist of milk chocolate, vanillin ).",Snacks
"milk, cream, caramel [corn syrup, water, sugar, milk, nonfat milk, sea salt, pectin, baking soda ], corn syrup, sugar, whey, nonfat milk, cocoa processed with alkali, cellulose gel, cellulose gum, salt, mono & diglycerides, carrageenan.",Desserts
"organic tomato concentrate, organic balsamic vinegar, salt, organic onion powder, organic garlic powder, organic spices",Condiments
"popcorn, cane sugar, sunflower oil and salt.",Snacks
"peanuts, vegetable oil, salt, spices, citric acid, tapioca maltodextrin, corn maltodextrin, corn syrup solids, artificial color, lime juice solids, and natural flavor . contains peanut ingredients. may contain traces of treenut and soy ingredients.",Snacks
"water, tomato paste, sugar, seasoning, vinegar, celery juice, salt, natural smoke flavor, corn starch, preservatives .",Condiments
"soy protein isolate, roasted peanuts, soluble corn fiber, sugar, cashews, fructose, palm kernel and palm oil, pretzel pieces, vitamin b, folic acid], malt flavoring, salt, soybean oil, yeast), dextrose, rolled oats, soybeans, contains or less of nonfat milk, glycerin, milk, sea salt, natural flavor, salt, paprika extract for color, cocoa powder for color, soy lecithin, corn syrup, butter, rosemary extract for freshness, xanthan gum, wheat starch.",Snacks
"soy protein isolate, invert evaporated cane syrup, sugar, tapioca syrup, cocoa, fractionated palm kernel oil, chicory root fiber, unsweetened chocolate, sunflower oil, water, casein, whey protein isolate, tapioca starch, calcium caseinate, natural flavor, soy lecithin, salt, maltodextrin, whey . vitamins and minerals calcium carbonate, calcium phosphate, ascorbic acid, alphatocopherol acetate, vitamin a acetate, cholecalciferol.",Snacks
"peanuts, seasoning, peanut oil.",Snacks
"sugar, glucose syrup, glucosefructose syrup, cream, condensed whey, butter, condensed skim milk, cane sugar syrup, salt, butterfat, whey product, soy lecithin emulsifier, artificial flavor.",Snacks
"enriched bleached wheat flour, sugar, yellow corn meal, soybean oil, leavening, salt, honey & xanthan gum.",Snacks
"unbleached wheat flour, olive oil, sea salt.",Snacks
"product contains raisins, peanuts, dates, partially hydrogenated soybean and cottonseed oil), yogurt chips, and vanilla), cashews, almonds, vegetable oil .",Snacks
"enriched flour, sugar, vegetable shortening, high fructose corn syrup, water, corn syrup, dried whey, dried eggs, baking powder, emulsifier [water, sorbitan monostearate, polysorbate, mono & diglycerides, sodium propionate, phosphoric acid], natural and artificial flavors, salt, leavening, soy lecithin, sorbitol, artificial colors . filled with corn syrup, water, red raspberries, sugar, dextrose, food starchmodified, citric acid, sodium alginate, gellan gum, potassium sorbate, sodium propionate & sodium benzoate, sodium citrate, salt, artificial flavor, red and blue .",Snacks
"whole grain oats, sugar, dried raspberries, dried strawberries, natural flavor, tricalcium phosphate, salt, beet juice concentrate, iron, vitamin d .",Plant-based foods and beverages
"filtered water, sugar, citric acid, sodium benzoate, potassium sorbate, ascorbic acid, natural and artificial flavor, sucralose, calcium disodium edta, and fd&c blue no. .",Beverages
"cultured butter, lactic acid cultures), salt.",Dairies
"confection coating, pretzels }, folic acid], vegetable oil [canola and/or cottonseed and/or soybean], salt, malt, corn syrup sodium bicarbonate yeast).",Snacks
"enriched bleached flour, sugar, dextrose, leavening, soy flour, soybean oil, salt buttermilk, sodium stearoyl lactylate.",Snacks
"pistachios, almonds, cashews, peanut and/or cottonseed oil, sea salt",Plant-based foods and beverages
"pasteurized whole milk, vinegar, vegetable enzymes, finished in light sea salt bath",Dairies
"sugar, chocolate liquor, orange pieces [orange pulp, sucrose, apple, dextrose, pineapple fibers, citric acid, sodium alginate, dicalcium phosphate, natural orange flavor], cocoa butter, soy lecithin, vanillin .",Snacks
"compound chocolate, vanillin & artificial flavors); sugar; titanium dioxide ; gum arabic; tapioca dextrin; carnauba wax; fd&c yellow #; fd&c yellow #; fd&c red #; fd&c blue #.",Snacks
"organic cultured pasteurized milk, salt, microbial enzymes.",Dairies
"light tuna, water, vegetable broth, salt",Seafood
"sprouted grains, whole grain wheat flour, water, wheat flour, organic whole grain spelt flour, whole grain rye flour, kamut flour, betaglucan fiber from barley or oats, rolled oats, sunflower seeds, wheat gluten, yeast, apple cider vinegar, sea salt, cultured wheat starch, sourdough .",Plant-based foods and beverages
"carbonated water, high fructose corn syrup, citric acid, sodium benzoate, natural flavors, caramel color.",Beverages
"beef, water, contains or less of salt, vinegar, yeast extract, natural flavorings, sugar, citrus extract. coated with salt, natural flavorings, herb extract, sugar.",Meats and their products
"filtered water, sugar, cranberry juice, apple juice, strawberry juice, citric acid, vegetable concentrate for color, natural flavor, sodium citrate, fumaric acid, ascorbic acid",Plant-based foods and beverages
"corn syrup, sugar, titanium dioxide, peppermint oil, red, red, blue, yellow .",Snacks
"semidry cherry tomato, sunflower oil, extra virgin olive oil, salt, basil, garlic, wine vinegar, citric acid.",Salted snacks
"yellow corn, sunflower oil, whey, maltodextrin, cheddar and blue cheese, canola oil, salt, citric acid, lactic acid",Snacks
"whole grain oats, unbleached wheat flour, prune puree, evaporated cane sugar, caramel, dried apples, unsweetened applesauce, brown rice syrup, water, expeller pressed canola oil, molasses, inulin, baking soda, baking powder, cinnamon, sea salt.",Snacks
"green and yellow split peas, soup base, chicken broth, , whey, parsley, caramel color), carrots, onions, tomatoes, celery, leeks.",Meals
"potatoes, vegetable oil, whey, cultured skim milk, maltodextrin, salt, dextrose, sour cream, lactic acid, onion powder, monosodium glutamate, whey protein concentrate, parsley, nonfat dry milk, citric acid, artificial flavor.",Snacks
coconut water.,Plant-based foods and beverages
"pasteurized grade a goat milk, cultures, rennet, salt, natamycin.",Dairies
"whole wheat flour, water, liquid sugar, wheat gluten, contains percent or less of yeast, soybean and/or canola oil, sea salt, molasses, dough conditioners, mono and diglycerides, calcium propionate, cultured wheat, vinegar, enzymes.",Plant-based foods and beverages
"filtered carbonated water, bai proprietary sweetener blend, natural lemon and lime flavors with other natural flavors, citric acid, white tea extract, malic acid, coffeefruit extract, vitamin c, sodium citrate.",Beverages
"orgain organic protein blend [organic brown rice protein, organic protein crisps, organic ground chia seeds], organic tapioca syrup, organic isomaltooligosaccharide, organic almonds, organic chocolate chunks, organic erythritol, organic marshmallow flavor, organic vegetable glycerin, organic graham flavor, sea salt, organic sunflower lecithin",Snacks
"pepperoncini, pepper strips, spanish olives, cauliflower, carrots, celery pitted green olives, pitted black olives, canola oil, water, salt, vinegar, contains less than of lactic acid, citric acid, acetic acid, ascorbic acid, sodium benzoate, sodium metabisulfite, calcium chloride, pimentos, sodium alginate, guar gum, spices, ferrous gluconate, potassium sorbate.",Meals
"salt, garlic, paprika, onion, and spices .",Condiments
"whole grain brown rice, corn, cheese flavor blend, sunflower oil.",Snacks
whole grain stone ground rye flour,Plant-based foods and beverages
"capers, water, vinegar, salt.",Salted snacks
"sugar, whey, enriched bleached wheat flour, dextrose, glucosefructose, hydrogenated palm kernel oil, palm and soybean oil shortening, corn syrup, powdered egg whites, cocoa, powdered whole eggs, wheat protein isolate, wheat flour, caramel, salt, baking powder, malt extract, propylene glycol esters of fatty acids, monoglycerides, stearoyl lactylic acid, modified cornstarch, powdered egg yolks, guar gum, water, maltodextrin, natural and artificial flavors, polysorbate, cellulose gum, titanium dioxide, enzymes, soy lecithin, mono and diglycerides, phosphoric acid, sodium propionate, sorbic acid, potassium sorbate.",Snacks
"enriched bleached wheat flour, sugar, palm oil, eggs, contains or less of leavening, salt, natural and artificial flavor with bht, soy lecithin, colors, confectioner's glaze, carnauba wax.",Snacks
"almonds, peanut oil, salt.",Plant-based foods and beverages
"enriched flour, peanut butter, sugar, peanuts, vegetable oil, corn syrup, whole eggs, invert sugar, fruit paste, fructose, honey, natural flavors, leavening, nonfat dry milk, modified cornstarch, salt.",Snacks
"carbonated water, cane sugar mandarin and tangerine oils, natural orange flavors, citric acid, acacia gum, ester gum, sodium benzoate, yellow for color.",Beverages
"ice cream, icing, chocolate crunch, cocoa powder, soy & coconut oils, candy, natural & artificial vanilla flavor.",Desserts
"young coconut juice, water, young coconut pulp, sugar from cane sugar syrup, sodium metabisulphite .",Plant-based foods and beverages
"cauliflower, water, cucumber, almonds, cashews, lemon juice, garlic, apple cider vinegar, dill, sea salt, mint, chia protein, contains almonds, cashews",Condiments
"soymilk, cane sugar, natural flavor, sea salt, carrageenan. vitamins & minerals calcium carbonate, vitamin a palmitate, zinc gluconate, vitamin d, riboflavin, vitamin b.",Plant-based foods and beverages
"water, sugar, lemon juice from concentrate, citric acid, ascorbic acid to protect color, natural flavors, chokeberry juice from concentrate for coloring, potassium sorbate to maintain freshness, modified food starch, ester gum.",Beverages
"whole grain oats, sugar, oat bran, corn starch, honey, brown sugar syrup, salt, tripotassium phosphate, canola oil, natural almond flavor, vitamin e added to preserve freshness, vitamins and minerals calcium carbonate, zinc and iron, vitamin c, a b vitamin, vitamin b, vitamin b, vitamin b, vitamin a, a b vitamin, vitamin b, vitamin d,",Plant-based foods and beverages
"milk, cream, cane sug natural flavors. total carbohydrate g chobani, llc, new berlin, ny saturated fat g cholesterol <mg sodium mg total sugars g added sugars g protein og not a significant source of trans fat, dietary fiber, vitamin d, calcium, iron, and potassium. keep refrigerated gradea (u",Plant-based foods and beverages
"milk, water, potatoes, clams, celery, carrots, onions, clam base, water, potato flour, hydrolyzed wheat protein, onion powder, maltodextrin, garlic powder, disodium inosinate, disodium guanylate, spices, yeast extract, sunflower oil, soy sauce, citric acid), modified food starch, bacon, soybean oil, white pepper, bay leaf.",Meals
"milk chocolate [sugar, milk, cocoa butter, chocolate, soya lecithin, barley malt powder, vanillin ], vegetable oil, sugar, chocolate, cocoa butter, milk, soya lecithin, barley malt powder, artificial flavors.",Snacks
"sugar, spices and spice extractives, salt, dextrose, corn starch, dehydrated onion, soybean oil, lemon juice powder, dehydrated garlic, natural and artificial flavoring, hydrolyzed soy protein, silicon dioxide .",Meals
"peanuts, peanut oil, salt.",Snacks
"enriched long grain parboiled rice [long grain rice, iron, thiamin and folate ].",Plant-based foods and beverages
"purified deionized water from local municipal source, electrolytes .",Beverages
"unbleached untreated enriched wheat flour, water, sea salt, yeast, malted barley .",Plant-based foods and beverages
"wheat flour, butter, chocolate chip, vanilla and salt), brown sugar, sugar, eggs, moisturelok vanilla extract, salt, baking soda, ginger.",Snacks
"whole wheat flour, water, yeast, bulgur wheat, sugar, wheat gluten, wheat, wheat bran, olive oil, sea salt, leavening, preservatives, grain vinegar, natural flavors, mono glycerides, citric acid, cornstarch, datem, cellulose gum, xanthan gum, soy lecithin .",Plant-based foods and beverages
"american cheese, water, skim milk cheese, whey, milk protein concentrate, calcium phosphate, sodium citrate, salt, sorbic acid as a preservative, annatto and oleoresin paprika .",Dairies
"made of sorbitol, gum base, glycerol, natural and artificial flavors; less than of hydrogenated starch hydrolysate, aspartame, mannitol, acesulfame k, soy lecithin, colors, bht .",Snacks
"corn syrup solids, partially hydrogenated soybean oil, sodium caseinate, dipotassium phosphate monoand diglycerides, silicon dioxide, artificial color, sodium stearoyl lactylate, soy lecithin, artificial flavor",Plant-based foods and beverages
"nutmilk, cane sugar, contains or less of vitamin and mineral blend, sea salt, natural flavor, gellan gum.",Plant-based foods and beverages
"pork meat, vinegar, paprika, red pepper, salt, black pepper, garlic powder, cumin, oregano.",Meats and their products
"turkey breast, water, modified cornstarch, contains less than of vinegar, salt, cultured dextrose, sugar, sodium phosphates, carrageenan, coated with cracked black pepper",Meats and their products
"water, roasted turkey concentrate, modified corn starch, enriched flour, butter, cream, turkey fat, sea salt, spices, granulated onion, granulated garlic.",Condiments
"enriched flour, water, white rye flour, yeast, ground caraway seeds, contains less than of each of the following soybean oil, salt, cultured wheat flour, sugar, wheat flour, vinegar, wheat gluten, datem, vegetable oils, monoglycerides, seasoning blend, enzymes, lactic acid, caramel color with sulfites, acetic acid, citric acid, polysorbate, soy lecithin .",Plant-based foods and beverages
"almonds, organic coconut flakes, organic honey, organic coconut sugar, organic chia seeds, organic coconut oil, organic shredded coconut, organic pure ground vanilla beans, sea salt",Snacks
"peanut butter, sugar, whole wheat flour, palm oil and high oleic canola oil, palm and palm kernel oil, defatted peanut flour, calcium caseinate, dextrose, fructose. contains or less of each of the following water, soybean oil, corn starch, salt, colors, emulsifiers, cocoa, baking soda, citric acid, stevia leaf extract, vanillin, whey, soy flour, egg whites .",Snacks
"konjac powder, oat powder, water, sorbic acid, calcium hydroxide.",Plant-based foods and beverages
"carbonated water, high fructose corn syrup, citric acid, potassium benzoate, natural and artificial flavor, potassium citrate, aspartame, acesulfame potassium, gum acacia, red .",Beverages
"roasted peanuts, sweetened dried cranberries, raisins, roasted almonds, sweetened dried cranberries blueberry flavor, roasted cashews, dried tart cherries, , dried blueberries, natural flavor, cottonseed oil.",Snacks
"whole grain corn, corn meal, sugar, honey, salt, brown sugar syrup, caramel color, baking soda, natural flavor. vitamin e added to preserve freshness. vitamins and minerals calcium carbonate, iron and zinc, vitamin c, ab vitamin, vitamin be, vitamin b, , vitamin a, vitamin b, a b vitamin, vitamin b, vitamin d.",Plant-based foods and beverages
"organic adzuki beans, water, sea salt.",Plant-based foods and beverages
"oranges, water, sugar, salt, red pepper flakes, allspice, rosemary.",Salted snacks
"enriched bleached wheat flour, sugar, margarine, fructose, eggs, invert sugar, modified food starch, contains or less of red lake, natural flavors, leavening, salt, corn starch, soy lecithin, whey .",Snacks
"hass avocado, vinegar, jalapeno pepper, dehydrated onion, salt, granulated garlic.",Condiments
"green olives, water, salt, citric acid, ascorbic acid.",Plant-based foods and beverages
"water, salt, sugar, sodium phosphates, sodium ascorbate, sodium nitrite",Meats and their products
"ham, water, less than of salt, sugar, sodium phosphates, sodium ascorbate, potassium lactate, modified corn starch, sodium nitrite, potassium chloride, caramel color.",Meats and their products
"cured with water, sugar, salt, natural smoke flavoring, maple flavor, , sodium phosphate, sodium bychorbate, sodium nitrite.",Snacks
"milk chocolate and vanilla), white confection, soy lecithin, vanilla, salt), peanut butter, confectionary chips .",Snacks
"popcorn kernels, white cheddar, whey, partially hydrogenated soybean oil, maltodextrin, reduced lactose whey, salt, disodium phosphate, bleu cheese, canola oil, and sea salt.",Snacks
"whole grain oat flour, sugar corn flour, whole grain wheat flour, rice? flour, salt, tripotassium phosphate, cinnamon, natural flavors, color, mixed tocopherols added to preserve freshness. vitamins and minerals calcium carbonate, reduced iron, niacinamide, zinc oxide, ? pyridoxine hydrochloride, riboflavin, folic acid, thiamin mononitrate? .",Plant-based foods and beverages
"dough, tomato sauce, mozzarella cheese, cherry tomato, arugula, grana padano dop cheese, emmenthal cheese, provolone cheese, pecorino romano dop cheese .",Meals
"wild caught salmon. lactic acid, sea salt. cracked pepper. celery powder. onion powder. garlic powder",Snacks
"enriched flour, water, yeast, high fructose corn syrup, soybean oil, contains less than of each of the following salt, wheat flour, calcium propionate, guar gum, vegetable oils, sodium stearoyl lactylate, calcium sulfate, enzymes, ascorbic acid, ammonium sulfate, sunflower lecithin.",Plant-based foods and beverages
whole durum wheat flour.,Plant-based foods and beverages
"colby and monterey jack cheeses, potato starch, corn starch and cellulose powder to prevent caking, natamycin .",Dairies
"sugar, fructose, citric acid, contains or less of natural flavor, magnesium oxide, sodium citrate, potassium citrate, vitamin c, color .",Beverages
"filtered water, organic celery juice, organic lemon juice, organic agave syrup, organic cucumber juice, organic spinach juice, organic romaine lettuce juice, organic kale juice, organic parsley juice.",Beverages
"colby cheese, monterey jack cheese, anticake, natamycin",Dairies
"cream, milk, cane sugar, non fat milk solids, organic egg yolks, r.r. lochhead vanilla, nutmeg, allspice, rum",Desserts
"brownie mix [sugar, enriched flour, bleached, cocoa processed with alkali, partially hydrogenated soybean and cottonseed oil, soybean oil, corn syrup solids, egg yolk, egg white, salt, baking soda, artificial flavor, nonfat milk, soy flour ], icing [sugar, vegetable shortening, water, contains less than of the following, corn syrup, salt, natural and artificial flavor, guar gum, potassium sorbate and sodium benzoate, citric acid], water, red sprinkles [sugar, corn starch, partially hydrogenated vegetable oil, soy lecithin, red lake, dextrin, confectioners glaze, yellow lake, natural and artificial flavor, carnauba wax], blue sprinkles [sugar, corn starch, partially hydrogenated vegetable oil, soy lecithin, dextrin, confectioners glaze, blue lake, natural and artificial flavor, carnauba wax].",Snacks
"dates, brown rice syrup, rolled oats, dried blueberries, almonds, dark chocolate, cane sugar, soy protein, crisp rice, pumpkin seeds, dried kale, sesame seeds, freeze dried strawberries, sea salt, natural flavors.",Snacks
"organic wheat flour, organic honey, yeast, salt, organic rosemary, organic olive oil",Snacks
"beets, water, salt.",Plant-based foods and beverages
"oats, brown rice syrup, prebiotic fiber, organic quinoa, unsweetened dried cherries, organic tapioca syrup, flaxseed, soybeans, buckwheat, energysmart, canola oil, brown sugar, water, organic agave syrup, cane syrup, water, millet, organic sunbutter, milk protein concentrate, natural flavor, soy protein isolate, pomegranate juice, sea salt, mixed tocopherols from sunflower.",Snacks
"pork, mechanically separated turkey, water, contains or less soy protein concentrate, sodium lactate, salt, spices, sodium phosphates, dextrose, sugar, monosodium glutamate, sodium diacetate, flavorings, bht, citric acid, caramel color.",Meats and their products
"white grape juice concentrate, apricots, fruit pectin.",Plant-based foods and beverages
"pork, sea salt, water, spices, flavorings, dextrose, celery powder, lactic acid starter culture.",Meats and their products
"organic ground blue corn with a trace of lime, organic vegetable oil, sea salt.",Snacks
"distilled water, electrolytes .",Beverages
"organic garbanzo beans, tahini, garlic, olive oil, roasted red peppers, tomato paste, balsamic vinegar, sugar, salt, spices, citric acid.",Salted snacks
"cultured pasteurized milk, sugar, apricots, mangos, tapioca starch, pectin, pure maple syrup, natural flavor. contains live active cultures s. thermophilus, l. bulgaricus, l. acidophilus and bifidus.",Dairies
"filtered water, pure cane sugar, lime juice concentrate, poteet strawberry puree and natural strawberry flavoring.",Plant-based foods and beverages
"consist of chocolate {sugar, chocolate, chocolate processed with alkali, cocoa butter, whole milk, milk fat, soy lecithin, vanillin }, corn syrup, sugar, brown sugar, condensed milk, dairy cream, cashews, peanuts, cherries {cherries, sugar, water, citric acid, sodium benzoate and potassium sorbate, sulfur dioxide, natural flavor, fd&c red #}, butter, coconut with sodium metabisulfite, palm kernel oil, molasses, whole milk, nonfat milk solids, invert sugar, almonds, white chocolate {sugar, cocoa butter, whole milk, soy lecithin, artificial flavor, salt}, sorbitol, salt, gum arabic, egg albumen, tapioca flour, honey, raisins, food starch modified, citric acid, sorbic acid, apricots with sulfur dioxide, natural and artificial flavors, soy lecithin, pecans, walnuts, spices, cocoa powder, confectioner's glaze, sodium benzoate and potassium sorbate, mono and diglycerides with citric acid, tocopherols, fd&c colors, and invertase .",Snacks
"vegetable oil, corn syrup solids, sodium caseinate, dipotassium phosphate, contains less than of monoglycerides, silicon dioxide, salt, sucralose, soy lecithin, acesulfame potassium, natural and artificial flavors.",Plant-based foods and beverages
"dark chocolate, peanut butter .",Snacks
"whole grain corn flour, vegetable oil, brown rice flour, flaxseed, cane sugar, chia seeds, corn bran, quinoa grains, maltodextrin, sriracha seasoning .",Snacks
"water, pineapple juice concentrate, ascorbic acid .",Plant-based foods and beverages
"sweetened dried cranberries, sunflower nuts, cashews, pumpkin seeds, almonds, dried apples, vegetable oil .",Snacks
"sugar, corn syrup, adipic acid, hydrogenated palm kernel & palm oil, mono & diglycerides, natural & artificial flavors, artificial colors fd&c red, yellow, yellow, blue .",Snacks
"pork, water, salt, spices and sugar.",Meats and their products
"rotisserie white meat chicken, dressing, celery, cranberries, pecans .",Meals
"pasteurized milk, cream, culture, enzymes, salt, dill.",Dairies
"potatoes, vegetable oil, salt, seasoning, disodium inosinate and disodium guanylate, safflower oil, silicon dioxide).",Snacks
"sugar, palm kernel oil and hydrogenated palm kernel oil, whole milk solids, reduced mineral whey powder nonfat dry milk solids, soya lecithin, artificial color, salt and artificial flavor.",Snacks
"todarodes squid rings, wheat flour, corn starch, modified corn starch, wheat protein, salt, black pepper, disodium dihydrogen pyrophosphate, sodium bicarbonate, guar gum, yeast, water",Frozen foods
"popping corn, palm oil, less than of salt, sucralose, tbhq and citric acid .",Snacks
"red onion, green bell pepper, red bell pepper, zucchini, grape tomato, yellow squash.",Plant-based foods and beverages
"crispy seasoned chicken natural flavors, yeast extract, salted mirin [sake, sugar, water, salt, yeast extract], soy sauce, sauce . contains egg, soy, wheat .",Frozen foods
"enriched flour, margarine, shortening (made from partially hydrogenated soybean and cottonseed oils, butter flavor, whey powder, sugar, whole eggs .",Snacks
"crushed tomatoes, jalapeno peppers, water, onions, distilled vinegar, salt, dehydrated onion, dehydrated garlic, natural flavor.",Condiments
"unbleached wheat flour, granulated sugar, whole eggs, butter, water, canola oil, all natural chocolate, yeast, dutch coco, milk powder, sea salt.",Plant-based foods and beverages
"halal beef, water, seasoning, salt, sodium lactate, mustard, sodium nitrite.",Meats and their products
"tomatoes, milk, water, contains or less of butter, sugar, basil, cornstarch, salt, spices.",Meals
"sugar, citric acid, instant tea, caramel color, natural lemon flavor with other natural flavors, artificial color .",Beverages
"mechanically separated chicken, pork hearts, pork, water, corn syrup, salt. contains or less of dextrose, cereal, beef, spices, sodium acetate, sodium diacetate, flavorings, hydrolyzed soy protein, sodium erythorbate, sodium nitrite, red #, annatto, synthetic iron oxide.",Meats and their products
"sugar, enriched wheat flour, vegetable oil, cocoa powder, nonfat dry milk, whey powder, salt, corn syrup, vital wheat gluten, sodium bicarbonate, yeast, soy lecithin, vanillin, cornstarch, confectioner's glaze, carnauba wax, artificial colors including red, blue, red, yellow and blue",Snacks
"enriched wheat flour, water, lowmoisture partskim mozzarella cheese, cooked italian sausage, tomato paste, sugar, or less of vegetable oil, wheat gluten, degerminated white corn meal, yeast, salt, degerminated yellow corn meal, datem, baking soda, spices, wheat flour, enzymes, dried garlic, ascorbic acid .",Meals
"nonfat milk, sugar, natural and artificial flavors, red, blue, carrageenan, guar gum, vitamins a palmitate and d added.",Dairies
"organic corn flour, organic rice flour.",Plant-based foods and beverages
"for ice milk fruit sticks ice cream mix, sugar, horchata flavor, vanilla and strawberry special flavor.",Desserts
"water, wheat flour, beans, vegetable oil, pasteurized process cheddar cheese blend pasteurized process cheddar cheese blend, water, soybean oil, modified potato starch, maltodextrin, sodium phosphates, salt, enzymes, lactic acid, vegetable coloring), contains or less modified food starch, salt, jalapeno peppers, cultured sugar, dough conditioners, glucono deltalactone, flavor, spices.",Frozen foods
"mango pop [water, maltodextrin, high fructose corn syrup, corn syrup, sugar, contains percent or less of the following citric acid, malic acid, locust bean gum, guar gum, ascorbic acid, natural flavor, yellow, yellow ], pineapple pop [water, maltodextrin, high fructose corn syrup, corn syrup, sugar, contains percent of the following citric acid, malic acid, locust bean gum, guar gum, ascorbic acid, natural flavor, yellow ], strawberry banana pop [water, maltodextrin, high fructose corn syrup, corn syrup, sugar, contains percent of the following citric acid, malic acid, locust bean gum, beet juice concentrate, natural flavor, guar gum, ascorbic acid, red ], island punch pop [water, maltodextrin, high fructose corn syrup, corn syrup, sugar, contains percent of the following citric acid, malic acid, locust bean gum, guar gum, red, ascorbic acid, cherry juice concentrate, natural and artificial flavor, cranberry juice concentrate].",Desserts
"skim milk, whey, sugar, corn syrup, cocoa processed with alkali, coconut oil, mono & diglycerides, guar gum, dextrose, cellulose gum, xanthan gum.",Desserts
"enriched wheat flour, thiamine mononitrate, riboflavin, folic acid), soybean oil, sesame seeds, bulgar wheat, salt, garlic powder, beet powder, turmeric .",Snacks
"whole grain rolled oats, oat flour, salt, calcium carbonate, natural and artificial flavors‡, guar gum, caramel color, aspartame, acesulfame potassium, ferric phosphate, niacinamide, pyridoxine hydrochloride, riboflavin, vitamin a palmitate, thiamine mononitrate, folic acid.",Plant-based foods and beverages
"enriched bleached flour, jalapeno jack cheese {cultured pasteurized milk, salt, red and green jalapeno peppers, enzymes}, cooked chicken {chicken breast meat, water, salt}, water, spinach, corn, red bell pepper, enriched durum flour {wheat flour, niacin, ferrous sulfate, thiamin mononitrate [vitamin b], riboflavin [vitamin b], folic acid}, black beans, poblano chiles, contains less than of seasoning {spices, salt, dehydrated onion and garlic, corn flour, citric acid, oleoresin paprika}, binder {corn starch, methyl cellulose, egg white powder, xanthan gum, guar gum}, salt, jalapeno peppers {jalapenos, water, vinegar, and salt}, garlic, spices, sugar, dried whole eggs, wheat protein, paprika, methylcellulose, cottonseed oil.",Frozen foods
"almondmilk, cane sugar, high oleic sunflower oil, pea protein, potassium citrate, salt, baking soda, sunflower lecithin, natural flavor, gellan gum",Plant-based foods and beverages
"glutionous rice, soy sauce, sugar, fish extract, water, salt, monosodium glutamate glucose, hydrolyzed vegetable protein, bonito powder, sugar, xanthan gum, disodium inosinate, disodium guanylate), caramel color, modified tapioca starch, chill.",Snacks
"distilled vinegar, water, # grade mustard seed, salt, turmeric, paprika, spices.",Condiments
"whole grain blend, enriched flour [ wheat flour, niacin, reduced iron, thiamin mononitrate, riboflavin, folic acid], canola oil, sugar, whole grain wheat flour, evaporated cane sugar, malt syrup, invert sugar, baking soda, salt, soy lecithin, disodium pyrophosphate, datem, ferric orthophosphate, niacinamide, pyridoxine hydrochloride, riboflavin, thiamin mononitrate",Snacks
"organic tomato puree, organic dried black beans, organic jalapeno peppers, organic red bell peppers, sea salt, organic sugar, organic lime juice concentrate, organic white vinegar, organic spices, organic chipotle powder, organic onion powder, organic dried garlic.",Condiments
"potatoes, vegetable oil, dextrose, maltodextrin, salt, spices, onion powder, yeast extract, natural flavor, garlic powder, citric acid, and extractives of paprika.",Snacks
"brown sugar, flake salt, ground ancho chili pepper, coriander, smoked paprika, black pepper, cumin, cayenne pepper.",Condiments
"apples, water, dextrin, apple concentrate, calcium lactate, natural flavor and ascorbic acid .",Snacks
"ice cream milkfat and nonfat milk, corn syrup, sugar, whey, contains less than of mono and diglycerides, guar gum, locust bean gum, polysorbate, carrageenan, natural and artificial flavor, annatto . coating coconut oil, sugar, cocoa and cocoa processed with alkali, whey, nonfat milk, chocolate liquor, soybean oil, soy lecithin, natural and artificial flavor.",Desserts
"organic dryroasted cashews, organic sunflower oil.",Plant-based foods and beverages
"cultured pasteurized grade a nonfat milk, sugar, fructose, modified cornstarch, bittersweet chocolate pieces, blueberry puree, kosher gelatin, nonfat milk solids, natural flavors, concentrated fruit & vegetable juice, pectin, malic acid, citric acid, guar gum, potassium sorbate, sucralose, acesulfame k, sodium citrate, calcium citrate, vitamin a palmitate and vitamin d.",Dairies
"cured with water, salt, sodium phosphate, brown sugar sodium nitrate",Meats and their products
"water, sesame oil, maple syrup, shoyu sauce, honey, canola oil, onions, lemon juice, orange juice, brown rice vinegar, garlic cloves, peppers, ginger juice, salt, hot sauce, xanthan gum, crushed red pepper, granulated garlic, red pepper flakes.",Condiments
"starbucks coffee, reducedfat milk, skim milk, sugar, maltodextrin, dextrose, taurine, cellulose gel, natural flavor, panax ginseng root extract, inositol, sodium ascorbate, guarana seed extract, cellulose gum, niacinamide, sucralose, ascorbic acid, tricalcium phosphate, pyridoxine hydrochloride, riboflavin, vitamin a palmitate, vitamin d.",Beverages
"water, spinach, sunflower oil and/or canola oil, red bell peppers, water chestnuts, whey protein concentrate and less than of the following onions, modified tapioca and corn starch, salt, sugar, vinegar, garlic powder, lactic acid, natural flavor, xanthan gum, datem, torula yeast extract, monosodium glutamate, and citric acid, contains milk ingredients",Condiments
himalayan pink salt.,Condiments
"water, malic acid, citric acid, gum arabic, sucralose, contains less than of natural and artificial flavor, acesulfame potassium, potassium citrate, sucrose acetate isobutyrate, red, potassium sorbate .",Beverages
"cranberries, sugar, sunflower oil.",Snacks
"nongmo soy sauce, cane sugar, organic honey, organic ginger, mirin, tomato paste, green onion, organic rice vinegar, organic garlic, sea salt, organic toasted sesame oil",Condiments
"flour, honey, buttermilk, sesame seeds, black sesame seeds, ground flax seeds, brown sugar, baking soda, salt, lemon juice.",Snacks
"organic unbleached wheat flour, organic sugar, organic high oleic sunflower oil organic molasses, organic ginger, sea salt, soy lecithin, organic cinnamon, baking soda, organic whole eggs.",Snacks
"water, sugar, white grape juice concentrate, kiwi juice concentrate, natural flavors, strawberry juice concentrate, citric acid, malic acid, potassium sorbate, artificial colors .",Plant-based foods and beverages
"milk, orange juice, heavy cream, sugar, non fat milk powder, dextrose, stabilizer, vanilla.",Desserts
"beef, brown sugar, huy fong sriracha sauce, soy sauce, cayenne pepper, pineapple juice.",Snacks
"potatoes, cottonseed oil, dextrose, salt, sugar, corn flour, torula yeast, onion and garlic powders, horseradish powder, tomato powder, natural coloring, spice extractives, natural smoke flavor.",Snacks
"dates, butter light, wheat, tahini, pistachio, cocoa bean, chocolate dark, hazelnut, pecans, coconut, cinnamon, spirulina, coffee beans",Snacks
"turkey, mechanically separated turkey, contains or less of salt, corn syrup solids, natural spices, dextrose, lactic acid starter culture, carrageenan, sodium erythorbate, garlic powder, sodium nitrite. in collagen casing.",Snacks
"chicken broth, chicken, onions, celery, pasta, carrots, contains or less of organic roasted chicken flavor, organic canola oil, garlic salt, parsley, thyme, yeast, acacia & xanthan gum, nisin preparation++, spices.",Meals
"filtered carbonated water, high fructose corn syrup, citric acid, potassium citrate, natural flavors, calcium disodium edta",Beverages
"sugar, water, bleached enriched wheat flour, palm oil, soybean oil, white chocolate shavings, butter, food starchmodified, cornstarch, dextrose, egg whites, nonfat milk, raspberry puree, corn syrup solids, mono and diglycerides, salt, leavening, egg yolks, propylene glycol mono and diesters of fats and fatty acids, citric acid, sodium citrate, sorbitan monostearate, polysorbate, tetrasodium pyrophosphate, soy lecithin, sodium stearoyl lactylate, natural & artificial flavors, xanthan gum, lemon puree, tapioca dextrin, sodium carboxymethylcellulose, propylene glycol, methylparaben, propylparaben, sorbic acid, sodium benzoate, agar, maltodextrin, calcium acetate, polyglycerol monostearate, potassium sorbate, guar gum, algin, soy flour, yellow, sodium propionate, blue, carrageenan, red, high fructose corn syrup, yellow, cocoa butter, glycerin, milk, carrageenan gum.",Snacks
"italian chopped tomatoes, tomato juice, salt, acidity regulator citric acid.",Plant-based foods and beverages
"filtered water, soybean oil, chardonnay wine, champagne vinegar, sugar, dijon mustard, natural flavor, mustard seed salt, garlic, onion, xanthan gum, yeast extract, rosemary extract.",Condiments
"pasteurized partskim milk, cheese cultures, salt, enzymes.",Dairies
"pasteurized milk, salt, cumin, cheese cultures, enzymes, color added. natamycin .",Dairies
extra virgin olive oil.,Plant-based foods and beverages
"ice cream mix, sugar, water, coconut flakes, artificial coconut flavor, coconut cream",Desserts
"beef, water, tapatio hot sauce, beef fajita seasoning, red bell pepper and onion blend, potassium lactate, soybean oil.",Meats and their products
"cabbage, high fructose corn syrup, mayonnaise, carrots, sugar, water, salt, vinegar, glucono delta lactone, citric acid, ascorbic acid, artificial color, potassium sorbate and sodium benzoate to protect flavor, xanthan gum.",Meals
"gherkins, water, sugar, vinegar, salt, red bell pepper, xanthan gum, alum, yellow mustard, sweet pickle, flavour, fd & c yellow #",Salted snacks
"green beans, water, salt.",Plant-based foods and beverages
"blueberry filling, organic wheat flour, organic invert cane sugar, organic evaporated cane sugar, organic expeller pressed canola oil, organic oat flour, contains less than of organic whole grain rolled oats, organic wheat bran, natural flavors, organic wheat gluten, organic honey, organic nonfat dry milk, cream of tartar, sodium bicarbonate, soy lecithin, carrageenan, sea salt, sodium selenite, thiamine hydrochloride, riboflavin, pyridoxine hydrochloride, cyanocobalamin, folic acid, niacinamide .",Snacks
"organic toasted coconut, organic cane sugar.",Snacks
"sorbitol, natural peppermint oil, menthol, calcium stearate, sucralose.",Snacks
"bonito, vegetable oil and salt.",Seafood
"enriched parboiled long grain rice, thiamine mononitrate, folic acid), salt, dried vegetables, dextrose, hydrolized soy and corn protein, tomato and garlic powders, spices, torula yeast, natural flavoring, yellow # and yellow lake #, disodium inosinate and disodium guanylate. squid, mussels, peas, carrots, french beans, pimientos, gherkins, onions, soy oil, spices and salt.",Meats and their products
"coconut pulp, coconut nectar, spices, kaffir lime powder, dried lemongrass, salt",Snacks
"quince paste sugar, fruit natural pectine and citric acid.",Snacks
"sugar, unbleached enriched flour, palm and/or canola oil, cocoa, high fructose corn syrup, cornstarch, leavening, salt, soy lecithin, artificial color, vanillin an artificial flavor, chocolate.",Snacks
"idaho potatoes, vegetable oil, corn syrup solids, salt, maltodextrin, nonfat dry milk, sugar, sodium caseinate, butter powder [ butter, nonfat milk solids, sodium caseinate and disodium phosphate], mono and diglycerides, calcium stearoyl lactylate, natural and artificial flavors, spice, sodium acid pyrophosphate, sodium bisulfite, dipotassium phosphate, artificial color, citric acid, mixed tocopherols and less than silicon dioxide added as an anticaking agent.",Plant-based foods and beverages
"unbleached red wheat flour enriched with malted barley flour niacin reduced iron thiamin mononitrate riboflaven folic acid, organic pastry flour, water, extra virgin olive oil, roasted garlic, rosemary, sea salt, yeast",Snacks
"semolina wheat flour, niacin, iron, thiamine mononitrate, riboflavin, folic acid.",Plant-based foods and beverages
"enriched flour, palm oil, tapioca starch, salt, dried carrot flake, water, sugar, contains less than of autolyzed yeast extract, beta carotene color, caramel color, citric acid, concentrated chicken stock, corn syrup, disodium guanylate, disodium inosinate, disodium succinate, dried corn, dried green onion, dried leek flake, dried red bell pepper, egg white, garlic powder, glucose, high fructose corn syrup, hydrolyzed corn protein, hydrolyzed soy protein, lactose, maltodextrin, natural and artificial flavor, onion powder, potassium carbonate, potassium chloride, powdered chicken, rendered chicken fat, rice, silicon dioxide, sodium carbonate, sodium phosphate, sodium tripolyphosphate, soybean, spice and color, succinic acid, sucralose, tbhq, vinegar, wheat, xanthan gum.",Meals
"whole grain oat flour, sugar, corn meal, wheat starch, corn syrup, brown sugar, canola oil, apple puree concentrate, salt, dicalcium phosphate, cinnamon, trisodium phosphate, vanillin, bht, vitamins and minerals calcium carbonate, zinc oxide and reduced iron, vitamin c, a b vitamin, vitamin a palmitate, vitamin b, vitamin b, vitamin b, folic acid, vitamin d, vitamin b.",Plant-based foods and beverages
"water, citric acid, natural flavor, calcium lactate pentahydrate, garcinia cambogia rind extract, purple carrot juice concentrate, potassium citrate, acesulfame potassium, sucralose, chromium polynicotinate.",Beverages
"unbleached unbromated enriched wheat flour, water, soybean oil, sugar, sea salt, yeast, salt, dill weed.",Plant-based foods and beverages
"popcorn, pure cane sugar, corn syrup, coconut oil, salt, dextrose, artificial flavor, citric acid, unidex dextrose, malic acid, partially hydrogenated soybean oil, canola oil, sunflower oil, soy lecithin, and betacarotene. color added yellow, yellow lake, red, blue, and red .",Snacks
"potatoes, vegetable oil, sugar, salt, dextrose, spices, monosodium glutamate, fructose, onion powder, yeast, tomato powder, extract of malted barley and corn, garlic powder, caramel color, natural smoke flavor, citric acid, extractives of paprika, natural flavors, modified corn starch.",Snacks
"organic sprouted almond milk, organic almond milk, organic pea protein, organic whole hemp seeds, organic unblanched almonds, organic cane sugar, organic cinnamon, organic sunflower lecithin, organic natural vanilla flavor, organic maca root, organic acacia fiber, organic nutmeg, organic cardamom, organic stevia power, bacillus coagulans gbi probiotic.",Beverages
"chocolate, candy cane, soy lecithin ).",Snacks
", pie crust flour blend, brown sugar, organic honey, soy free nongmo buttery spread [, filtered water, pure salt, sunflower lecithin, lactic acid, annatto extract], cane sugar, nutmeg, nongmo soy creamer [filtered water, whole soybean, palm oil, cane sugar, maltodextrin, soy lecithin, potassium phosphate, sodium citrate, tapioca starch, gluten free natural flavors, carrageenan], organic gluten free vanilla extract. filling coconut milk, vegan dairy free semisweet chocolate chips, organic gluten free chocolate flavoring [organic vanilla extract, organic cocoa, filtered water].",Desserts
"water, maple syrup, canola oil, apple cider vinegar, sugar, dijon mustard, wholegrain mustard, salt, lemon juice concentrate, cultured dextrose, garlic, onion, spices, xanthan gum, distilled vinegar, citric acid, ascorbic acid, mixed tocopherols .",Condiments
"sugar, enriched wheat flour, vegetable oil, cocoa powder, corn meal, skim milk, whey powder, corn bran, molasses, salt, lactose, corn syrup, powder sugar, potassium chloride, titanium dioxide, sodium bicarbonate, calcium carbonate, milk chocolate, partially defatted peanut flour, reduced mineral whey powder, distilled monoglycerides, yeast, whole milk solids, nonfat dry milk solids, yellow lake, yellow lake, blue lake, natural and artificial flavors, soy lecithin, vanillin.",Snacks
"milled corn, sugar, contains or less of salt, malt extract, corn syrup, wheat starch. vitamins & minerals vitamin b, vitamin b, niacin, vitamin b, folic acid, vitamin b, vitamin a palmitate, vitamin c, vitamin d, reduced iron.",Plant-based foods and beverages
"cucumbers, water, distilled vinegar, salt, spice oils, alum, / of sodium benzoate, calcium chloride, fd&c yellow no., polysorbate .",Salted snacks
"cabbage, water, sugar, salt and caraway seeds.",Salted snacks
"flour, sugar, margarine, whole egg, fd&c blue #, red #, yellow #, natural & artificial flavor, kernel paste ., jelly filling corn syrup, apricot puree, apple puree, sugar, water, raspberry juice, citric acid, pectin, gellan gum., chocolate sugar, soybean oil, cocoa, lecithin.",Snacks
"yellow and white corn, expeller pressed vegetable oil, maltodextrin, sea salt, citric acid, paprika, garlic powder, onion powder, lactic acid, red beet powder, white distilled vinegar, chile pepper, yeast extract, paprika oleoresin, annatto extract, black pepper, lime juice, natural flavor",Snacks
"organic corn, water, sea salt.",Plant-based foods and beverages
"enriched wheat flour, sugar, bananas, soybean and/or canola oil, eggs, walnuts, buttermilk, water, leavening, dextrose, whey, salt, natural and artificial flavor, mono and diglycerides, egg whites, sodium stearoyl lactylate, xanthan gum, cellulose gum, citric acid, soy lecithin .",Snacks
"cucumbers, water, vinegar, salt, calcium chloride, sodium benzoate, natural flavoring fd&c yellow #, blue #.",Salted snacks
"water, tomatoes, canola oil, sugar, spices, red jalapeno peppers, contains or less of garlic, ginger, salt, modified corn starch, dried onion, lemon juice concentrate, acetic acid, xanthan gum, turmeric, citric acid, paprika extract, turmeric extract .",Condiments
"water, sugar, soybean and/or palm oil, less than of sodium caseinate, natural and artificial flavors, dipotassium phosphate, sodium stearoyl lactylate, polysorbate, datem, sodium phosphate, sodium citrate, cellulose gel, cellulose gum, carrageenan, color added.",Plant-based foods and beverages
"enriched wheat flour, nestle toll house morsels, sugar, shortening, water, eggs, molasses, salt, baking soda, vanilla extract, vanillin an artificial flavor.",Plant-based foods and beverages
"organic blueberry flavored filling, organic whole oat flour, organic enriched flour, organic soybean and/or sunflower oil, organic isomaltooligosaccharides, organic whole wheat flour, organic cane sugar, organic whole rolled oats, organic glycerin, organic molasses, organic invert sugar, vitamins and minerals, leavening, organic guar gum, organic natural flavor, sodium bicarbonate, organic honey, organic soy lecithin, salt, xanthan gum. contains wheat and soy",Snacks
"pork, water, salt, vinegar, spices, sugar, dextrose, spice extractives.",Meats and their products
"rice flour, almonds, potato starch, safflower oil, sea salt, natural flavors .",Snacks
"purified water, calcium chloride, sodium bicarbonate",Beverages
"frozen diced onions, diced celery, diced red peppers, diced green peppers.",Plant-based foods and beverages
"pasteurized whole milk, cheese culture, salt, enzymes.",Dairies
"spanish rice cooked rice, tomatoes, bell peppers, tomato paste, corn, contains or less of celery, peas, modified food starch, chicken flavor broth, vinegar, flavorings including paprika, cilantro flavor, soybean oil, dehydrated onion, cilantro, yeast extract, salt. fill pork, pineapple, fire roasted tomatoes, guajillo pepper puree, water, contains or less of california pepper puree, vinegar, modified food starch, garlic crushed, salt, flavorings, sugar, guar gum, disodium inosinate & disodium guanylate.",Frozen foods
extra virgin olive oil.,Plant-based foods and beverages
"blackberries, sugar, citric acid, fruit pectin.",Plant-based foods and beverages
"turkey, water, spices, sea salt, raw sugar, paprika, granulated garlic, celery powder, onion powder, lactic acid starter culture . stuffed in a collagen casing.",Snacks
"pork, water, sodium lactate, salt, fennel, spices, red pepper, propylene glycol, bha, propyl gallate and citric acid",Meats and their products
"gherkins, water, spirit vinegar, glucosefructose syrup, dill, onions, mustard seed, salt, sugar, natural flavoring.",Salted snacks
"lobster, water, sea salt.",Seafood
"tomato puree, sugar, yellow mustard, vinegar, salt, molasses, corn starch, natural smoke flavor, garlic powder, onion powder, ground red pepper, xanthan gum, caramel color, ground mustard, spices.",Condiments
"organic dark chocolate, organic cane sugar, organic tapioca syrup, organic sugar, organic butter, organic egg whites, sea salt, and organic peppermint oil.",Snacks
"maltitol syrup, chocolate candy {maltitol, cocoa butter, chocolate, sodium caseinate, milk fat, soy lecithin, vanilla, salt, rebiana }, peanut butter (dry roasted peanuts, hydrogenated cottonseed/rapeseed oil, soy oil",Snacks
"cheddar cheese, , potato starch and powdered cellulose added to prevent caking, natamycin .",Dairies
"keta salmon, salt, brown sugar, natural hardwood smoke.",Meals
"corn syrup, sugar, water, gelatin, dextrose, citric acid, artificial flavor, colors .",Snacks
"base cheddar cheese, potato starch, corn starch, powdered cellulose, natamycin, jalapeno peppers, chili powder, cumin",Dairies
"asparagus, water, salt.",Plant-based foods and beverages
"cultured pasteurized grade a lowfat milk, sugar, nonfat milk solids and vanilla. contains active yogurt cultures including l. bulgaricus, s. thermophilus, bifidobacterium bb, l. acidophilus and l. casei.",Dairies
"organic sugar, organic unbleached wheat flour, organic whole grain rolled oats, organic palm oil, organic high oleic sunflower oil, calcium carbonate, organic raisin paste, baking soda, organic tapioca starch, organic cinnamon, natural flavors, sea salt, soy lecithin, organic vanilla extract, organic cane syrup, carrageena.",Snacks
"water, sugar, high oleic soybean oil, corn syrup solids, less than of sodium caseinate, dipotassium phosphate, datem, polysorbate, natural and artificial flavors, carrageenan, mixed tocopherols .",Plant-based foods and beverages
"unbleached enriched flour, water, parmesan cheese, contains less than . of each of the following cracked black pepper, yeast, sea salt.",Plant-based foods and beverages
"dairy product solids, chocolatey coating, skim milk, sugar, cream, corn syrup, cookie crumbs, tapioca maltodextrin, propylene glycol monostearate, cellulose gel, guar gum, natural flavor, monoglycerides, carob bean gum, cellulose gum, salt.",Desserts
"pasteurized process cheese food with chipotle seasoning, annatto color, enzymes), salad dressing, spice, xanthan gum and natural flavors), pimientos .",Dairies
"cream, milk, buttermilk, whey, corn syrup, fudge revel, high fructose corn syrup, chocolate coated peanuts, skim milk, sugar, contains or less of vanilla extract, artificial flavor, mono and diglycerides, guar gum, sodium phosphate, cellulose gel, cellulose gum, sodium citrate, polysorbate, carrageenan, annatto for color.",Desserts
"salt, monosodium glutamate, sugar, vegetable fat, corn starch, onion powder, garlic powder, artificial chicken flavor, turmeric, disodium inosinate, antioxidant, and cloves.",Condiments
"organic brown rice syrup, organic peanut butter, organic brown rice protein, organic peanut butter chips, organic puffed brown rice, organic peanuts.",Snacks
"apple puree concentrate, apple juice concentrate, citrus pectin, blueberry juice concentrate, lemon juice concentrate, natural flavor, fruit and vegetable juice for color, ascorbic acid, citric acid.",Snacks
"filtered water, cranberry juice, raspberry juice from concentrate, grape juice concentrate, cranberry juice concentrate, fructose, fumaric acid, pectin, ascorbic acid, sodium citrate, natural flavors, sucralose.",Plant-based foods and beverages
"almonds, sugar, corn syrup, whole grain oats, palm and palm kernel oil, rice starch, almond butter, rice flour, nonfat dry milk, vegetable glycerin, cocoa, fructose, salt, canola oil, soy lecithin, corn starch, honey roasted almond butter, barley malt extract, sunflower lecithin, baking soda, natural flavor.",Plant-based foods and beverages
"montamore cheese, cream cheese, mayonnaise, artichoke heart, roasted red pepper, garlic puree.",Dairies
"milk, cream, contains less than . of sodium citrate, dipotassium phosphate .",Dairies
"corn syrup, chocolate coating, whey protein isolate, coconut, polydextrose, isomaltooligosaccharide, almonds, glycerin, high oleic sunflower oil, water, natural flavor, monk fruit extract, stevia extract.",Snacks
"pork and beans, great northern beans, kidney beans, tomato sauce, less than of salt, citric acid, onion powder, garlic powder, dehydrated bell peppers, natural flavors), brown sugar, apple cider vinegar, modified food starch, bacon, white mustard, dried onion, natural hickory smoke flavor, potassium sorbate .",Plant-based foods and beverages
"boneless beef enhanced with up to of a solution of water, natural flavor, seasoning, sodium phosphate. bacon cured with water, salt, sugar, sodium phosphates, sodium erythorbate, sodium nitrite.",Meats and their products
"carbonated water, high fructose corn syrup, natural flavor, citric acid, potassium benzoate, gum acacia, ester gum, yellow, brominated vegetable oil, red .",Beverages
"whole grain organic oats, pure maple syrup, pasteurized egg whites, olive oil, brown sugar, almonds, pecans, cashews, kosher salt",Plant-based foods and beverages
"cultured pasteurized milk and cream, cheddar cheese, skim milk, natural cheese flavor, salt, locust bean and guar gums, sorbic acid, apocarotenal color.",Dairies
"chicken, breadcrumbs, water, romano cheese, sea salt, cracked fennel seed, white pepper, onion powder, parsley.",Meats and their products
"wheat flour, sugar, vegetable shortening, invert sugar, water, salt, coconut, leavening, soy lecithin, artificial flavor, mono and diglycerides, enrichment .",Snacks
enriched pasta ; cheese sauce ; seasoning blend .,Meals
"smoky cheddar corn chips with flax yellow corn masa, flax seeds, soybean oil, smoky cheddar seasoning, whey, salt, buttermilk powder, natural flavors, onion powder, citric acid, lactic acid, garlic powder). pizza corn jacks yellow corn masa, soybean oil, pizza seasoning, salt, tomato powder, sugar, garlic powder, onion powder, oleoresin paprika, less than of natural flavor, spices, yeast extract, lactic acid, citric acid). gluten free pretzels corn starch, palm oil, potato starch, sea salt, sugar, cellulose gum, soy lecithin, leavening, yeast extract. asiago flatbread chips brown rice flour, whole grain sorghum flour, potato starch, safflower oil, asiago & herb seasoning, salt, natural flavors including asiago, garlic powder, spices, parsley, citric acid, lactic acid), sugar, sesame seeds, millet, poppy seeds, salt, minced onion, garlic powder. cheddar popped chips brown rice flour, potato starch, white rice flour, whole grain yellow corn, safflower oil, cheese seasoning, dextrose, cream, skim milk powder, butter, whey, yeast extract, maltodextrin, sour cream powder, cheddar cheese, natural flavoring, onion powder, nonfat dry milk, citric acid, garlic powder, spice and coloring, sugar, gum acacia), sugar, annatto color.",Snacks
semolina and durum flour,Plant-based foods and beverages
"degermed yellow corn meal, vegetable oil, sugar, maltodextrin. contains or less of salt, sodium diacetate, natural flavor, spice, baking soda, yeast extract, paprika extract added for color, modified corn starch, garlic powder. freshness preserved by bht.",Snacks
"whole grain wheat flour, canola oil, sugar, cornstarch, malt syrup, refiner's syrup, salt, bht.",Snacks
"confectionary coating, pretzels, canola oil, fructose, sprinkles, dextrin, soy lecithin, confectioner's glaze, red lake, lake, elow lake blue lake, carnauba wax, natural and artificial flavor, red, bhet, ad ), sugar, glycerin. contains or less of maltodextrin, calcium caturie hgh fructose corn syrup, sorbitol, gelatin, salt, soy lecithin, natural andatical facr. s contains milk, soy and wheat ingredients.",Snacks
"pecans, sugar, brown sugar, honey, salt, cayenne pepper",Snacks
"glucose syrup, wheat flour, butter, sugar, palm oil, treacle syrup, canola oil, soy flour, salt, emulsifier, leavening, spice, vanilla pods, egg, acidity regulator .",Snacks
"olives, water, extra virgin olive oil, sea salt, white wine, white wine vinegar, honey, sunflower oil, herbes de provence, red pepper, citric acid.",Salted snacks
"corn syrup, sugar, gelatin, lactic acid, citric acid, sorbitol, natural and artificial flavors, pectin, fumaric acid, titanium dioxide, artificial colors .",Snacks
"soybean oil, water, distilled vinegar, sugar, dried garlic, egg yolks, roasted garlic, salt, lemon juice concentrate, spices, xanthan gum, citric acid, natural flavor.",Condiments
"sliced cucumbers, water, vinegar, salt, alum, calcium chloride, natural flavoring, sodium benzoate & potassium sorbate, oleoresin turmeric & yellow #, polysorbate .",Salted snacks
"carbonated water, himalayan salt.",Beverages
"sugars, fumaric acid, artificial flavor, artificial sweeteners, silicon dioxide, titanium dioxide, sodium citrate, class vi caramel color, artificial colors, dried strawberry pulp and ascorbic acid",Beverages
"pasteurized organic lowfat milk, organic nonfat milk, organic cane sugar, pectin, organic peach natural flavor, organic annatto extract, vitamin a palmitate, vitamin d, live and active cultures.",Dairies
"unbleached wheat flour, orange emulsion flavor, , potassium sorbate as a preservative, fd&c yellow, sugar, eggs, chocolate, , vegetable oil, , apricot jam, honey.",Snacks
"sunflower kernels, sea salt, peanut oil.",Snacks
"durum wheat semolina, water.",Plant-based foods and beverages
"distilled white vinegar, red bell pepper, ancho chili, habanero pepper, garlic, salt, onion powder, cumin, lime juice, xanthan gum.",Condiments
"chicken breast with rib meat, water, soy protein concentrate, contains less than of salt, sugar, sodium phosphate, flavoring, yeast extract, chicken fat, canola oil, soybean oil, cottonseed oil, corn syrup solids, citric acid, dehydrated lemon juice, dehydrated chicken broth, gelatin . battered and breaded with bleached wheat flour, water, wheat flour, dextrose, natural flavors, modified food starch, salt, contains or less of yellow corn flour, wheat gluten, yeast extract, leavening, paprika extract, sugar, yeast, whey, corn starch, spice extractive, soy flour, breading set in vegetable oil.",Frozen foods
"water, soybean oil, distilled vinegar, egg yolks, modified food starch, sugar, whey protein isolate, salt, greek yogurt powder, natural flavors, xanthan gum, gellan gum, potassium sorbate, beta carotene, mixed tocopherols, calcium disodium edta .",Condiments
"sugar, corn syrup, modified food starch, contains or less of the following apple juice concentrate, cherry juice concentrate, strawberry puree, citric acid, fumaric acid, lactic acid, sodium lactate, sodium citrate, natural and artificial flavors, color added, red lake, yellow lake, yellow, red, beeswax, carnauba wax, confectioner's glaze.",Snacks
"feta p.d.o, extra virgin olive oil, herbs",Dairies
"sugar, water, bleached enriched wheat flour, vegetable oil, cocoa, eggs, food starchmodified, cornstarch, corn syrup, nonfat milk, leavening, mono and diglycerides, salt, corn syrup solids, whey, egg whites, dextrose, soy lecithin, guar gum, potassium sorbate [preservative], wheat starch, polysorbate, polyglycerol esters of fatty acids, natural & artificial flavors, glycerin, sodium carboxymethylcellulose, calcium sulfate, sodium stearoyl lactylate, wheat protein, calcium stearoyllactylate, datem, methylcellulose, gum arabic, xanthan gum, yellow .",Snacks
"cracker coated peanuts, seasoning, vegetable oil .",Snacks
"water, sugar, corn cider and distilled vinegar, soybean oil, modified corn starch, bacon, salt, onion, spices, natural flavor, xanthan gum, molasses, corn syrup, caramel color, garlic, tamarind, calcium disodium edta added to protect flavor",Condiments
"high fructose corn syrup, water, corn syrup, vinegar, modified corn starch, salt, pineapple juice concentrate, dehydrated red bell pepper, extractives of paprika, sodium benzoate as a preservative, citric acid.",Condiments
"chickpeas, hass avocado, red onion, serrano pepper, sea salt, natural roasted garlic flavor, lime juice concentrate, garlic, cilantro, natural flavor.",Condiments
"imported italian san marzano style tomato, fresh carrots, tomato paste, extra virgin olive oil, onions, garlic, salt & spices.",Condiments
"tuna albacore tuna, water, vegetable broth, salt, pyrophosphate. crackers enriched wheat flour, vegetable oil, sugar, malt extract, contains or less of leavening, salt. reduced calorie mayonnaise water, soybean oil, modified cornstarch, egg, sugar, salt, citric acid, acetic acid, sodium benzoate, potassium sorbate, onion powder, xanthan gum, mustard oleoresin, vitamin e, garlic powder, edta, betacarotene . sweet relish pickles, high fructose corn syrup, distilled white vinegar, natural and artificial flavorings, xanthan gum, sodium benzoate, oleoresin turmeric, fd&c yellow # and blue #, polysorbate . mint sugar, glucose syrup, mint essence, menthol, fd&c blue # and yellow #.",Snacks
"organic peanut butter, organic tapioca sprouted brown rice protein, organic glycerin, organic dark chocolate coating, organic pea protein, organic date, organic sunflower lecithin, pgx, organic peanuts, organic sprouted buckwheat, organic inulin, peanut extract, organic vanilla extract, sea salt, organic stevia extract, organic lycii berry extract, organic orange flavor.",Snacks
"alaska pollock, water, modified food starch, sugar, salt, sorbitol, sweet rice wine, natural and artificial flavor, monosodium glutamate, sodium tripolyphosphate, tetrasodium pyrophosphate, sodium pyrophosphate, color added, fd&c red #.",Seafood
"canola or soybean oil, cucumbers, distilled vinegar, cane sugar, egg yolk, white wine, carrots, onion, spices, sea salt, natural flavor, lemon juice concentrate, xanthan gum, natural vitamin e added to protect flavor.",Condiments
"sugar, rolled oats, peanut butter, margarine, milk, water, cocoa, corn syrup, natural and artificial flavor.",Snacks
"orange peel, invert sugar, citric acid.",Snacks
"lowfat milk, vitamin a palmitate, vitamin d.",Dairies
"water, organic cannellini beans.",Plant-based foods and beverages
"milk chocolate, sugar cornstarch, less than corn syrup, dextrose, coloring (includes blue lake, red lake, yellow, yellow, red, blue, blue",Snacks
"corn syrup, sugar, modified food starch, malic acid, sodium citrate, artificial flavor, coconut oil, carnauba wax, red .",Snacks
"wheat noodles, water, onions, carrots, roasted peanuts, celery, scallions, baby corn, garlic, ginger, water chestnuts, natural flavors, sunflower oil, mushroom sauce, hoisin sauce, vinegar, sugar, toasted sesame oil, black bean sauce, chilies, sichuan pepper.",Meals
"hass avocado, salt, natural flavours, dehydrated garlic, dehydrated onion, lime juice powder, black pepper, red bell pepper, sugar, malic acid, citric acid.",Condiments
"organic corn, expeller pressed canola oil and/or safflower oil and/or sunflower oil, sea salt.",Snacks
"pasteurized pure carbonated apple juice from u.s. grown fresh apples, vitamin c. no water or alcohol, no concentrates, no sweeteners or chemical preservatives. natural sediment may occur.",Plant-based foods and beverages
"corn flour, rice flour, quinoa flour, mono and diglycerides.",Plant-based foods and beverages
"cooked enriched macaroni product, water, cooked seasoned natural chicken breast strips with rib meat, half and half, asiago cheese, less than of dried red and green bell peppers, grated cheese blend, cheese flavor, romano cheese blend, modified food starch, green onion, salt, spices, yeast extract, canola oil, granulated garlic, parsley, granulated onion, disodium phosphate, xanthan gum.",Frozen foods
"water, diced apples, thick cut oats, apple juice concentrate, sugar, sweetened dried cranberries, lactic acid, natural flavor, ascorbic acid, citric acid, salt.",Plant-based foods and beverages
"pork, mechanically separated turkey, water, pasteurized process cheddar cheese, water, cream, sodium phosphates, salt, sorbic acid, vegetable color ), corn syrup, contains or less of the following beef, salt, modified corn starch, oat fiber, corn maltodextrin, spices, paprika, dehydrated garlic, dehydrated onion, roasted garlic powder, sunflower oil, natural flavor, dextrose, potassium chloride, sodium phosphates, sodium erythorbate, sodium nitrite.",Meats and their products
"water, tomato puree, kidney beans, seasoned cooked beef and pork crumble, green peppers, red peppers, modified food starch, spices, soy protein concentrate, dehydrated onions, salt, sugar, dehydrated garlic, paprika, caramel color.",Plant-based foods and beverages
"grade a pasteurized cultured low fat milk, hydrolyzed whole grain oats, sugar, oranges, milk protein concentrate, inulin fiber, natural flavors, corn starch, pineapple juice concentrate, oat bran, lemon juice concentrate, potassium sorbate, stevia leaf extract, natamycin, vitamin a palmitate, vitamin d. contains live and active cultures s. thermophilus, l. bulgaricus, l. acidophilus, b. lactis, l. casei.",Dairies
"sorbitol, gum base, glycerol, natural and artificial flavors; less than of hydrogenated starch hydrolysate, aspartame, mannitol, acesulfame k, soy lecithin, colors, bht .",Snacks
"invert sugar, whole grain wheat flour, sugar, unbleached enriched flour, strawberry puree, corn syrup, vegetable oil, apple powder, modified cornstarch, modified tapioca starch, citric acid, pectin, salt, natural flavor, baking soda, soy lecithin, sodium citrate, sodium benzoate added to preserve freshness, caramel color, artificial color, artificial flavor.",Snacks
"yogurt flavored covered peanuts, yogurt flavored powder {cultured whey and nonfat milk}, soy lecithin, salt, vanilla powder], peanuts, gum arabic, corn syrup, sugar, confectioners glaze), yogurt flavored covered raisins, yogurt flavored powder, soy lecithin, salt, vanilla powder], raisins, gum arabic, corn syrup, sugar, confectioners glaze), milk chocolate covered raisins, milk chocolate covered peanuts ], peanuts [ peanuts, cottonseed oil, peanut oil], sugar, corn syrup, gum arabic, confectioner's glaze), raisins, peanuts .",Snacks
"organic cane sugar, all purpose gluten free flour blend, butter, cage free eggs, baking soda, vanilla extract, cream of tartar, ground cinnamon, kosher salt, ground cinnamon, kosher salt, ground nutmeg.",Desserts
"cornmeal, canola and/or sunflower oil, whey powder, cheddar cheese, high oleic sunflower oil, buttermilk powder, contains two percent or less of salt, disodium phosphate, lactic acid, yellow, yellow .",Snacks
"cooked rice, chicken leg meat, broccoli florets, sugar, water, distilled white vinegar, cornstarch, vegetable blend, water, soy sauce, soybean oil, water chestnuts, shallots, whole wheat flour, liquid whole egg, modified cornstarch, soy sauce concentrate, salt, garlic powder, onion powder, garlic, ginger, green onion, orange peel, white pepper, cayenne pepper. contains egg, soy, wheat .",Frozen foods
"salt, cornflour, caramel",Condiments
"dark chocolate, sugar, chocolate liquor cocoa butter, milk fat, soy lecithin, vanillin natural flavors & corn syrup, evaporated milk, sugar, heavy cream, whole milk, palm kernel oil, salt, nonfat milk, butter, hydrogenated palm kernel oil, cocoa processed with alkali, cocoa, soy lecithin, natural and artificial flavor, partially hydrogenated palm oil, sea salt.",Snacks
"enriched wheat flour [flour, reduced iron, niacin, thiamin mononitrate, riboflavin, folic acid], water, sea salt, cultured wheat starch, organic white vinegar, enriched wheat farina [farina, reduced iron, niacin, thiamin mononitrate, riboflavin, folic acid], yeast, citric acid",Plant-based foods and beverages
"pasteurized cultured milk & cream, sugar, bleached wheat flour, eggs, liquid & partially hydrogenated & hydrogenated soybean oil and/or cottonseed oil, graham flour, modified cornstarch, nonfat milk, salt, molasses, sodium phosphate, natural & artificial flavors, modified tapioca starch, guar gum, carrageenan, dextrose, sodium bicarbonate, honey, carob bean gum, malted barley flour, xanthan gum, vegetable mono & diglycerides, soy lecithin, sodium alginate, glycerol, potassium sorbate, sodium benzoate, maltodextrin, citric acid, calcium disodium edta, beta carotene, vitamin a palmitate, niacin, iron, thiamine mononitrate, riboflavin, folic acid, enzyme.",Desserts
"corn, vegetable oil, maltodextrin, salt, tomato powder, corn starch, lactose, whey, skim milk, corn syrup solids, onion powder, sugar, garlic powder, monosodium glutamate, cheddar cheese, dextrose, malic acid, buttermilk, natural and artificial flavors, sodium acetate, artificial color, sodium caseinate, spice, citric acid, disodium inosinate, and disodium guanylate. contains milk ingredients.b",Snacks
"sugar, water, partially hydrogenated soybean and/or cottonseed oil, sodium caseinate, and less than of propylene glycol, dipotassium phosphate, artificial flavor, polysorbate, sodium stearoyl lactylate, color added.",Plant-based foods and beverages
"organic tomatoes, organic onions, organic tomato puree, organic apple cider vinegar, organic lemon juice, organic black beans, organic mango, organic garlic, organic jalapenos, organic parsley, himalayan pink salt, organic black pepper",Condiments
"nonfat milk, sugar, bleached wheat flour, corn syrup, fractionated palm kernel oil, coconut oil, dry roasted peanuts, cream, corn syrup solids, whey, high fructose corn syrup, cocoa powder, chocolate processed with alkali, molasses, milk, salt, cocoa, less than of palm oil, soy lecithin, soybean oil, natural and artificial flavor, mono and diglycerides, caramel color, modified tapioca starch, cocoa powder processed with alkali, locust bean gum, guar gum, lactic acid, vitamin a palmitate, carrageenan.",Desserts
"sugar, corn syrup, potato starch, contains or less of the following artificial flavor, yellow, red .",Snacks
"grade a pasteurized milk, fruit puree, cane sugar, honey, kosher gelatin, pectin, live active cultures .",Dairies
"milk, mascarpone, cane sugar, cream, caramel, salted pistachios, dried skim milk, organic soy lecithin, guar gum, salt, xanthan gum.",Desserts
"cooked pinto beans, water, salt, garlic powder, onion powder, chili powder and natural flavor and calcium disodium edta.",Plant-based foods and beverages
"water, peaches, unbleached wheat flour, high fructose corn syrup, vegetable shortening, food starchmodified, modified tapioca starch, contains less than of each of the following arabic gum, citric acid, egg yolk, locust bean gum, natural and artificial flavors, pectin, potassium sorbate, salt, soy lecithin, sugar, whole eggs .",Snacks
"salt, garlic, basil, tomato, green bell pepper, soybean oil, parsley",Condiments
"enriched durum flour, water, ricotta cheese, bread crumbs, soybean oil, salt, natural flavors, dried whole eggs, romano cheese .",Plant-based foods and beverages
"carbonated water, cane sugar, caramel color, natural flavors, quillaja extract, phosphoric acid.",Beverages
"kalamata olives, water, red wine vinegar, sea salt, concentrated grape juice.",Salted snacks
"milkfat and nonfat milk, sugar, corn syrup, chocolate chips [powdered sugar, coconut oil, cocoa processed with alkali, milkfat, soy lecithin, natural flavor], high fructose corn syrup, sweet cream buttermilk, whey, contains less than mono and diglycerides, guar gum, locust bean gum, calcium sulfate, polysorbate, carrageenan, dextrose, artificial flavor, caramel color, annatto .",Desserts
"cultured milk, salt, enzymes, annatto, potato starch, natamycin .",Dairies
"cured with water, honey, fructose, contains or less of salt sugar, sodium lactate, potassium lactate, sodium phosphate, sodium diacetate, sodium erythorbate, sodium nitrite.",Meats and their products
"pork, water, seasoning, sodium phosphate, sodium erythorbate & sodium nitrite.",Meats and their products
"tomato juice from concentrate, brown sugar, high fructose corn syrup, corn syrup, distilled vinegar, water, salt, natural flavors including smoke, mustard bran, tomato fiber, onion powder, spice, citric acid.",Condiments
"broccoli, corn, cauliflower, red peppers.",Plant-based foods and beverages
"michigan blueberries, sugar, fruit pectin, organic lemon juice, lavender.may include seeds or pits.",Plant-based foods and beverages
"rolled whole grain oats rolled whole grain wheat, rolled whole grain rye, raisins, hazelnuts, almonds, grated coconut, linseed, contains or less cornflakes, sunflower seeds",Plant-based foods and beverages
"enriched flour, cane sugar, salt, tapioca malt syrup, poppy seeds, dehydrated garlic, dehydrated onions, spice, soda",Snacks
"jalapeno peppers, water, onions, carrots, vinegar, iodized salt, spices and soybean oil",Salted snacks
"sugar, corn syrup, cornstarch, modified cornstarch, natural and artificial flavors, artificial colors including .",Snacks
"enriched wheat flour, water, sugar, palm oil, dextrose, soybean oil, nonfat milk, glycerin, egg yolks, soy flour, corn syrup solids, leavening, cornstarch, wheat starch, salt, soy lecithin, cinnamon, mono and diglycerides, polysorbate, xanthan gum, natural & artificial flavor, potassium sorbate, sodium carboxymethylcellulose, guar gum, beta carotene, vegetable color .",Snacks
"red, green jalapeno peppers, yellow chili pepper, water, vinegar, salt.",Salted snacks
"enriched bleached wheat flour, maltitol, margarine, eggs, sorbitol, food starch modified, contains or less of leavening, salt, cinnamon, whey, soy lecithin, corn starch, soybean oil.",Snacks
"stock, tomatoes, black beans, butternut squash, onions, bell peppers, garlic cloves, liquid aminos, jalapeno, ancho powder chili powder, yeast, chipotle powder, cumin.",Meals
"water, vinegar, mustard seed, sugar, cider vinegar, honey, brown sugar, salt, spices, turmeric, citric acid, paprika.",Condiments
"water, barley malt, corn syrup, dextrose, yeast, hops and hop extract",Beverages
"carbonated water, sugar, caramel color, phosphoric acid, natural flavor, caffeine.",Beverages
"beans, water, sugar, tomato paste, corn syrup, salt, paprika, spice, caramel coloring, natural flavorings and garlic powder.",Plant-based foods and beverages
"sugar, gluten free flour blend, cocoa powder, baking powder, baking soda, natural vanilla flavor powder, salt",Snacks
"unbleached enriched flour, canola oil, palm oil, sugar, dehydrated vegetable blend, high fructose corn syrup, salt, wheat gluten, leavening, garlic powder, onion powder, tomato powder, soy lecithin, spice, lactic acid",Snacks
"tomatoes, jalapeno peppers, cilantro, onions, garlic, vinegar, carrots, salt, paprika extract, sesame oil, and spices.",Condiments
"reduced fat milk, fat free milk, vitamin a palmitate, vitamin d.",Dairies
"protein blend, fructose, sugar, cocoa, water, fractionated palm kernel and palm oil, high oleic sunflower oil, glycerine, contains less than of nonfat milk, soy lecithin, natural flavor, whey protein concentrate, salt, whey, maltodextrin, butterfat. vitamins and minerals calcium phosphate, calcium carbonate, ascorbic acid, alphatocopherol acetate, ferric orthophosphate, niacinamide, zinc oxide, copper gluconate, calcium pantothenate, manganese sulfate, vitamin a acetate, pyridoxine hydrochloride, riboflavin, thiamine mononitrate, chromium chloride, folic acid, biotin, potassium iodide, sodium molybdate, sodium selenite, phytonadione, cholecalciferol, cyanocobalamin.",Snacks
"corn syrup, sugar, gelatin, sorbitol, lactic acid, citric acid, fumaric acid, white grape juice from concentrate, natural and artificial flavors, colored with .",Snacks
"vegetables and sauce skim milk, snap peas, carrots, water, yellow carrots, peas, red peppers, butter, corn starch, soybean oil, sea salt, celery, onions, mushroom juice concentrate, spices, dried onions, salt. cooked ravioli butternut squash ravioli .",Plant-based foods and beverages
"white grape juice concentrate, blackberries, water, fruit pectin, citric acid, calcium.",Plant-based foods and beverages
"milk, cream, sugar, corn syrup, butter, brown sugar, caramel sauce, sea salt, nonfat dry milk, vegetable stabilizer.",Desserts
"enriched durum flour, ricotta cheese, water, spinach, parmesan cheese, egg, low moisture part skim mozzarella cheese, bleached wheat flour, onion, salt, garlic powder, spice.",Plant-based foods and beverages
"seasoned white rice [water, rice, sugar, cider vinegar, canola oil, pretzel m salt, cream base ], imitation crab meat [water, surimi, wheat starch, modified tapioca starch, sugar, salt, palm oil, crab extract, crab flavor, color, calcium carbonate], cucumber, avocado, mayonnaise, sesame seeds, seaweed, l cysteine hydrochloride, calcium chloride, calcium carbonate, citric acid, malic acid, tartaric acid.",Meals
"enriched wheat flour [flour, malted barley flour, reduced iron, niacin, thiamin mononitrate, riboflavin, folic acid], water, sugar, yeast, soybean oil, sesame seeds, salt, wheat gluten, calcium propionate, datem, monoglycerides, corn flour, monocalcium phosphate, calcium sulfate, spice & coloring, citric acid, grain vinegar, potassium iodate, soy lecithin .",Plant-based foods and beverages
"carbonated water, high fructose corn syrup, citric acid, potassium benzoate, potassium citrate, gum acacia, natural flavor, ester gum, acesulfame potassium aspartame, yellow, brominated vegetable oil, red .",Beverages
"reduced fat milk, vitamin a palmitate and vitamin d added.",Dairies
"whole wheat flour, water, sugar, wheat gluten, yeast, contains or less of the following soybean oil, salt, molasses, monoglycerides, sodium stearoyl lactylate, calcium sulfate, ammonium sulfate, calcium propionate, monocalcium phosphate, ascorbic acid, enzymes, soy lecithin, contains wheat, soy",Plant-based foods and beverages
"dark chocolate {maltitol, chocolate, cocoa butter, milk fat, soy lecithin, rebiana, vanilla, salt}.",Snacks
"organic acai juice, organic cane sugar, organic pomegranate juice, citric acid, natural flavors",Plant-based foods and beverages
"enriched flour, sugar, dextrose, soybean and palm oil, corn syrup, whey, cracker meal, high fructose corn syrup, cocoa, contains two percent or less of cornstarch, cocoa, salt, calcium carbonate, leavening, modified corn starch, mono and diglycerides, sodium stearoyl lactylate, gelatin, egg whites, datem, soybean oil, xanthan gum, caramel color, soy lecithin, color added, vanilla extract, vitamin a palmitate, niacinamide, reduced iron, vitamin b, vitamin b, vitamin b .",Snacks
"napa cabbage, green onion, sea vegetable, chili pepper, sea salt, sesame seeds, garlic, ginger.",Plant-based foods and beverages
"cultured fat free buttermilk, water, soybean oil, salt, lemon juice from concentrate, sugar, garlic powder, vinegar, food starchmodified, onion powder, eggs, cultured dextrose, xanthan gum, guar gum, maltodextrin, desert salt, buttermilk flavor, spices, parsley flakes, autolyzed yeast extract, corn syrup solids.",Condiments
"almond base calcium carbonate, sea salt, sunflower lecithin, locust bean gum, gellan gum, dlatocopheryl acetate, zinc gluconate, vitamin a palmitate, ergocalciferol, riboflavin, cyanocobalamin . contains almonds",Plant-based foods and beverages
"tomatoes, crushed tomatoes, fresh onions, chilies, fresh green bell pepper, jalapenos, fresh garlic, organic vinegar, organic sugar, sea salt, fresh cilantro, and cumin.",Condiments
nutrition fact about servings per contai serving amount per serving calories total fat saturated fat g trans fat delly velu polyunsaturated fat g monounsaturated fat g cholesterol omg sodium mg total carbohydrate g dietary fiber total sugars includes g added sugars protein calcium mg vit. d mcg potas. mg,Plant-based foods and beverages
roasted cashews and sea salt,Plant-based foods and beverages
"enriched wheat flour, sugar, shortening, nestle toll house morsels, pink and red colored morsels, water, or less of corn syrup solids, eggs, molasses, salt, baking soda, sodium aluminum phosphate, natural flavor, vanilla extract.",Plant-based foods and beverages
"contains carbonated water, orange juice from concentrate, citric acid, natural orange extract, aspartame, potassium benzoate, calcium disodium edta .",Plant-based foods and beverages
"rice pasta, organic lowfat milk, organic broccoli, white cheddar cheese, organic rice flour, filtered water, butter, organic sweet rice flour, organic tapioca starch, organic potatoes, organic extra virgin olive oil, sea salt, organic agave syrup, organic high oleic safflower and/or sunflower oil, yeast, organic potato flour, organic annatto, organic rice bran extract",Frozen foods
"organic cider vinegar, filtered water, organic soybean oil, organic romano cheese, organic honey, organic garlic puree, salt, organic white vinegar, organic lemon juice concentrate, natural anchovy flavor, organic garlic, organic black pepper and xanthan gum",Condiments
"bread wheat flour, sultana, sugar, vegetable margarine, butter, eggyolks, eggs, candied citron peels, candied orange peels, natural yeast, skimmed milk powder, honey, soya lecithin, emulsifier mono and diglycerides of fatty acids, flavourings, preservative potassium sorbate.",Snacks
"carbonated water, citric acid, potassium citrate, natural flavor, aspartame, potassium benzoate, acesulfame potassium, malic acid.",Beverages
"strained yogurt grade a pasteurized skimmed milk, live active yogurt cultures . strawberrygoji fruit preparation strawberries, cane sugar, water, gojiberry juice concentrate, corn starch, contains or less of natural flavors, lemon juice concentrate, xanthan gum.",Dairies
"pasteurized partskim milk, cheese culture, salt and enzymes.",Dairies
"salad }, monterey jack cheese {pasteurized milk, cheese culture, salt, enzymes, potato starch and powdered cellulose, natamycin }], bacon bits [bacon cured with water, salt, sugar, sodium erythorbate and/or sodium ascorbate {as preservatives}, sodium nitrite {as a preservative}, may contain natural smoke flavoring, sodium phosphate {to enhance texture}], carrot, grape tomatoes), avocado ranch .",Salted snacks
"milk chocolate, toasted coconut, natural coconut cream extract .",Snacks
"semolina, durum flour, egg yolk, niacin, ferrous sulfate, thiamin mononitrate, riboflavin, folic acid, wheat, eggs .",Plant-based foods and beverages
"sugar, potato starch, cocoa powder, sodium acid pyrophosphate, baking soda, salt, cellulose gum, vanilla.",Snacks
"water, spinach, dairy blend, artichoke hearts, red bell pepper, coconut oil, water chestnuts, onion, natural cream flavor, natural sour cream flavor, natural parmesan cheese flavor, natural flavor, lactic acid.",Condiments
"what's in it? organic dates, organic almonds, organic dried mango, organic unsweetened coconut shreds, organic chia seeds, sea salt.",Snacks
"carbonated water, caramel color, aspartame, phosphoric acid, potassium benzoate, caffeine, citric acid, natural flavor, acesulfame potassium. phenylketonurics contains phenylalanine caffeine content mg/ fl oz.",Beverages
"corn syrup, sugar, water, gelatin, citric acid, natural and artificial flavors, pectin, vegetable oil and carnauba wax, yellow, red, yellow, blue .",Snacks
"whole grain rolled oats, dried fruit, blueberries, crisp brown rice, dried cane syrup, milled chia seeds, brown rice, brown rice syrup, oat fiber, maltodextrin honey, expeller pressed canola oil, natural flavor, salt, soy lecithin, vitamin c, and vitamin e .",Snacks
"peanuts, sugar, maltose, salt.",Snacks
"water, concentrated apple, pear and grape juices, citric acid, ascorbic acid, natural fruit punch flavor.",Plant-based foods and beverages
"whole wheat flour, water, sugar, yeast, vital wheat gluten, contains or less of each of the following wheat bran, crushed wheat, raisin juice concentrate, molasses, vegetable oil, salt, distilled vinegar, dough conditioners, calcium propionate, calcium sulfate, enzymes, nonfat dry milk, soy flour .",Plant-based foods and beverages
"cultured milk, salt, enzymes, annatto, potato starch and cellulose powder, natamycin .",Dairies
"soybean oil, egg yolks, water, sugar, vinegar, lime juice, iodized salt, spices.",Condiments
"sea salt, spices, dehydrated garlic and onion, dehydrated red bell pepper, natural hickory smoke flavor, cumin oil, and calcium silicate added to prevent caking.",Condiments
"whole corn, soybean or sunflower oil, buttermilk flavor blend, dried onion and garlic, citric acid, sodium caseinate, parsley flakes, tomato powder, disodium inosinate and guanylate. silicon dioxide added to prevent caking.",Snacks
"water, cooked ham and water product of weight added ingredients ground and formed natural hickory smoke flavor added, whole wheat flour, enriched flour, reduced fat cheddar cheese, seasoning, margarine, or less of sugar, modified food starch, whey, nonfat milk, fractionated palm oil, dough conditioner blend, egg yolks, yeast, salt, methylcellulose, soy flour, egg white .",Frozen foods
"rolled oats, sugar, corn syrup, vegetable oil, strawberry flavored cranberries [cranberries, sugar, natural flavors, citric acid, sunflower oil, elderberry juice concentrate ], corn starch, oat flour, almonds, natural flavors.",Plant-based foods and beverages
"honey dew melon is a whole fruit, there are no other ingredients. note spellingdew not dude. there is no honey in it.",Plant-based foods and beverages
"tomatoes, tomato juice, less than of salt, calcium chloride, citric acid.",Plant-based foods and beverages
"water, soybean oil, high fructose corn syrup, salt, contains less than distilled vinegar, modified food starch, phosphoric acid, food starch, phosphoric acid, natural flavor, egg yolks, xanthan gum, color added, buttermilk, monosodium glutamate, disodium phosphate onion, garlic, spice, potassium sorbate as a preservative, disodium inosinate & guanylate, calcium disodium edta to protect flavor",Condiments
"unbleached high gluten flour, unsalted butter, sugar, natural flavor, dried whole eggs, salt, water, corn starch., frosting sugar, corn starch, water, natural vanilla, natural food coloring, sugar crystals.",Snacks
"pasteurized milk, cream, mushrooms, natural flavor, salt, microbial rennet, bacterial cultures, penicillium camemberti",Dairies
"tomato paste, worchestershire sauce, vinegar, lemon juice, soybean oil, spices, salt, liquid smoke, / of sodium benzoate as a preservative.",Condiments
"organic chicken, organic onions, organic sweet potatoes, organic chicken stock, organic carrots, organic red bell peppers, organic lemon juice, organic olive oil, organic tapioca flour, organic garlic, organic cumin, organic turmeric, organic ginger, sea salt.",Frozen foods
"non gmo popcorn, sunflower oil, demerara cane sugar, sea salt.",Snacks
"cheese blend, cheddar cheese [ milk, cheese cultures, salt, enzymes, annatto ], provolone cheese [ milk, cheese cultures, salt, enzymes]). tomatoes . enriched flour, water, contains or less of yeast, palm oil, vegetable oil, sugar, salt, modified food starch, spice, sea salt, maltodextrin, dried garlic, hydrolyzed soy and corn protein, paprika, dried onion, dough conditioners . natural flavor, soy lecithin .",Frozen foods
"water, tapioca starch, pea starch, white rice flour, sugar, whole egg powder, inulin, sunflower and/or canola oil, sodium bicarbonate, cellulose, mono calcium phosphate, pea fibre, cream of tartar, sodium acid pyrophosphate, yeast, salt, xanthan gum, mono and diglycerides",Plant-based foods and beverages
"corn meal, vegetable oil, sugar, dextrose, natural and artificial flavors, and blue .",Snacks
"sugar, dextrose, hydrogenated palm kernel oil, reduced protein whey, cocoa, corn syrup, carob tapioca dextrin, lecithin, natural and artificial flavors, salt, carnauba wax, colors .",Snacks
"premium northwest tart cherries, sugar",Plant-based foods and beverages
"beef and pork, chicken, water, textured soy protein concentrate, egg whites, contains or less of the following romano cheese, ricotta cheese, parmesan cheese, dehydrated onions, natural flavors, eggs, bread crumbs, dried cane syrup, soy protein concentrate, corn syrup solids, salt, textured soy flour, nonfat dry milk, isolated oat product, sodium phosphate.",Meats and their products
"frozen almond mix water, sugar, maltodextrin, almonds, expeller safflower oil, brown sugar, potato starch, cellulose gel, sunflower lecithin, guar gum, locust bean gum, sea salt, caramel, natural flavoring, phosphoric acid, cellulose gum. roasted pecans pecans, cottonseed or highly refined peanut oil.",Desserts
"skim milk, dark cherries, sulfites ), sugar, cream, whey protein concentrate, cultured dairy solids, corn syrup, contains or less of mono and diglycerides, carob bean gum, pectin, carrageenan, yogurt culture .",Dairies
"enriched wheat flour, water, corn syrup, yeast, bicarbonates and carbonates of soda.",Frozen foods
"water, high oleic soybean oil, corn syrup, less than of maltodextrin, sodium caseinate, dipotassium phosphate, datem, carrageenan, natural and artificial flavor, polysorbate, sucralose, acesulfame potassium, mixed tocopherols .",Plant-based foods and beverages
"beef and pork, water, bread crumbs, textured soy flour, seasoning, soy protein concentrate, salt.",Meats and their products
"yogurt [pasteurized milk, cream, milk protein concentrate, whey protein concentrate, live active yogurt cultures, vitamin a palmitate, vitamin d., vanilla bean flavoring [sugar, water, modified corn starch, natural flavors, vanilla bean seeds, lemon juice concentrate, annatto, pectin). contains milk . keep refrigerated. contains live & active cultures. please recycle gluten ⓡ grade a ud c tota sa tra chole sodium total c dietar total incl protein vitamin d calcium iron omg potassium vitamin a m kabe (v",Dairies
"almonds, peanut oil, salt.",Snacks
"tomatillo, chicken broth, jalapeno peppers, tomato, jalapeno peppers, serrano peppers, salt, garlic powder, xanthan and guar gum.",Condiments
"organic popcorn, organic palm oil, salt.",Snacks
"lightly smoked brisling sardines, water, salt",Seafood
"parmesan cheese, powdered cellulose added to prevent caking, potassium sorbate to protect flavor.",Dairies
"cooked brown rice, carrots, expeller pressed canola oil, spinach, zucchini, water chestnuts, brown rice flour, daikon radish, bean sprouts, gochujang sauce [cayenne pepper puree, red miso paste, cane sugar, cane sugar molasses, natural flavor, soy sauce, fermented rice wine, rice vinegar, spice, cornstarch], shiitake mushrooms, sesame oil, potato flakes, scallion, roasted garlic, arrowroot powder, sea salt, black pepper.",Plant-based foods and beverages
organic coconut water.,Plant-based foods and beverages
"coconut, cane sugar, organic cocoa powder, salt. contains coconut",Plant-based foods and beverages
"sugar, enriched bleached flour, vegitable shorening, nonfat milk, corn syrup, egg yolks, whey, high fructose corn syrup, orange puree, eggs, contains or less of each of the following corn starch, dextrose, modified corn starch, soy protien, soy lecithin, glycerine, leavening, salt, polysorbaie, natural and artificial flavors, liquid sucrose, xanthan gum, monoand diglycerides, sorbitan monostearate, distilled monoglycerides, butter, monoglycerides, calcium sulfate, propylene glycol, nutmeg, fd&c yellow # aluminum lake, agar, lactic acid, preserved with sodium propionate, sorbic acid and benzoic acid.",Snacks
"pasteurized milk, cheese cultures, salt, enzymes, annatto .",Dairies
"capers, water, vinegar, salt.",Plant-based foods and beverages
"glucose syrup, sugar, gelatin, dextrose, contains less than of citric acid, malic acid, tartaric acid, caramel color, corn starch, artificial and natural flavors, palm kernel oil, carnauba wax, white beeswax, yellow beeswax, yellow, red, blue .",Snacks
"olives, water, white cheddar cheese, , lactic acid), salt, lactic acid, sodium benzoate",Plant-based foods and beverages
"water, high fructose corn syrup, citric acid, pear juice concentrate, natural flavor, phosphate acid, potassium citrate, sodium hexametaphosphate, potassium benzoate, gum arabic, potassium sorbate, red, acesulfame potassium, xanthan gum, glycerol ester of rosin, calcium disodium edta, sucralose, blue .",Plant-based foods and beverages
"chopped tomatoes, tomato paste, extra virgin olive oil, salt, basil.",Condiments
"pasteurized cultured milk and cream, onion, garlic, poppy seeds, carob bean and/or guar gums, salt, pepper, sea salt, caraway seeds, natural flavor, sorbic acid .",Dairies
"alaska pollock, water, corn starch, sugar, sorbitol, contains or less of natural and artificial flavor, refined fish oil, rice wine, egg whites, modified tapioca starch, sea salt, potassium chloride, disodium inosinate, sodium pyrophosphate, soy lecithin, titanium dioxide, carmine, canthaxanthin .",Seafood
"rice crisps, sugar, vegetable oil, nonfat milk, cocoa, contains or less of natural and artificial flavors, milk, soy lecithin, salt, cocoa processed with alkali, sea salt, wheat starch, soy protein isolate .",Snacks
"water, cooked black beans, cooked brown rice, onions, vegetable oil, whole kernel corn, soy protein concentrate, onion powder, wheat gluten, egg whites, tomatoes, bulgur wheat, green chiles, calcium caseinate, cornstarch. contains or less of tomato juice, spices, tomato powder, salt, garlic powder, natural flavor, soy sauce powder, jalapeno peppers, gum arabic, cooked onion and carrot juice concentrate, citric acid, xanthan gum.",Plant-based foods and beverages
"sugar, malic acid, instant tea, calcium silicate, natural and artificial flavor, ascorbic acid, red .",Beverages
"flour, sugar, brown sugar, margarine, shortening, , pecans, graham crackers, evaporated milk, chocolate chips, strawberry spread, , figs, pineapple, , salt, vanilla, lemon emulsion, cherries, cloves, cinnamon, baking soda, baking powder .",Snacks
"organic unsweetened coconut, organic coconut syrup, organic coconut oil, organic vanilla extract, organic ground ginger, organic ground cinnamon, organic ground allspice, himalayan pink salt, organic ground cloves, organic ground nutmeg.",Snacks
"topping farm raised shrimp, salt, onion, green onion, sugar, garlic, vinegar, tapioca starch, dijon mustard, pepper, hydroxypropyl methylcellulose and soy bean oil. bread wheat flour, corn starch, palm oil, sugar, salt, yeast, baking powder .",Frozen foods
"enriched wheat flour [contains niacin, reduced iron, thiamine mononitrate, riboflavin, folic acid], water, onions, yeast, contains less than of each of the following sugar, salt, calcium propionate .",Plant-based foods and beverages
"enriched flour, water, salt, malt, cane sugar, canola oil, yeast, soda.",Snacks
"sugar, distilled vinegar brown sugar, water, mustard seed, mustard flour, honey, sesame oil, apple cider vinegar, salt, white wine, sesame seeds, garlic.",Condiments
"pasturized cow milk, salt, rennet, hickory smoke",Dairies
"unbleached enriched flour, water, high fructose corn syrup, contains or less of yeast, salt, soybean oil, wheat gluten, dough conditioners, soy flour, yeast food, monocalcium phosphate, calcium sulfate, soy lecithin, calcium propionate",Plant-based foods and beverages
"roasted peanuts, cane sugar, sea salt.",Plant-based foods and beverages
"hass avocados, jalapeno puree, water, dehydrated onion, jalapeno powder, dehydrated red bell pepper, vinegar, salt, granulated garlic.",Plant-based foods and beverages
milk chocolate shoe white chocolate decorations .,Snacks
"unbleached enriched flour [ wheat flour, niacin, reduced iron, thiamin mononitrate, riboflavin, folic acid], palm oil, sugar, high fructose corn syrup, corn starch, contains or less of each of the following salt, natural flavor, water, soy lecithin .",Snacks
"topping low moisture partskim mozzarella, water, pepperoni, tomato paste, soybean oil, spices, less than of extra virgin olive oil, sugar, garlic, onion, salt, modified food starch. bread enriched flour, water, contains less than of palm oil, wheat gluten, salt, yeast, sugar, soy flour, malted barley flour, corn syrup solids, dextrose, oat fiber, sodium stearoyl lactylate, monoglycerides, sodium alginate, enzymes, xanthan gum, ascorbic acid, corn meal.",Meals
"cashews, almonds, brazils, walnuts, pecans, filberts, vegetable oil sea salt.",Snacks
"organic wheat flour, organic canola oil, sea salt.",Snacks
"organic flour, water, yeast, olive oil, garlic, sea salt, brown sugar, sodium hydroxide.",Snacks
"organic thompson raisins, organic sunflower oil.",Snacks
organic extra virgin olive oil.,Plant-based foods and beverages
"corn flour, rice flour, vegetable palm oil.",Plant-based foods and beverages
"fried out pork fat with attached skin, salt.",Snacks
"fresh tomato, whole peeled tomato onion, green onion, vinegar, canola oil, spices. sodium benzoate .",Condiments
"cane sugar, tangerine peel, mandarin juice, pumpkin puree, fruit pectin, premium spices.",Plant-based foods and beverages
"popcorn, sunflower oil, cane sugar, sea salt.",Snacks
"chicken raised with no antibiotics, spinach, asiago cheese, water, artichokes, seasonings, sea salt, celery powder, paprika, vinegar, rosemary extract, natural pork casing.",Meats and their products
"made from enriched wheat flour, caramel bits, fructose, palm and/or soybean and hydrogenated soybean oil, sugar, brown sugar, apples, butter, oats, corn syrup solids, contains or less of cornstarch, eggs, natural flavor, baking soda, salt, cinnamon, ammonium bicarbonate, monocalcium phosphate, nonfat milk, annatto extract for color, citric acid, invert sugar.contains wheat, milk, soy, eggs .",Snacks
"buttermilk solids, dehydrated onion, salt, dextrose, dehydrated parsley, garlic powder, monosodium glutamate, and natural flavorings.",Condiments
"sugar, corn syrup, water, gelatin, citric acid, corn starch, lactic acid, sodium lactate, titanium dioxide, artificial flavors, artificial colors .",Snacks
"limed corn flour, palm oil, salt",Plant-based foods and beverages
"turkey, salt, contains or less of natural flavors, dextrose, lactic acid starter culture, oleoresin of paprika, dehydrated granulated garlic, sodium nitrite, bha, bht, citric acid",Meats and their products
"unbleached enriched flour, canola oil, palm oil, sugar, salt, leavening, high fructose corn syrup, soy lecithin, natural flavor",Snacks
"cultured pasteurized grade a milk & cream, condensed skim milk, honey, whey protein concentrate, pectin and natural flavors. contains live and active yogurt & probiotic cultures .",Dairies
"skim milk, cooked egg noodles, water, cooked tuna, soybean oil, cream, peas, breadcrumbs, celery, or less of mushrooms, bleached wheat flour, modified cornstarch, salt, potassium chloride, yeast extract, dried tuna extract, seasoning, tapioca maltodextrin, spice, lactic acid, calcium lactate, turmeric.",Frozen foods
"unbleached enriched wheat flour, water, yeast, brown sugar, contains or less of the following wheat gluten, cultured wheat flour, salt, ascorbic acid, distilled white vinegar, expeller pressed canola oil, soy lecithin",Plant-based foods and beverages
"corn syrup, sugar, modified cornstarch, dextrose, natural and artificial flavors, yellow, red .",Snacks
"almondmilk, evaporated cane syrup, tricalcium phosphate, sea salt, gellan gum, dipotassium phosphate, xanthan gum, sunflower lecithin, vitamin a palmitate, vitamin d, dalphatocopherol acetate .",Plant-based foods and beverages
"cooked brown rice, cooked braised prime rib beef steak strips and modified corn starch product caramel color added, carrots, water, edamamesoybeans, mushrooms bell peppers, soy sauce, brown sugar, rice wine vinegar, pear puree, or less of apple juice concentrate, garlic, modified cornstarch, sesame seeds, worcestershire sauce, gochujang hot pepper paste (chill, sugar, miso [water, soybeans, cultured rice, sea salt, salt, sunflower oil, vinegar, extractives of paprika&red pepper spices. contains wheat, sesame, soy .",Frozen foods
"corn syrup, milk chocolate, salt), sugar, corn starchmodified, artificial flavor, red #.",Snacks
"whole wheat flour, water, high fructose corn syrup, wheat gluten, yeast, soybean oil, salt, monoglycerides, calcium propionate, datem, calcium sulfate, wheat bran, soy lecithin, citric acid, potassium iodate, grain vinegar, ethoxylated mono and diglycerides.",Plant-based foods and beverages
"unbleached enriched flour, unsalted butter, water, sugar, salt.",Snacks
"tomato sauce, brown sugar, vinegar, spice, garlic salt, liquid smoke flavor, bourbon, onion powder, lime juice, lemon juice, salt, habanero peppers, monosodium glutamate",Condiments
"whole grain rolled oats, sugar, dehydrated apples, cinnamon, salt, calcium carbonate, natural flavors, citric acid, guar gum, ferric phosphate, niacinamide, pyridoxine hydrochloride, riboflavin, vitamin a palmitate, thiamin mononitrate, folic acid.",Snacks
"cream cheese, caramel, graham crackers, sugar, eggs, sour cream, margarine, brown sugar, cornstarch, salt, vanilla, water, concentrated orange juice, lemon juice, natural flavor, cinnamon, soy lecithin .",Snacks
"pumpkin seed, salt, squash seeds are dry roasted and salted.",Snacks
"unbleached enriched flour, water, high fructose corn syrup, yeast, contains or less of each of the following wheat gluten, salt, vegetable oil, dough conditioners, soy flour, calcium sulfate, ammonium sulfate, ascorbic acid, monocalcium phosphate, calcium carbonate, sorbic acid, soy lecithin, calcium propionate, if seeded sesame seeds added, if yellow contains turmeric, paprika and corn flour.",Plant-based foods and beverages
"cultured pasteurized grade a nonfat milk, cherries, fructose, modified cornstarch, kosher gelatin, natural flavors, citric acid, aspartame, malic acid, potassium sorbate, red and blue . contains active yogurt cultures including l. bulgaricus, s. thermophilus, bifidobacterium bb, l. acidophilus and l. casei.",Dairies
"prepared black beans, water, sriracha chili sauce, xanthan gum, spice, smoked paprika).",Plant-based foods and beverages
"pork, sugar, soy sauce, water, hoisin sauce, salt, sodium phosphate, grain alcohol, sodium nitrite, fd&c red #, fd&c yellow #, fd&c yellow #.",Meats and their products
"potatoes, vegetable oil, salt.",Snacks
"pears, water, corn syrup, sugar.",Plant-based foods and beverages
"semolina, durum flour, niacin, ferrous sulfate, thiamin mononitrate, riboflavin, folic acid.",Plant-based foods and beverages
"roasted peanuts, coconut, organic agave, unsweetened dark chocolate, sea salt.",Plant-based foods and beverages
"pecans, honey powder, vegetable oil, sugar, maltodextrin, xanthan gum, salt.",Condiments
enriched long grain parboiled milled rice and wild rice.,Plant-based foods and beverages
"protein blend, allulose, soluble corn fiber, palm kernel oil, water, erythritol, cocoa processed with alkali, sodium caseinate, unsweetened chocolate, contains less than of the following sea salt, natural flavors, lecithin, sucralose, butter, palm oil, carrageenan.",Snacks
"turkey breast, water, white turkey, modified food starch, salt, dextrose, contains or less of sodium lactate, sodium nitrite, sodium phosphate, sodium diacetate, sodium erythorbate.",Meats and their products
"carbonated water, sugar, citric acid, natural & artificial flavors, fd & c red #, gum acacia & saib, sodium benzoate, ascorbic acid .",Beverages
"almond base, tapioca starch, natural vanilla flavor with other natural flavors, soy lecithin, tricalcium phosphate, carrageenan, sea salt, gellan gum, vitamin a palmitate, vitamin e, vitamin d, vitamin b.",Plant-based foods and beverages
"celery, water.",Plant-based foods and beverages
"potato starch, squid, octopus, sugar, salt, vegetable oil, soy sauce, sweet sake, fermented seasoning, red pepper, dextrin, bonito extract, hydrolyzed protein, crab extract powder, tapioka starch, monosodium glutamate, acesulfame potassium",Snacks
"sugar, glucose syrup, citric acid, artificial flavor, artificial color .",Snacks
"water, soybean oil, vinegar, sugar, egg yolks, salt, contains less than whey, buttermilk, phosphoric acid, natural flavor, monosodium glutamate, modified food starch, dried onions, xanthan gum, dried garlic, spices, polysorbate, potassium sorbate and calcium disodium edta .",Condiments
"unsweetened chocolate, sugar, cocoa butter, milk fat, soy lecithin, vanilla extract.",Snacks
"water, short grain brown rice, red rice, black rice, canola and/or sunflower oil, salt, soy lecithin .",Meals
"peaches, water, corn syrup, sugar.",Plant-based foods and beverages
"fried pork skins, salt, maltodextrin, citric acid, monosodium glutamate, natural flavor, malic acid, sodium diacetate, sunflower oil, cayenne pepper sauce, artificial color, and sugar.",Snacks
"semolina, durum flour, niacin, iron, thiamin mononitrate, riboflavin, folic acid. contains wheat ingredients and is manufactured in a facility that uses eggs.",Plant-based foods and beverages
"enriched flour, palm oil and/or interesterified soybean oil, sugar, high fructose corn syrup, malted barley flour, contains or less of the following salt, whey, monocalcium phosphate, ammonium bicarbonate, baking soda, soy lecithin, protease enzyme.",Snacks
"corn syrup solids, vegetable oil, mono and diglycerides, dipotassium phosphate, sodium caseinate, contains less than of silicon dioxide, artificial colors, sodium stearoyl lactylate, natural and artificial flavors.",Plant-based foods and beverages
"pasteurized partskim milk, cheese culture, salt, enzymes, vitamin a palmitate",Dairies
"made from pasteurized whole milk, skim milk, culture, vinegar and salt.",Dairies
"corn syrup, sugar, gelatin, water, sorbitol, citric acid, lactic acid, sodium lactate, artificial flavors, beeswax, carnauba wax, palm and coconut oil, colors .",Snacks
"water, unbleached enriched wheat flour [flour, barley malt, niacin, iron thiamin mononitrate, riboflavin, folic acid ], sugar, soy fiber, wheat gluten, yeast, contains or less of the following lactic acid, phosphoric acid and acetic acid, salt, calcium propionate, fumaric acid, dough conditioners, yeast nutrients, sesame seeds, wheat starch, soy lecithin .",Plant-based foods and beverages
"carbonated water, contains or less of fruit and vegetable juice, beta carotene, natural flavors, caffeine from natural sources, green tea extract, retinol, niacinamide, calcium pantothenate, cholecalciferol, biotin, cyanocobalamin, pyridoxine hydrochloride, sucralose, citric acid, gum arabic, ester gum, calcium disodium edta, potassium benzoate",Beverages
"tilapia, vegetable oil, modified corn starch, rice flour, water, contains or less of roasted garlic, soy lecithin, salt, natural flavor, spices, green onion, disodium guanylate, disodium inosinate, sugar, maltodextrin.",Seafood
"sugar, food starch modified, cocoa, disodium phosphate, contains or less of the following semisweet chocolate, tetrasodium pyrophosphate, salt, artificial flavor, calcium sulfate, monoand diglycerides, cottonseed oil, red, yellow, blue, tbhq and citric acid to preserve freshness.",Desserts
"dressing soybean oil, water, parmesan cheese, corn vinegar, sugar, salt, natural flavors, anchovy paste, spices, egg yolk, distilled vinegar, dehydrated garlic, citric acid, lemon juice concentrate, extractive or rice, xanthan gum, dehydrated onion, croutions enriched wheat flour, canola oil and/or sunflower oil, parsley, pam oil, garlic, salt, yeast, sugar, oat fiber, natural olive oil flavor, rosemary extract, shaved cheese parmesan cheese ( milk",Condiments
"wheat flour, water, whole grain flours, sea salt, yeast, sourdough culture, malted barley flour .",Plant-based foods and beverages
"water, soybean oil, vinegar, sugar, salt, contains less than of food starchmodified, dried whey, spices, xanthan gum, dried garlic, phosphoric acid, lactic acid, polysorbate, sorbic acid and calcium disodium edta as preservatives, natural flavor.",Condiments
"sugar, enriched flour, palm oil, cocoa, contains or less of soy lecithin, salt, artificial flavor, sodium bicarbonate, red, yellow, yellow, red, blue .",Snacks
"mangos, water, clarified pineapple juice concentrate, passion fruit juice, natural flavor, citric acid, calcium chloride.",Plant-based foods and beverages
"part skim mozzarella cheese, bleached wheat flour, water, soybean oil, corn flour. contains less than of the following annatto color, caramel color, dextrose, dried eggs, dried whey, leavening, milk protein concentrate, modified corn starch, paprika, salt, sodium alginate, soy flour, sugar, yeast.",Frozen foods
"beans, salt, sugar, ground cumin, celery salt, black pepper, corn oil, white pepper, paprika, dill seed and other spices",Meals
"parboiled long grain rice enriched with ferric phosphate, niacin, thiamine mononitrate, folic acid .",Plant-based foods and beverages
"crust wheat flour, water, olive oil, salt, yeast, malted flour. toppings tomato sauce, low moisture mozzarella cheese, cooked italian sausage, uncured pepperoni with no nitrate or nitrate added, roasted red peppers, roasted yellow peppers, roasted green peppers, roasted onions, romano cheese parmesan cheese parsley",Frozen foods
"organic wheat flour, organic dehydrate cane juice, organic canola oil and/or organic sunflower oil and/or organic palm oil, organic invert sugar, sea sat, baking soda, soy lecithin, organic vanilla extract.",Snacks
organic durum whole wheat flour.,Plant-based foods and beverages
"cultured skim milk, cream, food starchmodified, guar gum, sodium phosphate, carrageenan, sodium citrate, locust bean gum, potassium sorbate .",Dairies
"potatoes, vegetable oil, dill pickle seasoning",Plant-based foods and beverages
"granola, corn syrup, semisweet chocolate chips, whole grain brown rice flour, sugar, corn syrup solids, glycerin, dried coconut, palm oil, invert sugar, less than of calcium carbonate, molasses, soy lecithin, natural and artificial flavors, salt, caramel color, citric acid, prune juice concentrate, mixed tocopherols .",Snacks
"water, apple juice concentrate, white wine vinegar, merlot grape juice, extra virgin olive oil, distilled vinegar, raspberry juice concentrate, xanthan gum, garlic, salt, natural flavor citric acid, flaxseed oil, spice, erythritol, red radish concentrate .",Condiments
"eggplant, , tomatoes, celery, onions, sunflower oil, sugar, olives, wine vinegar, olive oil, capers and salt",Salted snacks
"chicken broth, cooked meatballs, carrots, pasta shells, corn starch, onion, kale, sea salt, carrot puree, chicken fat, chicken flavor, onion powder, cane sugar, garlic powder, fennel seed powder, black pepper, carrot juice concentrate, turmeric, onion juice concentrate, celery puree, thyme, onion puree, tomato paste, carrot powder, potato flour, rosemary extract, expellerpressed canola oil, black pepper oil.organic ingredients",Meals
"cereal, corn syrup, fructose, vegetable oil, chocolatey flavored chips, sugar, corn syrup solids, contains or less of marshmallow bits, glycerin, dextrose, gelatin, salt, datem, acetylated monoglycerides, bht for freshness, niacinamide, vitamin b, cellulose, vitamin b, vitamin b, soy lecithin .",Snacks
"unbleached enriched wheat flour, water, sugar, wheat gluten, yeast, cracked wheat, sunflower seeds, whole wheat flour, contains or less of the following soybean and/ or canola oil, salt, molasses, sesame seeds, millet, flax seed, rye flakes, parboiled brown rice, steel cut oats, barley flakes, triticale, ground flax seed, buckwheat flour, dough conditioners, calcium propionate, soy lecithin, vinegar, ammonium sulfate.",Plant-based foods and beverages
"glucose syrup, sugar, sodium ascorbate, citric acid, ascorbic acid, natural flavor, red, soy lecithin .",Snacks
"purified water, pink himalayan rock salt",Beverages
"cheese manicotti, water, green beans, tomatoes, carrots, seasoned cooked beef crumbles, tomato paste, less than of onions, sugar, garlic, canola oil, burgundy wine, grated cheese blend, granulated garlic, tomato powder, salt, tomato paste flavor, spices, toasted onion powder, modified food starch.",Frozen foods
"protein blend, natural and artificial flavor, lecithin, cellulose gum, xanthan gum, salt, sucralose, acesulfame potassium, lactase.",Beverages
"crust, sauce, low moisture mozzarella cheese, cooked italian sausage, pepperoni, bha, bht with citric acid added to help protect flavor, fully cooked seasoned beef philly steaks, sliced beef, caramel color added, torula yeast, corn syrup solids, caramel color, tomato powder, onion powder, garlic powder, spice, citric acid, lemon juice powder ], hydrolyzed soy protein, sodium phosphates. glazed with water, salt, brown sugar, dextrose, torula yeast, corn syrup, hydrolyzed corn protein, hydrolyzed soy protein, caramel color, tomato powder, onion powder, spice, hydrolyzed wheat protein, citric acid, natural flavor), bacon topping, smoke flavor added, contains or less of gruyere cheese, asiago cheese, powdered cellulose, fontina cheese, dried oregano, dried basil.",Meals
"hazelnut cranberry roast filtered water, vital wheat gluten, expeller pressed safflower oil, cranberries, crystallized ginger, toasted hazelnuts, naturally flavored yeast extract, barley malt, whole wheat flour, non sulphured dried apples, granulated garlic, onion powder, yellow pea flour, organic ginger juice, toasted sesame oil, lemon juice sea salt, spices, irish moss extract, red wine, tomato paste, black pepper, natural hickory smoke flavor with torula yeast, garlic, rubbed sage, rosemary, paprika, yukon gold potatoes and natural liquid smoke. puff pastry enriched unbleached wheat flour, water, organic expeller pressed palm oil and sea salt.",Plant-based foods and beverages
"purified water, contains less than of natural flavor, citric acid, sodium citrate, sucralose, sodium hexametaphosphate, potassium sorbate and sodium benzoate to protect flavor",Beverages
"organic chickpeas, organic olive oil, salt, organic cayenne pepper, organic chili powder, organic garlic powder.",Snacks
"cucumbers, water, vinegar, salt, calcium chloride, sodium benzoate, alum, natural flavors, polysorbate, yellow .",Salted snacks
"vegetable oil, water, balsamic vinegar, distilled vinegar, sugar, salt, contains less than garlic, spice, onion, red bell pepper, xanthan gum, paprika, calcium disodium edta to protect flavor.",Condiments
"pistachios, sea salt",Plant-based foods and beverages
"whole grain rice, rice, sugar, canola and/or sunflower oil, cocoa processed with alkali, salt, molasses, natural flavor. vitamin e added to preserve freshness. vitamins and minerals calcium carbonate, iron and zinc, vitamin c, a b vitamin, vitamin b₂, vitamin b, vitamin b₁, vitamin a, a b vitamin, vitamin b, vitamin d. contains bioengineered food ingredients",Plant-based foods and beverages
"water, sugar, enriched unbleached flour, palm oil, margarine, modified food starch, sugared egg yolks, lemon puree, salt, dextrose, sodium citrate, flavor, yellow #and #, calcium propionate .",Snacks
"whole wheat flour, water, wheat gluten, sugar, soybean oil, sea salt, wheat bran, wheat starch, yeast, preservatives, monoglycerides, datem, monocalcium phosphate, salt, grain vinegar, calcium sulfate, potassium iodate, soy lecithin .",Plant-based foods and beverages
"water, high fructose corn syrup, citric acid, potassium sorbate, sodium benzoate, sodium citrate, natural and artificial flavors, sucralose, acesulfame potassium, and fd&c blue .",Beverages
"rice crisps, sugar, vegetable oil, nonfat milk, cocoa, contains or less of natural and artificial flavors, milk, soy lecithin, salt, cocoa processed with alkali, sea salt, wheat starch, soy protein isolate .",Snacks
"dark sweet chocolate [sugar, chocolate, cocoa butter, skim milk, milkfat, soya lecithin, vanillin ], vegetable oil, sugar, chocolate, cocoa butter, milk, soya lecithin, barley malt powder, artificial flavors.",Snacks
"cooked tricolor rotini, milanese vinaigrette, roma tomato, artichoke hearts, provolone cheese, pepperoni, olives, peppers.",Meals
"milk chocolate [sugar, cocoa butter, dry whole milk, chocolate, nonfat dry milk, soy lecithin, natural vanilla flavoring], filling [sugar, vegetable fat, nonfat dry milk, whey, yoghurt powder, citric acid, soy lecithin ], lime with yerba mate filling [glucose fructose syrup from wheat, glucose syrup from wheat, apple puree, lime juice from concentrate, sorbitol syrup, natural flavors, citric acid, tartaric acid, yerba mate extract, copper complexes of chlorophylls and chlorophyllins for color].",Snacks
"milkfat and nonfat milk, high fructose corn syrup, blue frosting variegate [sugar, water, high fructose corn syrup, corn starch modified, titanium dioxide, natural and artificial flavors, salt, potassium sorbate, blue ], corn syrup, sprinkles [sugar, cornstarch, partially hydrogenated vegetable oil, soy lecithin, dextrin, confectioner's glaze, red lake, yellow lake, natural and artificial flavor, carnauba wax, yellow lake, blue lake, red, red ], sugar, buttermilk, whey, contains less than of natural and artificial flavor, guar gum, mono and diglycerides, xanthan gum, polysorbate, cellulose gum, carrageenan, wafers bleached wheat flour, sugar, palm oil, contains or less of corn starch modified, salt, high fructose corn syrup, baking soda, natural flavor, soy lecithin .",Desserts
"milled corn, sugar, corn syrup, contains or less of molasses, salt, vegetable oil, annatto color, bht for freshness, wheat starch. vitamins and minerals vitamin c, niacinamide, reduced iron, zinc oxide, vitamin b, vitamin b, vitamin b, vitamin a palmitate, folic acid, vitamin b, vitamin d.",Plant-based foods and beverages
"enriched wheat flour, sugar, water, palm oil, contains or less of dextrose, soybean oil, soy flour, wheat starch, artificial flavor, beta carotene, cellulose gum, egg yolks, modified food starch, leavening, mono and diglycerides, nonfat milk, salt, sodium diacetate, sour cream solids, soy lecithin, whey, corn starch, calcium carbonate, calcium sulfate, agar, locust bean gum, sodium phosphate, palm oil with lecithin, wheat flour, guar gum, xanthan gum, cellulose gum, enzymes, rice starch, natural flavor, cinnamon.",Snacks
"pasteurized milk, cheese cultures, enzymes, salt.",Dairies
"peppers, distilled vinegar, soybean oil, water, salt, calcium chloride and sodium benzoate .",Salted snacks
"pasteurized milk, cheese cultures, salt, enzymes, annatto .",Dairies
"fresh banana peppers, water, vinegar, salt, malic and lactic acid, calcium chloride, sodium benzoate and sodium metabisulfite, yellow .",Salted snacks
"gluten free flour blend, semisweet chocolate chips, brown sugar, cane sugar, baking soda, non gmo aluminum free baking powder, salt, xanthan gum, natural vanilla.",Snacks
"rice meal, edible vegetable oil, corn meal, gram meal, sugar, salt, tomato powder, spices & condiments, beetroot powder, citric acid . contains added flavours used as natural flavouring agent.",Plant-based foods and beverages
"milk, sugar syrup, corn syrup, roasted pecans, cream, skim milk, buttermilk, high fructose corn syrup, whey protein concentrate, brown sugar, propylene glycol monoesters, salt, guar gum, mono and diglycerides, cellulose gel, locust bean gum, cellulose gum, molasses, carrageenan, natural flavor and artificial flavor, caramel color, vitamin a palmitate.",Desserts
"potatoes, vegetable oil, corn syrup solids, sugar, salt, torula yeast, molasses powder, onion powder, spice and coloring, yeast extract, spice, garlic powder, tomato powder, and natural flavoring.",Snacks
"pork back ribs, bbq sauce, sugar, water, cane juice molasses, honey, bourbon, salt, modified food starch, spices, red pepper, apple essence, black pepper, natural smoke flavor, xanthan gum, potassium sorbate, sodium benzoate.) bbq seasoning",Meals
"organic tapioca syrup, organic cane sugar, organic tapioca syrup solids, organic white grape juice concentrate, pectin, citric acid, sodium citrate, ascorbic acid, natural flavors, organic sunflower oil, black carrot juice concentrate, organic carnauba wax.",Snacks
"california olives, water, salt and ferrous gluconate .",Plant-based foods and beverages
"enriched wheat flour, malted barley flour, sugar, almonds, eggs, butter, aluminum free baking powder, natural vanilla flavor.",Snacks
"carbonated water, sugar, fruit juices from concentrate, citric acid, malic acid, acidity regulator, preservative, fruit and vegetable concentrates, stabilisers, sweetener, antioxidant, natural flavourings.",Beverages
organic hard amber durum wheat.,Plant-based foods and beverages
"water, soybean oil, white wine and distilled vinegars, corn syrup solids, egg yolk, high fructose corn syrup, whey protein concentrate, salt, spices, modified cornstarch, parmesan cheese, extra virgin olive oil, garlic, onion, lactic acid, potassium sorbate and sodium benzoate added as preservatives, xanthan gum, lemon juice concentrate, molasses, corn syrup, caramel color, calcium disodium edta added to protect flavor, anchovies, tamarind, natural flavor.",Condiments
"dales, egg whites, almonds, cashews, chocolate, coconut, natural flavors, sea salt",Snacks
"tomatoes, dehydrated onions, dehydrated garlic, spices, natural flavorings, sweet bell pepper.",Plant-based foods and beverages
"cultured nonfat milk, nonfat milk, contains less than salt, food starch modified, artificial color, citric acid, guar gum, mono and diglycerides, carrageenan, locust bean gum, polysorbate, potassium sorbate, natural and artificial flavor, vitamin a palmitate, enzymes.",Dairies
"rice, sugar, contains or less of salt, malt flavor, vitamins and minerals iron, niacinamide, vitamin b, vitamin b, vitamin b, folic acid, vitamin d, vitamin b,",Plant-based foods and beverages
"soybean oil, water, corn syrup, distilled vinegar, egg yolks, modified corn starch, horseradish, salt, natural flavoring, potassium sorbate, xanthan gum, calcium disodium edta added to protect flavor.",Condiments
"enriched long grain parboiled rice, black beans, sea salt, onion, potato, enriched bleached wheat flour, soy sauce, red & green bell pepper, yeast extract, spices, garlic, dextrose, torula yeast, caramel color, salt, vinegar, and natural and artificial flavor .",Meals
"nongmo popcorn, nongmo canola oil, caramel seasoning, sea salt, sweet cream, butter powder ), sea salt.",Snacks
"coconut fat, palm kernel fat, sugar, wheat flour, whey powder, glucose syrup, skim milk powder, natural vanilla flavor, soy lecithin, sodium bicarbonate, salt, bourbon vanilla extract.",Snacks
"tomatoes, tomato juice, less than of calcium chloride, citric acid.",Plant-based foods and beverages
"grade a pasteurized skim milk, cane sugar, black raspberries, modified corn starch, natural flavors, citric acid, vegetable juice, live and active cultures",Dairies
"manzanilla olives, water, minced pimiento, capers, salt and lactic acid.",Salted snacks
"greek nonfat yogurt cultured pasteurized grade a nonfat milk, active yogurt cultures s. thermophilus, l. bulgaricus, l. acidophilus, bifidus, l. casei. fruit on the bottom water, strawberries, sugar, fructose, food starch modified, natural flavors, carrageenan, black carrot juice, carmine, potassium sorbate, sodium citrate, malic acid, vitamin d. whole grain granola nine whole grains, sugar, canola oil, natural flavor, salt, honey.",Dairies
"skim milk, sugar, sweet cream buttermilk, corn syrup, cultured skim milk, cream, whey, contains less than of mono and diglycerides, natural and artificial flavor, guar gum, tapioca starchmodified, calcium sulfate, carob bean gum, carrageenan, annatto, live active yogurt cultures including l. acidophilus and bifidobacterium.",Desserts
"unbleached enriched flour, semisweet chocolate chips, high fructose corn syrup, palm oil, sugar, cornstarch, molasses, leavening, salt, calcium phosphate, soy lecithin, caramel color, artificial flavor, natural flavor.",Snacks
"milk chocolate, crisped rice .",Snacks
"halkidiki green olives, water, pickled garlic, sea salt, citric acid .",Plant-based foods and beverages
"sugar, enriched wheat flour, eggs, icing sugar, water, canola oil, cream cheese, margarine, modified corn starch, glycerin, white chocolatey coating, baking powder, egg whites, salt, lemon juice concentrate, cellulose gum, lemon oil, natural flavor, annatto extract, citric acid.",Snacks
"skim milk, cream, green apple ripple, corn syrup, high fructose corn syrup, sugar, whey, green apple flavor, contains or less of mono and diglycerides, guar gum, calcium sulfate, locust bean gum, carrageenan.",Desserts
"cashewmilk, cane sugar, contains or less of almond butter, vitamin and mineral blend, cocoa, sea salt, natural flavor, sunflower lecithin, locust bean gum, gellan gum, ascorbic acid.",Plant-based foods and beverages
"water, distilled vinegar, high fructose corn syrup, salt, garlic, modified corn starch, extra virgin olive oil, onion, spices, red bell pepper, sundried tomato, citric acid, xanthan gum, potassium sorbate and sodium benzoate, extractives of paprika, natural flavor, and sulfiting agents.",Condiments
"sugar, water, raspberries, blueberries, blackberries, contains less than of fruit pectin, citric acid.",Plant-based foods and beverages
"beef, mechanically separated chicken, water, brown sugar, salt. contains or less of hydrolyzed soy protein, dextrose, natural smoke flavor, soy sauce, spices, flavorings, sodium erythorbate, sodium nitrite.",Snacks
"water, citric acid, natural flavors, tea powder, phosphoric acid, potassium sorbate, potassium citrate, sodium benzoate, acesulfame potassium, aspartame, sucralose, calcium disodium edta, pyridoxine hydrochloride, cyanocobalamin",Beverages
"sugar, tapioca syrup, modified food starch, contains or less of the following peach puree concentrate, raspberry puree, strawberry juice concentrate, apple juice concentrate, cherry juice concentrate, watermelon juice concentrate, lime juice concentrate, blueberry puree, lemon puree, orange puree, dark chocolate, vanillin), citric acid, fumaric acid, lactic acid, ascorbic acid, sodium citrate, sodium lactate, natural and artificial flavors, cocoa powder, color added, red lake, red, yellow, yellow & lake, blue & lake, blue, turmeric, vegetable and fruit juice, confectioner's glaze, beeswax, carnauba wax, tapioca dextrin, salt.",Snacks
"olives, water, sea salt, and ferrous gluconate .",Salted snacks
"carbonated water, high fructose corn syrup and/or sugar, citric acid, sodium benzoate, glycerol ester of wood rosin, gum arabic, natural and artificial flavor, yellow and yellow .",Beverages
"sugar, cornflakes, puffed rice cereal with cocoa, cocoa butter, whole milk powder, chocolate liquor, sweet whey powder, emulsifier soy lecithin.",Snacks
corn syrup; sugar; contains or less of malic acid; natural flavor and artificial flavor; artificial color [red ; blue ; yellow ; yellow ]; mineral oil; lecithin .,Snacks
"ice cream milkfat and nonfat milk, sweet cream buttermilk, sugar, corn syrup, high fructose corn syrup, whey, mono and diglycerides, natural and artificial flavors, guar gum, calcium sulfate, carob bean gum, polysorbate, carrageenan, annatto ., chocolate flavored wafer bleached wheat flour, sugar, caramel color, dextrose, palm oil, corn flour, contains or less of cocoa, high fructose corn syrup, corn syrup, modified corn starch, baking soda, salt, mono and diglycerides, soy lecithin .",Desserts
"milk chocolate, sugar, cornstarch, less than corn syrup, dextrin, coloring, gum acacia.",Snacks
"pork, water, salt, spices, sugar.",Meats and their products
"kale, red bell peppers, sunflower seeds, cashews, lemon juice, chickpea miso ), himalayan salt.",Snacks
"tomato juice, worcestershire sauce, sugar, lemon juice, spices, vinegar, salt, hot sauce, hydrolyzed corn protein, citric acid, garlic powder, onion powder, beet powder, contains fish .",Beverages
"american cheese, water, dry cream, jalapeno peppers, milkfat, sodium phosphate, salt, sorbic acid as a preservative.",Dairies
"almonds, pumpkin seeds, honey, non gmo glucose, pea crisp, hemp seeds, smoked sea salt, sunflower lecithin, onion powder, garlic powder, natural smoke flavor.",Snacks
"cucumbers, sugar, water, distilled vinegar, salt, calcium chloride, celery seed, xanthan gum, sodium benzoate, alum, dehydrated red pepper, turmeric extract, polysorbate, natural flavor.",Salted snacks
"pork, water, sugar, contains or less of molasses, salt, potassium chloride, potassium lactate, corn syrup, flavorings, sodium phosphates, sodium diacetate, sodium erythorbate.",Meats and their products
"pork, water, corn syrup, salt, dextrose, natural flavorings, bi, propyl gallate, citric acid.",Meats and their products
"cucumber slices, water, distilled vinegar, sea salt, black pepper, peppercorns, turmeric, calcium chloride",Salted snacks
"protein blend, vegetable oil, calcium caseinate, corn starch, natural flavors, soluble corn fiber, psyllium husk. salt, cheddar cheese powder, romano cheese, buttermilk powder, butter, tomato powder, onion powder, garlic powder, spice, nonfat dry milk, whey powder, chia seed, paprika extract, turmeric oleoresin, lecithin, calcium carbonate, yeast extract, stevia .",Snacks
"cheddar cheese, , sorbic acid, guar gum, lactic acid, annatto, beer, worcestershire sauce, garlic powder, artificial flavor, onion powder, aged cayenne pepper sauce, cayenne peppers.",Dairies
"pasteurized partskim milk, cheese culture, salt, enzymes, potato starch, corn starch, and calcium sulfate added to prevent caking. natamycin .",Dairies
"pasteurized milk, cheese culture, salt, enzymes, annatto .",Dairies
"cape hake fillets from certified sustainable fishery, squid, shrimp .",Seafood
"enriched wheat flour [flour, malted barley flour, reduced iron, niacin, thiamin mononitrate, riboflavin, folic acid], water, modified wheat starch, cellulose fiber farina, wheat gluten, polydextrose, yeast, whole grains, calcium propionate and sorbic acid, wheat starch, whey, grain vinegar, salt, malt, flaxseed, natural flavors, xanthan gum, soy, soy lecithin . contains wheat, soy, milk . made in a bakery that may also use tree nuts.",Plant-based foods and beverages
"peas, salt, palm oil, fd&c yellow # and blue #.",Snacks
"boneless skinless chicken breast, water, thai seasoning, vinegar.",Meats and their products
"sugar, chocolate, vanilla), rice syrup, milk, heavy cream, inulin, butter, pecans, invert sugar, dried cream, raspberry powder, raspberries, natural flavors, vanilla, salt, invertase, citric acid, cream of tartar, fumaric acid, egg whites .",Snacks
"water, pinto beans, onion, tomato, salt, jalapeno pepper, soybean oil, spices.",Plant-based foods and beverages
"white whole wheat flour, canola and/or sunflower oil, spelt flour, amaranth flour, quinoa flour, wheat gluten, or less of yeast, sugar, salt, sea salt, ascorbic acid, black pepper, vinegar, extractive of annatto, natural roasted garlic flavor, butter oil, soy lecithin, tbhq .",Plant-based foods and beverages
"sugar, corn syrup, modified food starch, citric acid, lemon juice from concentrate natural and artificial flavors, confectioner's glaze, acacia, lactic acid, sodium citrate, titanium dioxide [color], sodium lactate, carnauba wax, yellow, red, yellow, blue, white mineral oil.",Snacks
"meat, soy sauce, pineapple juice, corned beef seasoning, maple syrup, brown sugar, nitrite, sodium erythorbate.",Snacks
"aloe vera juice, aloe pulp, water, sucrose, dextrose, citric acid, grape flavor, e.",Plant-based foods and beverages
"sugar, corn syrup, cornstarch, modified cornstarch, artificial flavors, artificial colors including fd&c red .",Snacks
"stone ground corn masa flour, water, cooked white meat chicken, pasteurized process cheddar cheese [cultured milk, water, salt, sodium phosphate, cream, sodium hexametaphosphate, sorbic acid, artificial color, lactic acid, enzymes], monterey jack cheese, green chile peppers, jalapeno peppers, contains less than of chili powder, flavorings, enriched wheat flour, modified food starch, methylcellulose, salt. prefried in vegetable oil.",Frozen foods
"almondmilk, sea salt, gellan gum, xanthan gum, sunflower lecithin, natural flavor, calcium carbonate, vitamin e acetate, zinc gluconate, vitamin a palmitate, vitamin b, vitamin d.",Plant-based foods and beverages
"water, organic garbanzo beans, sea salt.",Plant-based foods and beverages
"sugar, wafer, hydrogenated palm kernel oil, peanuts, palm oil, nonfat milk, maltodextrin, chicory root fiber, partially defatted peanut flour, rice flour, cocoa, palm kernel oil, milk, less than barley malt, salt, natural flavor, emulsifiers, tbhq to protect flavor.",Snacks
"brewed starbucks coffee, almondmilk, sugar, pea protein, organic banana puree, inulin, natural flavors, honey, salt, xanthan gum, gellan gum, konjac flour.",Beverages
"whole wheat flour, water, brown sugar, wheat gluten, yeast, wheat bran, contains or less of the following soybean oil, salt, wheat germ, dough conditioners, calcium propionate, monocalcium phosphate, calcium sulfate.",Plant-based foods and beverages
"semolina, durum flour, niacin, ferrous sulfate, thiamin mononitrate, riboflavin, folic acid.",Plant-based foods and beverages
"organic peaches, water, organic peach pulp and juice, organic pear juice concentrate, ascorbic acid to protect color, naturally derived citric acid.",Plant-based foods and beverages
"peanuts, sugar cinnamon, vanilla filled with chocolate flavor",Snacks
"enriched flour, water, salt, malt, dextrose, canola oil, yeast, soda.",Snacks
"wheat flour, palm oil, shortening, tomato paste, sugar, isomerized sugar, vegetable paste, yeast, onion seasoning, seasoning, salt, celery extract, dried spinach, soy sauce seasoning, artificial flavor, emulsifier, sour agent, spice extract.",Snacks
"unbleached enriched flour, sugar, soybean oil and/or palm oil, semi sweet chocolate chips, corn syrup, leavening, salt, molasses, soy lecithin, artificial flavor.",Snacks
"potatoes, vegetable oil, salt.",Snacks
"enriched parboiled rice [long grain rice, iron, thiamin, folate ]; basmati rice; seasoning blend [maltodextrin; salt; yeast extract; garlic powder; spices; natural flavor; tomato; sugar; parsley; corn syrup solids; paprika ]; orzo ; wild rice.",Meals
"milk chocolate, coconut oil.",Snacks
"roasted peanuts, vanilla yogurt coating, rolled oat clusters, corn syrup, peanut coating, wheat flakes, crisp rice, high fructose corn syrup, sugar, canola oil, corn syrup solids, glycerin, fructose, salt, nonfat dry milk, soy lecithin, natural peanut flavor, gelatin, caramel color, almond flour, mixed tocopherols added to retain freshness.",Snacks
"pasteurized park skim mozzarella cheese, crust . yeast . water, oil . spice.) tomato paste . pepperoni . oregano.",Meals
"premium brewed blend of black teas using filtered water, high fructose corn syrup, citric acid, natural flavors, ascorbic acid .",Beverages
"cultured grade a non fat milk, water, fructose, contains less than of modified food starch, banana puree, natural and artificial flavors, pectin, malic acid, sucralose, calcium citrate, potassium sorbate, acesulfame potassium, beta carotene and annatto extract, xanthan gum, sodium citrate, active yogurt cultures l. bulgaricus & s. thermophilus.",Dairies
"organic whole grain wheat flour, organic expeller pressed high oleic sunflower oil and/or organic expeller pressed high oleic safflower oil, organic sugar, organic cracked whole grain wheat, organic cane syrup, organic cornstarch, sea salt, organic barley malt extract, leavening, vitamin e .",Snacks
"sugar, milk powder, cocoa butter, chocolate liquor, wheat flour, nuts, vegetable oil & fat, soy flour, milk fat, soy/rapeseed lecithin & pgpr, salt, vanillin, sodium bicarbonate and ammonium bicarbonate, proteinase .",Snacks
"expeller pressed high oleic safflower oil and/or canola oil, corn, salt, sugar, vinegar powder, spice, garlic and onion powders, citric acid, yeast extract, malic acid, extractives of black pepper.",Snacks
"cranberries, cane sugar.",Plant-based foods and beverages
"crust, sauce, pineapple, whole milk mozzarella cheese, canadian bacon water added made with pork sirloin hips, smoked provolone cheese, contains or less of parmesan cheese, romano cheese, dehydrated garlic, dried parsley, dried oregano.",Meals
"corn syrup, sweetened condensed milk, cream, almonds, sugar, butter, brown sugar, evaporated milk, salt, artificial flavor, dipotassium phosphate, vitamin d, guar gum, carageenan, locust bean gum, palm oil, soy lecithin, egg whites, bha & bht .",Snacks
"carbonated water, high fructose corn syrup, citric acid, sodium citrate, sodium benzoate, gum acacia, caffeine, natural & artificial flavors, glyceryl abietate, brominated vegetable oil, blue, red .",Beverages
"ice cream, vanilla crunch, strawberry filling, soy & coconut oils, natural & artificial vanilla flavor.",Desserts
"macadamia nuts, dry roasted almonds, evaporated cane syrup, brown rice syrup, dried sweetened cranberries, crisp brown rice, blueberries, dried pomegranate arils, natural flavors, sea salt",Snacks
"carbonated water, citric acid, malic acid, aspartame, potassium benzoate, acesulfame potassium and natural flavor.",Beverages
"sugar cocoa butter, dry whole milk, chocolate liquor, soy lecithin, pgpr, natural flavor.",Snacks
"tahini, sugar, glucose, pistachio, stabilizer halawa extract, citric acid, vanilla flavor.",Snacks
"milk chocolate, white chocolate, dark chocolate, added color .",Snacks
"organic milk, organic cream. contains milk . manufactured in a facility that also processes eggs and tree nuts .",Dairies
"water, sugar, apple juice from concentrate, contains or less of blackcurrant juice from concentrate, citric acid, vitamin c, natural flavor, potassium sorbate, sodium citrate.",Plant-based foods and beverages
"chocolate chip cookies enriched flour, organic brown sugar, organic chocolate chips, canola oil, organic whole grain brown rice, rice syrup, grape juice, salt, baking soda. tahitian vanilla bean frozen dessert nongmo yellow peas, organic whole grain brown rice, organic cocoa butter, organic cane sugar, vanilla extract, natural vanilla bean flavor, salt, guar gum, carob bean gum, acacia gum.",Desserts
"whole grain oats, sugar, dried strawberries, salt, dried cream, natural flavor, nonfat dry milk, sea salt, dried vegetable juice concentrate, tocopherols, contains milk ingredients",Plant-based foods and beverages
"dark chocolate, dry roasted california almonds, sugar, cocoa powder, tapioca dextrin.",Snacks
"water, enriched wheat and malted barley flour, lowmoisture partskim mozzarella cheese, cooked seasoned pizza topping, tomato and green onion blend, cheddar cheese, tomato paste, or less of seasoning, vegetable oil, sugar, cellulose powder, salt, yeast, soy lecithin, lcysteine.",Meals
"sugar, milk, wheat flour, vegetable fats, cocoa butter, cocoa mass, dextrose, fat reduced cocoa, invert sugar syrup, emulsifiers, barley malt syrup, salt, vegetable oil, raising agent, flavouring. may contain nuts .",Snacks
"sesame paste, sugar, glucose, pistachios, partially hydrogenated vegetable oil, halawa extract, citric acid, vanillin, flavors.",Snacks
heavy cream .,Dairies
"sugar, corn syrup, maltodextrin, water, artificial flavor, red, red, titanium dioxide .",Snacks
"indian corn prepared with, water, salt, citric acid and hydrated lime to enhance flavor.",Plant-based foods and beverages
"vinegar, sugar, peaches, apricots, onions, salt, spices.",Condiments
"water, mushrooms, modified food starch, wheat flour, contains less than of salt, cream, vegetable oil, whey, monosodium glutamate, soy protein concentrate, natural flavoring, garlic, butter, buttermilk, enzyme modified butter, skim milk, whey protein concentrate, soy lecithin, milkfat, dried",Plant-based foods and beverages
"sugar, enriched bleached wheat flour, margarine, eggs, contains or less of water, corn starch, vegetable oil, dextrin, skim milk, natural & artificial flavors, leavening, soy lecithin, confectioner's glaze, food starchmodified, polysorbate, carnauba wax, colors, sodium propionate .",Snacks
"filtered water, high fructose corn syrup, ruby red grapefruit juice concentrate, grapefruit pulp, citric acid, natural flavors, sodium citrate, ascorbic acid, red .",Plant-based foods and beverages
"crust organic wheat flour, water, organic wheat bran, kosher salt, vital wheat gluten, fresh yeast. toppings white cheddar cheese, pulled pork shoulder, barbecue sauce, molasses, honey, distilled vinegar, worcestershire sauce, pineapple juice, spices, jalapeno brine, salt, natural smoke flavor, dried garlic, dried onion), organic tomato sauce, organic onions, organic maple syrup, organic celery, organic carrots, organic wine, organic garlic, organic olive oil, organic parsley, organic spices, kosher salt), pineapple, fresh organic parsley, cilantro, sea salt, spices.",Meals
"alaskan pollock, wheat flour, vegetable oil, water, less than of yellow corn flour, sugar, salt, onion powder, whey, yeast, baking powder, natural flavoring.",Seafood
"blend of plantbased ols scybean, palm kernel, avocado and palm fruit oil), water, salt, faba bean protein, soy lecithin, lactic acid, natural flavor, calcium disodium edta, vitamin e acetate, vitamin a palmitate, beta carotène . upfield us inc., w. th street, new century, ks .",Plant-based foods and beverages
"pasteurized goat's milk, tapioca starch, live and active cultures ml) .",Beverages
"cultured pasteurized grade a low fat milk, water, sugar, modified food starch, natural flavor, annatto extract and turmeric, carrageenan, pectin, citric acid, vanilla extract, vitamin a palmitate, vitamin d.",Dairies
"ground white corn, vegetable oil, salt.",Snacks
"wheat flour, palm oil, salt, oat fiber, sugar, dehydrated garlic, yeast, natural garlic flavoring, coloring, soya flour .",Snacks
"vegetable oil, water, egg yolk, sugar, salt, cultured nonfat buttermilk, natural flavors, less than of spices, dried garlic, dried onion, vinegar, phosphoric acid, xanthan gum, modified food starch, monosodium glutamate, artificial flavors, disodium phosphate, sorbic acid and calcium disodium edta as preservatives, disodium inosinate, disodium guanylate.",Condiments
"manzanilla olives, water, salt, lactic acid, citric acid and ascorbic acid.",Plant-based foods and beverages
"enriched flour, salted butter, cane sugar, milk chocolate, bittersweet chocolate chips, dark brown sugar, eggs, caramel sauce [ cream, cane sugar, tapioca syrup, butter, vanilla, salt], sea salt, baking soda.",Snacks
"sugar, limes, lemons, acidity regulators sodium citrate & citric acid, gelling agent fruit pectin.",Plant-based foods and beverages
"corn syrup, sugar, gelatin, citric acid, sorbitol, natural and artificial flavors, lactic acid, titanium dioxide, fd&c yellow #, blue #, red # .",Snacks
"filtered water, sugar, natural flavors, malic acid, sodium citrate, citric acid, monopotassium phosphate, magnesium sulfate, caffeine, taurine, glucuronolactone, ascorbic acid, ginger root extract, sodium benzoate, potassium sorbate, panax ginseng extract, astragalus root extract, maca root extract, inositol, niacinamide, vitamin e acetate, dandelion root extract, red, sucralose, pyridoxine hcl, dcalcium pantothenate cyanocobalamin .",Beverages
"nongmo white corn, rice bran oil, water, grated parmesan cheese, organic garlic himalayan pink salt, trace of lime.",Snacks
"organic raisins, organic sunflower oil.",Snacks
"chocolate coating (sugar, cocoa butter, milk, chocolate liquor, soy lecithin, salt, artificial flavor, pecans, peanut oil, quick shine, buttermilk, salt.",Snacks
"wheat flour, sweet potatoes, white meat chicken+, water, palm oil, onion, soybean oil, eggs+, red bell pepper, sea salt, cilantro, cane sugar, paprika, olive oil, chopped garlic, chipotle adobo puree, spices, corn starch, chicken base+ .",Frozen foods
"sugar, glucose syrup, glucosefructose syrup, water, stabiliser, acids, flavourings, concentrated strawberry juice, concentrated beetroot juice, acidity regulators, colour, emulsifier .equivalent to . fruit juice.",Snacks
colby and monterey jack cheese .,Dairies
"popcorn, soybean oil, maltodextrin, whey, reduced lactose whey, canola oil, corn starch, cheddar and blue cheese, salt, color added, disodium phosphate, lactic acid, tbhq, butter, beta carotene, natural and artificial flavor, buttermilk, monosodium glutamate, yellow, yellow, yellow lake and citric acid to preserve freshness. corn syrup, popcorn, molasses, butter, soybean oil, salt, soy lecithin, sodium bicarbonate. popcorn, soybean oil, salt, natural and artificial flavors, beta carotene, tbhq, bha and citric acid added to preserve freshness.",Snacks
"organic tomato puree, organic agave nectar, organic white vinegar, salt, organic onion powder and organic spices.",Condiments
"organic apples, water, organic cinnamon, vitamin c .",Plant-based foods and beverages
"enriched flour, water, butter, margarine, sugar, contains or less of each yeast, nonfat milk, salt, food starch modified, dough conditioner, calcium propíonate, natural cts rox, value and artificial flavors, contains wheat, milk, and soy, manufactured in a facilitythat handles eggs, pecans, and walnuts,",Snacks
"sockeye salmon, salt, brown sugar, natural hardwood smoke.",Seafood
"cultured lowfat and nonfat milk, sugar, strawberries, modified corn starch, strawberry flavor, natural flavors, kosher gelatin, colored with fruit and vegetable juice, vitamin d.",Dairies
"enriched flour, water, salt, malt, cane sugar, canola oil, yeast, soda.",Snacks
"crushed organic cacao beans, organic coconut palm nectar, sea salt.",Snacks
"enriched degermed white corn meal, water, enriched wheat flour, soybean oil, sweet corn, cheddar cheese, water, cream, sodium phosphate, salt, annatto, cellulose powder ), sugar, leavening . contains or less salt, onion powder and garlic powder.",Frozen foods
"milk, cream, sugar, corn syrup, whey protein concentrate, natural and artificial flavors, propylene glycol monoesters, guar gum, cellulose gel, mono and diglycerides, locust bean gum, cellulose gum, carrageenan, annatto .",Desserts
"scallions, hot peppers, black pepper, salt, onion, allspice, nutmeg, cane sugar, citric acid, thyme.",Condiments
"potatoes, vegetable oil and salt.",Snacks
"water, sugar, lemon juice, natural flavor.",Beverages
"green beans, water, salt.",Plant-based foods and beverages
"pasteurized partskim milk, cheese cultures, salt, enzymes .",Dairies
"beef, water, contains less than sodium lactate, sodium phosphate, sodium diacetate, dextrose, salt, hydrolyzed corn protein, onion and garlic powder, canola oil, natural flavors, coated with dextrose, salt, caramel color, flavorings, hydrolyzed corn protein, spices.",Meals
"cassava, sunflower protein, dates, coconut oil, cocoa powder, coconut sugar, vanilla extract, sea salt",Plant-based foods and beverages
"organic sprouted whole wheat flour, organic coconut palm sugar, sea salt, organic herbs, organic roasted garlic.",Snacks
"cooked long grain rice, green bell peppers, water, beef, diced tomatoes, pork, ketchup, less than of tomato paste, dehydrated minced onions, salt, modified food starch, granulated sugar, canola oil, beef base, margarine, garlic, worcestershire sauce, soy sauce powder, maltodextrin and natural flavor, spice, yeast extract, caramel color.",Frozen foods
"natural cheddar and monterey jack cheese made from pasteurized cultured milk, salt, enzymes, annatto color.",Dairies
"whole grain oats, whole grain wheat, corn syrup, sugar, rice, contains or less of modified corn starch, molasses, expeller pressed canola oil, salt, cinnamon, honey, natural flavor, malt flavor, mixed tocopherols for freshness, soy lecithin .vitamins and minerals niacinamide, reduced iron, vitamin b, folic acid.",Plant-based foods and beverages
"chick peas, water, tahini, canola oil, concentrated lemon juice, sea salt, garlic, citric acid, cart minim this postc",Plant-based foods and beverages
"tomatoes, tomato juice, sea salt, citric acid, calcium chloride.",Plant-based foods and beverages
"organic avocado, organic dehydrated onion, organic white vinegar, salt, organic granulated garlic.",Condiments
"wheat flour, water, sea salt, sourdough cultured, poppy seeds, flax seeds, garlic, onion, enzymes. contains wheat .",Plant-based foods and beverages
extra virgin olive oil organic.,Plant-based foods and beverages
"purified carbonated water, gmofree caramel color, stevia rebaudiana leaf extract, vanilla extract, natural flavors, citric acid, spices.",Beverages
"water, seasoning, yeast extract, disodium inosinate and disodium guanylate, spice extractive, polysorbate, natural flavor, malic acid, gum arabic, papain, not more than silicon dioxide to prevent caking), vinegar.",Meats and their products
"rice, sugar, salt, calcium carbonate, molasses, reduced iron and zinc oxide, vitamin c, a b vitamin, vitamin b, vitamin b, vitamin b, a b vitamin, vitamin a palmitate, vitamin b, vitamin d.",Plant-based foods and beverages
"confectionery coating, pretzels, malt, salt, soybean oil, yeast",Snacks
"carbonated water, high fructose corn syrup, citric acid, natural and artificial flavor, sodium benzoate, red .",Beverages
"pork, sugar, water, less than salt, soy sauce [, maltodextrin], flavoring, sesame seeds, yeast extract, sesame oil.",Snacks
"young sweet corn, water, salt, citric acid",Plant-based foods and beverages
"potato flour, potato starch, sunflower and/or canola oil, rice flour, and sea salt.",Snacks
"sugar, corn syrup, citric acid, salt, chili, watermelon flavored and artificial colors fd&c. yellow no., fd&c red no. and fd&c blue no. and soy lecithin .",Snacks
"graham flour, enriched flour, sugar, vegetable oil, honey, contains or less of salt, leavening, soy lecithin, vanilla extract, bht for freshness, whey .",Snacks
"enriched bleached flour [ wheat flour, niacin, iron, thiamin mononitrate, riboflavin, folic acid], water, vegetable oil, sugar, leavening, dextrose, contains or less of each of the following potassium chloride, salt, wheat gluten, sodium stearoyl lactylate, xanthan gum, propylene glycol alginate, artificial flavor, sodium alginate, potassium sorbate and tbhq, colored with, soy flour .",Snacks
"enriched flour, sugar, soybean and palm oil with tbhq for freshness, contains two percent or less of high fructose corn syrup, natural and artificia",Snacks
"water, split peas, carrots, uncured ham no nitrates or nitrites added except for naturally occurring nitrates in sea salt and celery powder, onions, green pea powder, green peas, higholeic sunflower oil, sea salt, garlic, black pepper, rosemary",Meals
"shrimp, sauce. shrimp shrimp, sodium di, tri, and polyphosphate, sodium bisulfite . sauce water, margarine [palm oil, water, soybean oil, salt, natural flavor, soy lecithin, beta carotene, vitamin a palmitate ], modified corn starch, garlic powder, gelatin, maltodextrin, parmesan and romano cheese, butter, salt, natural flavor, whey, spices, parsley, nonfat milk, dehydrated roasted garlic, dehydrated onion, colored with turmeric and annatto extracts.",Seafood
"distilled vinegar, water, sugar, # grade mustard seed, honey, salt, spices, carrot oleoresin and garlic powder.",Condiments
"jalapeno peppers, water, vinegar, salt, calcium chloride and spices.",Plant-based foods and beverages
"cucumbers, sugar, water, vinegar, sea salt, mustard seeds, onion flakes, dehydrated red bell pepper, calcium chloride, natural flavors, celery seeds, polysorbate, and turmeric .",Salted snacks
organic durum wheat semolina.,Plant-based foods and beverages
"enriched flour, vegetable oil, maltodextrin, sugar, salt, deproteinized whey, leavening, corn syrup, cayenne pepper sauce, sodium diacetate, dairy whey, buffalo wing hot sauce seasoning, wheat gluten, cheese powder, garlic powder, natural & artificial flavors, monosodium glutamate, modified corn starch, artificial colors, paprika extract, vinegar, citric acid, caramel color, lactic acid, tricalcium phosphate, acetic acid, disodium inosinate, disodium guanylate, rosemary extract, soy lecithin .",Snacks
"cinnamon, hibiscus, natural caramel and apple flavors with other natural flavors, orange peel, chamomile, roasted chicory, ginger and sea salt.",Plant-based foods and beverages
"chicken broth, broccoli, modified food starch, soybean oil, cream cheese, parmesan cheese, cheddar cheese . contains less than of cooked bacon, chicken fat, soy protein concentrate, cheddar cheese, sodium phosphate, salt, natural flavor, buttermilk, whey, garlic powder, whey protein concentrate, datem, onion powder, whey, citric acid, corn protein, dextrose, yeast extract, maltodextrin, sugar, spice, color, cream, bacon fat, nonfat milk, egg yolk, sorbic acid . dried",Meals
"dextrose, corn syrup, sugar, modified food starch, contains or less of citric acid, tapioca dextrin, artificial flavor, carnauba wax, red, mineral oil.",Snacks
"purified water, organic soybeans, naturally malted organic wheat and barley extract, calcium carbonate, kombu seaweed, sea salt",Plant-based foods and beverages
"water, alcohol, natural flavors from herbs and roots of the genus gentiana.",Beverages
"cooked black beans, water, tomato paste. contains or less of sweet corn, garlic puree, sunflower oil, salt, cumin, chili pepper puree, cilantro, chili powder, black pepper.",Plant-based foods and beverages
"coconut cream, water, cane sugar, brown rice syrup solids, coffee extract, xanthan gum, pectin, guar gum.",Desserts
"enriched flour, water, palm oil, whey powder, cheddar cheese, butter, buttermilk solids, malt, canola oil, annatto, salt, wheat gluten, yeast, soda.",Snacks
"organic multigrain bread, organic sunflower oil, organic granulated garlic and onion, organic paprika, organic basil, organic pepper, and organic parsley",Plant-based foods and beverages
"filtered carbonated water, citric acid, natural flavor, potassium citrate, potassium benzoate, aspartame, acesulfame potassium.",Beverages
"apple fruit filling, oats, gluten free flour b",Snacks
"fruit puree, corn syrup, sugar, mödified corn starch, gelatin, concord grape juice from concentrate citric acid, lactic acid, natural and artificial flavors, ascorbic acid, , alpha tocopherol'; acetate, vitamin a palmitate, sodium citrate, coconut oil, carnauba wax, annatto turmeric, color), red, and blue,",Snacks
"enriched wheat flour, salt, less than of canola oil and/or soybean oil, corn syrup, barley malt extract, leavening .",Snacks
"semolina, durum flour, niacin, ferrous sulfate, thiamin mononitrate, riboflavin, folic acid.",Plant-based foods and beverages
"portabella mushrooms, cooked chorizo, corn, roasted red bell peppers, pepper jack cheese, onions, cilantro.",Beverages
"carbonated water, organic lemon juice from concentrate, organic sugar, citric acid, natural flavor, vitamin c .",Beverages
"water, soy beans, wheat, and salt.",Condiments
"mint balls sugar, corn syrup, natural flavor, natural oil or peppermint, titanium dioxide, inverted sugar, artificial colors fd&c red #.",Snacks
"almonds, pecans, honey, blueberry pieces, cashews, non gmo glucose, raisins, chicory root fiber, crisp rice, soy lecithin .",Snacks
"cooked brown rice, onions, water chestnuts, expeller pressed canola oil, oat bran, wheat gluten, carrots, peas, red peppers, scallions, broccoli, dehydrated soy sauce, ginger, roasted garlic, cilantro, rice vinegar, brown sugar, potato flakes, sesame oil, black pepper.",Meats and their products
"sugar, enriched bleached flour, margarine, eggs, contains or less of salt, cornstarch, skin milk, colors partially hydrogenated vegetable oil, dextrin, confectioners glace food starch, baking soda, polysorbate, gum arabic, cellulose gum, carrageenan, soy lecithin, carnauba wax, sodium propionate .",Snacks
"salt, monosodium glutamate, onion powder, sugar, corn starch, hydrogenated palm oil, palm oil, silicon dioxide, soybean oil, natural flavor, onion juice concentrate, sulfur dioxide .",Condiments
"unbleached enriched flour, sugar, canola and/or palm oil, high fructose corn syrup, salt, cornstarch, baking soda, soy lecithin, natural and artificial flavor.",Snacks
"premium brewed green and black tea using filtered water, cane sugar, honey, citric acid, natural, flavors, ginseng extract.",Beverages
"shrimp, salt, sodium tripolyphosphate.",Seafood
"organic tomato concentrate, organic sugar, organic vinegar, salt, organic onion powder, organic spice.",Condiments
"aloe vera leaf, cactus cladodes, grapefruit flavor",Plant-based foods and beverages
"almonds, sugar, organic corn flakes, cocoa butter, whole milk powder, cocoa mass, skimmed milk powder, butter oil, soy lecithin, natural vanilla.",Snacks
"trigo integral, azúcar, harina de arroz, fructosa, aceite de canola y/o girasol, maltodextrina, dextrosa, sal, canela, fosfato trisódico, lecitina de soya, color caramelo, saborizantes naturales y artificiales, extracto de romero, bht agregado para conservar la frescura, carbonato de calcio, vitamina c, hierro y zinc, vitamina a b, vitamina b, vitamina b₁, vitamina a, vitamina b, vitamina a b, vitamina b, vitamina d",Plant-based foods and beverages
"enriched bleached flour, water, caramel flavored drizzle, vegetable oil, sugar, chocolate chips, pecans, leavening, contains or less of dextrose, cinnamon, salt, corn starch, potassium chloride, wheat gluten, sodium stearoyl lactylate, xanthan gum, natural and artificial flavors, potassium sorbate, mono and diglycerides, polysorbate, colored with, maltodextrin, autolyzed yeast extract.",Plant-based foods and beverages
"milk, sugar, cherry flavor, corn syrup, cultured base, nonfat dry milk, cream, stabilizer, natural red color, acetic acid, probiotic yogurt cultures .",Desserts
"milk, cream, organic cane sugar, nonfat milk, mascarpone cheese, nongmo cane sugar, cream, nongmo invert sugar, whole milk powder, nongmo corn starch, dried figs, reduced balsamic vinegar, sea salt, carob bean gum, guar gum, acacia gum.",Desserts
carbonated water and natural flavor.,Beverages
"ground white corn, vegetable oil, , salt.",Snacks
"organic stone ground corn, organic expeller pressed vegetable oil, organic brown flax seeds, organic carrot powder, organic tomato powder, organic red beet powder, organic spinach powder, sea salt, organic dried parsley flakes, organic garlic powder, organic onion powder.",Snacks
"fried rice water, rice, salted mirin, soy sauce, canola oil, onions, ginger, sesame seed oil, sugar, kelp extract, garlic. vegetables carrots, broccoli, peas, celery . sauce water, sugar, soy sauce, canola oil, sake, sesame seed oil, green onion, modified corn starch, garlic powder, seasoning, spices, natural flavor. grilled seasoned beef strips water and binder product beef, water, seasoning, modified food starch, dextrose, sodium phosphate, carrageenan.",Frozen foods
"enriched bleached flour, sugar, water, margarine [palm oil, water, salt, monoglycerides, whey, sodium benzoate, natural and artificial flavor, citric acid, beta carotene, vitamin a palmitate], egg whites, contains less than of each of the following dextrose, mono and diglycerides, soy flour, guar gum, wheat gluten, leavening, ammonium sulfate, salt, enzymes, calcium sulfate, azodicarbonamide, preservatives, beta carotene, yeast, eggs, cinnamon, palm oil, calcium carbonate, cornstarch, cocoa, fumaric acid, molasses, xanthan gum, agar, sodium hexametaphosphate, nonfat milk, whey, sodium stearoyl lactylate, ascorbic acid, natural & artificial flavors, artificial color, monocalcium phosphate, soybean oil, soy lecthin.",Snacks
"tomatoes, coarse ground tomatoes, jalapeno peppers, water, onions, distilled vinegar, salt, dehydrated garlic, cilantro, sugar, coriander, natural flavor.",Condiments
"sugar, cocoa butter, whole milk powder, sweetened chocolate, nonfat dry milk, soy lecithinan emulsifier, vanilla",Snacks
"blueberries, water and cane sugar.",Plant-based foods and beverages
"chocolate flavored coating, supreme protein blend, caramel layer, glycerine, water, protein crisps, soy protein isolate, peanut butter, peanut flour, hydrolyzed collagen, peanuts, palm kernel oil, soy lecithin, vitamin mix, salt, potassium sorbate, wheat protein isolate, almond butter .",Snacks
"angus beef, water, corn syrup, contains or less salt, potassium lactate, natural flavor, monosodium glutamate, sodium phosphate, celery juice powder, sodium diacetate, sea salt, extractives of paprika.",Meats and their products
"cooked red potatoes . hard cooked eggs, mayonnaise, sour cream, celery, sweet pickle relish, green onions, salt and garlic powder.",Salted snacks
cheddar cheese .,Dairies
"corn syrup, sugar, water, less than of egg whites, modified corn starch, artificial flavors. contains egg .",Desserts
"corn syrup, enriched bleached flour, eggs, sugar, pecans, vegetable oil, margarine [vegetable oil, water, salt, mono and diglycerides, annatto, calcium disodium edta, artificial flavor, vitamin a palmitate]. contains or less of each of the following salt, high fructose corn syrup, natural and artificial flavor, carrageenan, soy flour .",Desserts
"enriched bleached flour [ wheat flour, niacin, iron, thiamine mononitrate [ vitamin b], riboflavin [ vitamin b], folic acid), sugar, water, vegetable oil, contains or less of each of the following leavening, corn syrup, cinnamon, eggs, salt, cornstarch, modified wheat starch, mono and diglycerides, natural and artificial flavors, maltodextrin, gums, polysorbate, sorbic and citric acid, colored with, soy flour",Plant-based foods and beverages
"skim milk, cream, sugar, corn syrup, peanut butter, whey, cocoa powder, mono and diglycerides, carob bean gum, guar gum, salt, carrageenan. coating sugar, coconut oil, milk, lactose, palm oil, chocolate, cocoa powder, soy lecithin, artificial flavor. caramel corn syrup, skim milk, sugar, palm oil, milkfat, lactose, salt, carrageenan, artificial flavor. peanuts peanuts, palm oil.",Desserts
"beet sugar, water, fresh elderflowers, fresh lemon juice, citric acid.",Beverages
"sugar, citric acid, sodium citrate, artificial orange flavor, aspartame, tricalcium phosphate, acesulfame potassium, maltodextrin, titanium dioxide, ascorbic acid, fd&c yellow no. and yellow no. .",Beverages
"corn syrup, sugar, water, gelatin, dextrose, citric acid, pectin, lactic acid, sodium lactate, artificial flavors, beeswax, carnauba wax, palm and coconut oil, colors .",Snacks
"strawberry puree, corn syrup, high fructose corn syrup, water, sugar, pectin, citric acid",Plant-based foods and beverages
"cocoa, sugar, cocoa butter and vanilla.",Snacks
"nonfat milk, lactase enzyme, vitamin a palmitate, vitamin d added.",Dairies
"organic enriched wheat flour, water, organic expeller pressed soybean oil, sea salt, baking powder .",Snacks
"cream, cane sugar, milk, nonfat milk, water, egg yolks, maple syrup, natural flavor, cornstarch, sea salt, caramel color, xanthan gum, citric acid, carob bean gum, guar gum",Desserts
"certified organic grade a milk, vitamin d",Dairies
"organic tomato puree, organic diced tomatoes, organic extra virgin olive oil, organic portobello mushrooms, sea salt, organic dehydrated onions, organic vinegar, organic garlic powder, organic spices.",Condiments
"semolina, durum flour, niacin, ferrous sulfate, thiamin mononitrate, riboflavin, folic acid.",Plant-based foods and beverages
"liquid soybean oil, partially hydrogenated soybean oil, water, salt, whey, vegetable mono and diglycerides, soy lecithin, potassium sorbate and citric acid added as preservatives, artificial flavor, colored with beta carotene, vitamin a palmitate added.",Plant-based foods and beverages
"enriched flour, sugar, soybean and palm oil with tbhq for freshness, contains two percent or less of salt, high fructose corn syrup, leavening, butter, soy lecithin, natural and artificial vanilla flavor, datem, mono and diglycerides, yellow #, red #, blue #.",Snacks
"carrots, corn, peas, green beans, salt.",Plant-based foods and beverages
"corn syrup, sugar, popcorn, butter, water, almonds, cashews, honey, brown sugar, salt, soy lecithin, natural flavor, bha/bht in corn oil to retard oxidation.",Snacks
"rice, sugar, salt, molasses, mixed tocopherols . vitamins and minerals calcium carbonate, sodium ascorbate, reduced iron, niacinamide, zinc oxide, pyridoxine hydrochloride, riboflavin, thiamin mononitrate, vitamin a palmitate, folic acid, vitamin d, vitamin b.",Plant-based foods and beverages
"sparkling reverse osmosis water, electrolytes for taste magnesium sulfate, calcium chloride, potassium bicarbonate, potassium chloride.",Beverages
"masa, water, safflower and/or soybean oil, corn oil, salt",Snacks
"natural cheese made from pasteurized cultured milk, enzymes, sea salt and annatto coloring.",Dairies
"sauce and shrimp skim milk, shrimp, water, cream, modified food starch, parmesan cheese, parmesan cheese paste, romano cheese, sea salt, garlic, bleached wheat flour, butter, yeast extract, potassium chloride, mono& diglycerides, salt, spices, sodium phosphate, asiago cheese, enzyme modified romano cheese, flavor, xanthan gum, whey, wheat starch, extractives of annatto & turmeric color, natural flavor. cooked pasta and vegetables water, semolina, broccoli, peas, soybean oil, wheat gluten, salt.",Frozen foods
"sugar, strawberry filling [sugar, strawberry puree, high fructose corn syrup, corn starch, guar gum, locust bean gum, xanthan gum, citric acid, coconut oil, carmine color, artificial flavor, sodium benzoate ], wheat flour, hydrogenated palm kernel oil, water, sprinkes, high fructose corn syrup, egg, cocoa, vegetable shortening, cocoa, glucose, nonfat milk, glycerin, maltodextrin, modified corn starch, egg whites, mono & diglycerides, polyglycerol esters, baking soda, sodium aluminum sulfate, calcium sulfate, monocalcium phosphate, oat fiber, preservatives, iodized salt, artificial and natural flavor, soy lecithin, cinnamon, sorbitan mono and tristearate, pgpr, polysorbate, xanthan gum, vitamin a acetate, niacin, vitamin e acetate, zinc oxide, ferrous fumarate, pyridoxine hcl, riboflavin, thiamin mononitrate, potassium iodide, folic acid, cyanocobalamin, guar gum, corn syrup, carrageenan, ferrous sulfate.",Snacks
"sesame seed bun enriched bleached wheat flour . water, sugar. soybean oil, sesame seeds . contains or less of yeast, salt, monoglycerides with ascorbic acid and citric acid . calcium propionate, calcium sulfate. enzymes. wheat starch, ascorbic acid. fully cooked buffalo style breaded chicken breast patty with rib meat chicken breast with rib meat. water, bleached wheat flour. soy protein concentrate [zinc oxide, niacinamide, ferrous sulfate. copper gluconate, vitamin a palmitate. calcium pantothenate, thiamine mononitrate, pyridoxine hydrochloride, riboflavin, cyanocobalamin ], yellow corn flour, modified food starch. seasoning, partially hydrogenated soybean and cottonseed oils]. food starchmodified, hot sauce powder [cayenne pepper sauce, maltodextrin], natural flavor [triacetin. butter acids, flavoring, and butter esters]. citric acid, vinegar solids). flavor, salt, sodium phosphate, corn syrup solids, sugar, maltodextrin, yeast, wheat flour . vinegar solids. extractives of paprika. partially hydrogenated soybean oil, leavening, citric acid. yellow .",Frozen foods
"milkfat and nonfat milk, sugar, sweet cream buttermilk, corn syrup, cultured nonfat milk, toffee pieces, whey, mono and diglycerides, natural and artificial flavor, guar gum, tapioca starchmodified, calcium sulfate, locust bean gum, carrageenan, annatto .",Desserts
"beef, water, less than of the following salt, dextrose, flavoring, potassium lactate, corn syrup solids, sodium phosphate, sodium diacetate, sodium erythorbate, oleoresin of paprika, sodium nitrite.",Meats and their products
"milk, cream, contains less than . of disodium phosphate, sodium citrate.",Dairies
"unbleached enriched flour, pumpkin seeds, thompson raisins, zante currants, brown sugar, sugar, dried cranberries, flax seeds, dried apricots, organic skim milk, pecans, almonds, sesame seeds, ginger, refinery syrup, leavening, sea salt, vanilla, honey, cinnamon, citric acid, allspice.",Snacks
"enriched flour, sugar, soybean oil, water, eggs, banana puree, contains or less of modified corn starch, whey, leavening, palm oil margarine, salt, preservatives, wheat gluten, natural flavors, palm oil shortening, mono and diglycerides, butter, vanilla extract, xanthan gum, palm oil, corn flour, canola lecithin, soy lecithin, polysorbate, lactic acid, citric acid, enzymes, vitamin a palmitate, beta carotene.",Snacks
"filtered water, organic erythritol. organic lemon juice, organic coconut water concentrate, natural lemon flavor, citric acid, organic stevia leaf extract, organic white tea pectin, organic maqui berry juice powder, and fruit juice .",Beverages
"enriched wheat flour [ wheat flour, niacin, reduced iron, thiamin mononitrate, riboflavin, folic acid], sugar, high fructose corn syrup, corn syrup, palm oil, whey permeate, cocoa processed with alkali, modified corn starch, salt, precooked yellow corn meal, leavening, color added, sorbitol, potassium sorbate, natural and artificial flavor, gelatin, yellow corn flour, modified soy protein, vitamin a palmitate, reduced iron, niacinamide, pyridoxine hydrochloride, riboflavin, thiamin mononitrate",Snacks
"premium brewed green tea using filtered water, high fructose corn syrup, honey, citric acid, natural flavors, ginseng extract, ascorbic acid .",Beverages
"soybeans, salt.",Snacks
"lowmoisture partskim mozzarella cheese, provolone cheese, parmesan cheese, asiago cheese, fontina cheese, romano cheese potato starch, corn starch and calcium sulfate added to prevent caking. natamycin .",Dairies
"corn, whole grain wheat, sugar, whole grain rolled oats, almonds, rice, canola oil, corn syrup, salt, barley malt extract, cinnamon, molasses, honey, caramel color, natural flavor. vitamins & minerals ferric orthophosphate, niacinimide, zinc oxide, thiamin mononitrate, calcium pantothenate, pyridoxine hydrochloride, folic acid.",Plant-based foods and beverages
"cardamom, cinnamon, cloves, cumin, black pepper, coriander.",Condiments
"enriched flour, vegetable oil, sugar, lactose powder, whole milk powder, nonfat milk, contains less than of baking soda, caramel color, emulsifiers, malt syrup, natural and artificial flavors, salt, seasoning, yeast extract. contains milk, soy, wheat . may contain egg .",Snacks
"wheat flour, water, sunflower oil, salt, yeast, boneless skinless chicken breast with rib meat, water, sugar, tomato powder, salt, citric acid, caramel color, spices, chili powder, beet powder, onion powder, garlic powder, modified potato starch, natural smoke flavor, low moisture mozzarella cheese, bbq sauce, natural smoke flavor, acetic acid), smoked gouda, red onions, cilantro",Meals
"water, organic soybeans, calcium sulfate, magnesium chloride.",Plant-based foods and beverages
"unbleached & unbromated wheat flour, malted barley flour, palm oil shortening, sugar, egg, soybean oil, filtered water, prune, raspberry, apricot, poppy seeds, natural & artificial flavors, salt, turmeric, sodium benzoate .",Snacks
lowfat milk vitamin a palmitate and vitamin d added.,Dairies
"cane sugar, ginger, tapioca starch, natural apple flavor, cinnamon oil, allspice oil.",Snacks
"water, tomato paste, modified food starch, contains less than of citric acid, dried red chile peppers, garlic powder, hydrolyzed corn protein, natural flavor, onion powder, salt, soybean oil, spices, sugar, yeast extract.",Condiments
"sugar, corn syrup, modified food starch, citric acid, sodium citrate, natural and artificial flavors, artificial colors red, yellow, yellow, blue .",Snacks
"high fructose corn syrup, tomato puree, distilled vinegar, honey, modified food starch, contains less than of salt, natural flavor, caramel color, pineapple juice concentrate, spices, sodium benzoate, natural smoke flavor, molasses, garlic, corn syrup, sugar, tamarind.",Condiments
"degermed corn meal, soybean oil, seasoning, cheese culture, enzymes], corn flour, corn starch, maltodextrin, salt, butter [ cream, water, salt], natural and artificial flavor, buttermilk, monosodium glutamate, citric acid, artificial colors [yellow, yellow, yellow lake, yellow lake]), maltodextrin, salt, water, hydrogenated soybean oil, citric acid, yellow, tbhq",Snacks
"sugar, non dairy creamer, dipotassium phosphate, mono and diglycerides, silicon dioxide, soy lecithin ), arabica coffee, natural and artificial flavors, caramel color, sucralose",Plant-based foods and beverages
"pineapple, clarified pineapple juice, sugar.",Plant-based foods and beverages
"degermed yellow corn meal, coconut oil, sugar, salt, buttermilk powder. contains or less of maltodextrin, dried sour cream, garlic powder, baking soda, whey protein concentrate, onion powder, tomato powder, spices, yeast extract, citric acid, malic acid, natural flavor, lactic acid, freshness preserved by bht.",Snacks
"enriched wheat flour, sugar, eggs preserved with nisin preparation, roasted almonds, olive oil, anise seed, baking powder, anise oil, natural flavor.",Snacks
"pasteurized milk, salt, dill culture, microbial rennet.",Dairies
"fat free skim milk, vitamin a palmitate, vitamin d added.",Dairies
"milled corn, sugar, contains or less of salt, malt extract, corn syrup, wheat starch. vitamins & minerals vitamin b, vitamin b, niacin, vitamin b, folic acid, vitamin b, vitamin a palmitate, vitamin c, vitamin d, reduced iron.",Plant-based foods and beverages
"sugar, enriched flour, palm oil, contains or less of soy lecithin, salt, artificial flavor, sodium bicarbonate, citric acid, yellow, yellow, red .",Snacks
"organic parboiled long grain white rice, organic precooked wild rice.",Meals
"cake sugar, enriched wheat flour, water, egg, soybean and canola oil, modified corn starch, whey powder, leavening, soybean lecithin, wheat gluten, salt, diacetyl tartaric acid esters of mono and diglycerides, artificial flavor. icing icing sugar, shortening, water, glucose, skim milk powder, mono and diglycerides, butter, artificial flavor, salt, color, polysorbate . sprinkles sugar, modified corn starch, palm kernel oil, corn starch, gum arabic, soybean lecithin, confectioner's glaze, color, artificial flavor, polysorbate .",Snacks
"enriched bleached flour, sugar, leavening, dextrose, contains or less of soybean oil, salt, egg yolk, natural and artificial flavor, calcium carbonate, corn starch, egg white, xanthan gum.",Snacks
milk with i. u. vit. d added per quart.,Dairies
"cherry water, sugar, high fructose corn syrup, corn syrup, contains less than of guar gum, citric acid, natural and artificial flavors, red #, orange water, sugar, high fructose corn syrup, corn syrup, contains less than of guar gum, citric acid, natural flavors, yellow #, red #, grape water, sugar, high fructose corn syrup, corn syrup, contains less than of gusr gum, citric acid, artificial flavors, red #, blue #.",Desserts
"organic peanuts, sea salt.",Plant-based foods and beverages
"carbonated water, blackberry juice concentrate, malic acid, natural flavor, potassium benzoate and potassium sorbate, sucralose, green tea, red, gum acacia, calcium chloride, calcium disodium edta, magnesium sulfate, niacinamide, ester gum, dcalcium pantothenate, pyridoxine hydrochloride, blue, biotin, cholecalciferol, cyanocobalamin .",Beverages
"cooked chickpeas, tahini, canola oil, roasted red pepper, piquante pepper, sea salt, citric acid, paprika, garlic.",Condiments
"turkey breast, turkey broth, contains or less salt, sugar, dextrose, sodium phosphate, sodium propionate, flavor, paprika.",Meats and their products
"jj's concentrate, organic brazil nuts, organic agave, himalayan pink salt.",Beverages
"peanuts, peanuts oil and/or cottonseed oil, salt, spices, onion and garlic, tomato powder, monosodium glutamate, dextrose, corn flour, extract of paprika, natural flavor.",Snacks
"milk chocolate, almonds, gum arabic, sugar, corn syrup, tapioca dextrin, coconut oil, confectioner's glaze.",Snacks
"mechanically separated chicken, beef water, contains or less potato starch, salt, sugar, paprika, sodium phosphate, flavorings, extract of paprika, ascorbic acid, sodium nitrite.",Meats and their products
"extravirgin olive oil, imported pecorino romano cheese ], basil, cilantro, pumpkin seeds, parsley, garlic, green onions, spearmint, lemon juice concentrate, sea salt, dill wees, black pepper.",Condiments
"tomatoes in juice, onions, salt, chili peppers [serrano and/or jalapeno), cilantro, pectin, citric acid .",Condiments
"pineapple, sugar, citric acid, sodium metabisulphite",Snacks
whole wheat flour.,Plant-based foods and beverages
"corn, water and lime.",Plant-based foods and beverages
"sugar, enriched flour, water, palm oil, hydrogenated palm kernel oil, cocoa processed with alkali, soybean oil, contains or less glycerin, nonfat dry milk, defatted soy flour, natural and artificial flavor, mono and diglycerides, sodium acid pyrophosphate, baking soda, sodium aluminum phosphate, egg yolk, soy lecithin, salt, whey, preservative, dextrose, dextrin, citric acid, enzymes, karaya gum, guar gum, cellulose gum, annatto and turmeric .",Snacks
"milk chocolate, peanut butter, annatto extract, natural flavors, confectioners glaze, gum arabic, corn syrup.",Snacks
"organic coconut milk, water, organic agave nectar, organic chocolate chips, organic inulin, organic tapioca syrup solids, organic guar gum, organic mint extract, sea salt, organic locust bean gum, organic spirulina powder .",Desserts
"tomato, onion, vinegar, jalapeno pepper, cilantro, green bell pepper, habanero pepper, salt, sugar, spices, citric acid, garlic, celery, lime juice.",Condiments
"premium brewed black tea using filtered water, high fructose corn syrup, natural flavors, natural bisulfate of soda, ascorbic acid, honey, panax ginseng extract.",Beverages
"shrimp, salt, sodium tripolyphosphate. cocktail sauce water, tomato paste, sugar, horseradish, salt, citric acid, acetic acid, modified tapioca starch, xanthan gum, carrageenan onion, garlic, spices.",Seafood
"water, beans, sugar, modified food starch, tomato paste, molasses, salt, natural flavorings, caramel color.",Plant-based foods and beverages
"distilled white vinegar, mustard seed, water, salt, turmeric, natural flavor, spices.",Condiments
"enriched bleached wheat flour, sugar, canola and/or soybean and/or palm oil, peanut butter, high fructose corn syrup, whole grain oats, corn syrup, contains or less of molasses, baking soda, salt, corn oil, artificial peanut butter flavor, natural and artificial flavors, caramel color, whey, eggs, soy lecithin .",Snacks
"dark chocolate, milk chocolate, organic cream, organic sugar, organic tapioca syrup, organic butter, vanilla extract, organic lemon juice and sea salt.",Snacks
"pasteurized partskim milk, cheese culture, salt, enzymes. contains milk . ง",Dairies
"water, sugar, coffee.",Beverages
"brewed soy sauce sugar, vinegar, wine, onion, garlic, green onion, ginger, roasted sesame seed, black pepper.",Condiments
"pork, beef, salt, corn syrup, contains or less of spices, natural smoke flavor, citric acid, dextrose, sodium erythorbate, sodium nitrite, flavoring, garlic powder, whole mustard seed, natural flavoring.",Meats and their products
"pork, seasoning, water",Meats and their products
"red raspberries, pure cane sugar, purified water, jalapeno peppers, dried chipotle, apple cider vinegar, natural hickory liquid smoke, fruit pectin, salt, onion.",Condiments
water pulp concentrate.,Plant-based foods and beverages
"whole grain rolled oats, sugar, dehydrated apples, cinnamon, salt, calcium carbonate, mono and diglycerides, natural flavors, guar gum, ferric phosphate, niacinamide, pyridoxine hydrocloride, riboflavin, vitamin a palmitate, thiamin mononitrate, folic acid.",Plant-based foods and beverages
"apples, peanuts, corn syrup, sugar, sweet and condensed milk, evaporated milk, hydrogenated soybean oil, soy flour, mono and diglycerides, artificial flavors, soybean oil, soy lecithin, citric acid.",Plant-based foods and beverages
"filtered water, organic white grape juice from concentrate, organic concord grape juice from concentrate, natural flavors, tartaric acid, ascorbic acid .",Plant-based foods and beverages
"unpasteurized cow's milk, salt, rennet.",Dairies
"white tuna, water, vegetable broth, salt, pyrophosphate.",Seafood
"seaweed, corn oil, sesame oil, teriyaki seasoning sea salt",Snacks
"sugar, enriched wheat flour [ wheat flour, niacin, ferrous fumarate, thiamin, riboflavin, folic acid], palm oil shortening nonhydrogenated, corn starch, water, cocoa powder, soy flour, soy lecithin, salt, natural flavor, citric acid, sodium bicarbonate .",Snacks
"organic white corn masa flour, water, organic sunflower oil, sea salt.",Snacks
"semolina, durum flour, niacin, ferrous sulfate, thiamin mononitrate, riboflavin, folic acid.",Plant-based foods and beverages
"edientes azúcar, pasta de cacao, teche en polvo, mante ca cacacahuate, almendra ó nuez, lecitina de soya, malta, in saborizantes acialee",Snacks
"filtered water, vital wheat gluten, soy sauce, garbanzo bean flour, defatted soy flour, garlic.",Plant-based foods and beverages
"peanuts, salt.",Plant-based foods and beverages
"flour [ wheat flour, enriched flour ], high fructose corn syrup, sugar, vegetable shortening, contains or less of the following cinnamon, rice dextrin, grape juice, whey, wheat gluten, salt, sodium bicarbonate, eggs, sodium alginate, soy lecithin, artificial flavor, cellulose gum, annatto extract, turmeric.",Snacks
"cultured pasteurized nonfat milk, peach base, nonfat dry milk, modified food starch, carrageenan, pectin, sucralose . contains active yogurt cultures. including l. acidophilus & b. bifidus",Dairies
"cultured grade a reduced fat milk, cane sugar, water, contains less than of acacia gum, modified food starch, natural flavors, vegetable juice, sodium citrate, malic acid, vitamin d.",Dairies
"red chili pepper, dehydrated onion, salt, maltodextrin, paprika, potato flour, spices, dehydrated garlic, sugar, dehydrated bell pepper, cottonseed oil, dehydrated green chilies, citric acid and dehydrated cilantro.",Condiments
"cashews, sugar, corn syrup, butter, baking soda, vanilla, salt",Snacks
"whole milk, soy lecithin .",Plant-based foods and beverages
"corn syrup sugar, dark chocolate, popcorn, butter, water, almonds, cashews, honey, brown sugar, salt, soy lecithin, natural flavor, bha/bht in corn oil to retard oxidation",Snacks
"sour cream, gelatin, sodium phosphate, guar gum, carrageenan, calcium locust bean gum, dehydrated onion, salt, sugar, hydrolyzed vegetable protein, monosodium glutamate, silicon dioxide, dehydrated parsley, dehydrated garlic, natamycin .",Condiments
"brown sugars, corn syrup, popcorn, butter, salt.",Snacks
"sugar, unsweetened chocolate, whole milk powder cocoa butter, oats, corn syrup, toasted coconut, sea salt palm oil, caramel color, soy lecithin an emulsifier, natural flavor, vanilla, tapioca syrup, tapioca dextrin, confectioner;s glaze.",Snacks
"beef, pasteurized process cheddar cheese [cheddar cheese, water, sodium phosphates, contains less than of enzyme modified cheese, salt, artificial color, natamycin and / or potassium sorbate ], bacon [cured with water, salt, sugar, smoke flavoring, sodium phosphates, sodium erythorbate, sodium nitrite], contains or less of maltodextrin, whey, cheddar cheese [ milk, cheese culture, salt, enzymes], encapsulated salt [salt, hydrogenated soybean oil], natural flavorings, sugar, autolyzed yeast extract, enzyme modified cheddar cheese [ milk, cheese cultures, salt, enzymes], buttermilk solids, salt, rendered bacon fat, natural smoke flavor, lactic acid, disodium inosinate and disodium guanylate.",Meats and their products
"pineapple juice concentrate and/or white grape juice or pear juice concentrates, strawberries, fruit pectin.",Plant-based foods and beverages
"cultured nonfat milk, food starchmodified, contains less than of cream, whey, propylene glycol monoester, sodium tripolyphosphate, agar, xanthan gum, cellulose gel, locust bean gum, cellulose gum, artificial color, potassium sorbate, natural and artificial flavor, vitamin a palmitate.",Dairies
"hemp hearts, organic evaporated cane sugar, organic brown rice syrup, organic vanilla flavor, sea salt",Snacks
"marshmallow flavored nonfat yogurt cultured ultrafiltered nonfat milk, chicory root extract, sugar, cultured skim milk, natural flavor, rebaudioside a, vitamin a palmitate, vitamin d, active cultures with l. acidophilus and b. bifidum. s'mores mixture graham crumbles, sugar, palm kernel oil, cocoa powder, buttermilk powder, salt, natural flavors.",Dairies
"chicken, water, thyme, salt, sugar, spices, sage",Meats and their products
"enriched bleached flour, apple filling, water, cinnamon flavored icing, vegetable oil, sugar, contains or less of leavening, dextrose, cinnamon, salt, corn starch, potassium chloride, wheat gluten, sodium stearoyl lactylate, xanthan gum, natural and artificial flavors, potassium sorbate, mono and diglycerides, polysorbate, colored with, maltodextrin, autolyzed yeast extract.",Snacks
"milk, cream, sugar, corn syrup, chocolate chips [powdered sugar, coconut oil, cocoa, cocoa, butter oil, soy lecithin, natural flavor], nonfat milk, whey powder, buttermilk powder, mono and diglycerides, contains one or more of the following gums, polysorbate, dextrose, natural and artificial vanilla flavors, annatto .",Desserts
"asparagus, water and salt.",Plant-based foods and beverages
"water, high fructose corn syrup, maltodextrin, sorbitol, glycerin, contains or less of the following carrageenan and locust bean gum, citric acid, natural and artificial flavors, sodium citrate, sodium benzoate and potassium sorbate, caramel color, red, blue .",Desserts
"lowfat yogurt cultured pasteurized grade a lowfat milk, sugar, food starchmodified, natural flavors, potassium sorbate, vitamin a palmitate, vitamin d. oreo cookie pieces unbleached enriched flour, , sugar, palm and/or canola oil cocoa, high fructose corn syrup, leavening, cornstarch, salt, soy lecithin, vanilla an artificial flavor, chocolate. contains active yogurt cultures including l. acidophilus & bifidus.",Dairies
"pineapple, sugar, sulphur dioxide added to promote color retention.",Snacks
"water, beef, rehydrated potatoes, less than salt, sugar, spice, flavorings, sodium nitrite.",Meats and their products
"skip jack tuna, water, vegetable broth, salt.",Seafood
"red lentils, whole sorghum flour, rice meal, sunflower oil, balsamic herb seasoning, pea protein, carrot powder, golden quinoa, calcium carbonate, extractive of paprika.",Snacks
"cheese, garlic & herb mix .",Dairies
"cured with water, and or less dextrose, salt, sodium phosphate, sodium erythorbate, sodium nitrite, sodium propionate.",Meats and their products
"water, sucralose, orange pekoe and pekoe cut black tea.",Plant-based foods and beverages
"filling freerange chicken, cabbage, scallions, canola oil, soy sauce, honey, ginger, kosher salt, garlic, chinkiang vinegar, spices. dough wrapper unbleached wheat flour, water, potato starch, canola oil, kosher salt, lye water. contains soy and wheat .",Frozen foods
"organic oat blend, organic tapioca syrup, organic cane syrup, organic chocolate chips, organic fig paste, organic cocoa, organic soy butter, organic chocolate, natural flavors, organic milled flaxseed, organic sunflower oil, sea salt, baking soda. vitamins & minerals calcium carbonate, dicalcium phosphate, ascorbic acid, ferric orthophosphate, zinc oxide, niacinamide, beta carotene, thiamin mononitrate, riboflavin, pyridoxine hydrochloride, folic acid, cyanocobalamin .",Snacks
"carbonated water, high fructose corn syrup, caramel color, phosphoric acid, natural flavor, caffeine.",Beverages
"minced alaska pollock, enriched wheat flour, water, vegetable oil, enriched bleached wheat flour, wheat flour, yellow corn flour, contains or less of salt, caramel color, corn starch, natural flavors, leavening, dextrose, onion powder, sugar, modified cellulose, yeast, paprika extract, annatto extract, and turmeric extract .",Seafood
"jelly candies with fruit flavor; sugar, glucose syrup, water, pectin, citric acid, nature identical aroma, food coloring .",Snacks
"nonfat milk, sugar, miniature marshmallows, cream, corn syrup, cocoa processed with alkali, roasted almonds, whey protein, maltodextrin, propylene glycol monostearate, guar gum, xanthan gum, carrageenan, natural flavor, vitamin a palmitate.",Desserts
"fortified wheat flour, thiamin ), water, strawberry pieces, sugar, _wheat _fibre, palm fat, gelling agent, acidity regulator, colouring ), natural flavouring), sugar, maize starch, strawberry purée, partially inverted refiners syrup, malted barley flour, vegetable fat, natural flavourings, salt, yeast, preservative .",Snacks
"milk, cream, corn syrup, high fructose corn syrup, whey, buttermilk, sugar, cocoa processed with alkali, contains less than of mono and diglycerides, carob bean gum, guar gum, cellulose gel, cellulose gum, carrageenan, vitamin a palmitate.",Desserts
"water, sugar, lemon juice from concentrate, strawberry juice concentrate natural flavors, tea, phosphoric acid, potassium sorbate & sodium benzoate .",Beverages
"enriched yellow corn meal, enriched bleached wheat flour, leavening, and salt.",Plant-based foods and beverages
"milk, cream, sugar, corn syrup, banana puree, skim milk, wheat flour, sweetened condensed skim milk, butter, whey, water, modified cornstarch, natural and artificial flavors, eggs, mono and diglycerides, salt, lemon juice concentrate, cellulose gum, gum arabic, color added, guar gum, polysorbate, carrageenan.",Desserts
"pasteurized milk, vinegar, salt, enzymes.",Dairies
"whole green olives variety ""bella di cerignola"", water, salt, acidity regulator citric acid, antioxidant ascorbic acid.",Salted snacks
"purified water, contains less than of natural flavor, citric acid, sodium citrate, sucralose, sodium hexametaphosphate, potassium sorbate and sodium benzoate to protect flavor.",Beverages
"durum wheat semolina, [enriched with iron and b vitamins ].",Plant-based foods and beverages
"selected plantains, non hydrogenated palm oil, salt.",Snacks
"organic raisins, organic cashews, organic apricots, organic cranberries, organic almonds, organic sunflower seeds, organic maple syrup, organic pepita seeds, organic walnuts, organic tart cherries, organic apple juice concentrate, organic cherry juice concentrate, sea salt, organic extra virgin olive oil, organic spices, organic rosemary, organic orange zest, organic rice flour, organic sunflower oil.",Snacks
"organic ground yellow corn, organic sunflower oil, and sea salt.",Snacks
"enriched long grain parboiled rice, garlic, corn maltodextrin, salt, yeast extract, onion, natural flavor, sugar, soy sauce, spices, disodium inosinate & guanylate, turmeric, soy lecithin, and extractives of annatto.",Meals
"certified glutenfree rolled oats, semisweet chocolate chips, organic honey, brown sugar, expeller pressed sunflower oil, hazelnuts, ground flax seed, water, coconut, cocoa powder, maple syrup, pure vanilla extract, sea salt, cinnamon, tocopherols .",Plant-based foods and beverages
"semolina, durum flour, niacin, ferrous sulfate, thiamin mononitrate, riboflavin, folic acid.",Plant-based foods and beverages
"almonds, vegetable oil, sea salt.",Plant-based foods and beverages
"carbonated water, caramel color, tartaric acid, malic new acid, stevia extract sweetener, natural flavors, caffeine.",Beverages
"avocado, tomato, onion, fresh lime juice, cilantro, cubanelle pepper, sea salt, garlic, jalapeno pepper",Condiments
"sugar, glucose syrup, modified starch, citric acid, artificial flavors, palm wax, red, titanium dioxide.",Snacks
"whole corn, soybean or sunflower oil, cheddar cheese blend, salt, paprika, tomato, yeast extract, citric acid, turmeric extract, whey, lactic acid, red chili pepper, onion, natural butter flavor, garlic.",Snacks
"water, whole grain wheat flour, unbleached wheat flour, wheat gluten, oat fiber, sunflower kernels, whole grain rolled oats, corn flakes, honey, brown sugar, yeast, resistant corn starch, soybean oil, resistant dextrin, cultured wheat flour, salt substitute, raisin juice, cornstarch, wheat starch, vinegar, malted barley flour, calcium sulfate, sodium chloride, enrichment [ferrous sulfate, thiamine hydrochloride, riboflavin, niacin, folic acid], ascorbic acid, soy lecithin topped with rolled oats.",Plant-based foods and beverages
"enriched flour, maltitol, vegetable shortening, oats, polydextrose, cornstarch, corn flour, salt, baking soda, cinnamon, natural and artificial flavors, sodium acid pyrophosphate, soy lecithin, monocalcium phosphate, annatto color, sucralose .",Snacks
"corn syrup, sugar, gelatin, citric acid, sorbitol, natural and artificial flavors, lactic acid, titanium dioxide, fd&c red #.",Snacks
"chocolate flavored coating, hydrolyzed collagen, peanut flour, protein blend, glycerin, maltitol syrup, soy crisps, water, peanuts, peanut oil, sucrose, salt, natural flavor, sucralose, almond butter, soy lecithin .",Snacks
"spinach, water, salt",Plant-based foods and beverages
"nongmo expeller pressed canola oil, filtered water, asiago cheese, white wine vinegar, lemon juice concentrate, pasteurized egg yolk, worcestershire sauce, sea salt, sugar, mustard flour, black pepper, onion, garlic, xanthan gum.",Condiments
"dried potatoes, vegetable oil, corn flour, wheat starch and maltodextrin. contains or less of rice flour, sugar, salt, dextrose, mustard, modified corn starch, sodium diacetate, monosodium glutamate, onion powder, garlic powder, honey, citric acid, natural flavor, medium chain triglycerides, disodium guanylate, disodium inosinate, rosemary extract and turmeric .",Snacks
"enriched flour, water, buttermilk, sugar, eggs, contains or less of leavening, soybean and/or canola oil, fructose, salt, natural flavor, soy lecithin ., vitamins and minerals vitamin a palmitate, reduced iron, niacinamide, vitamin b, vitamin b, vitamin b, vitamin b.",Snacks
"enriched flour bleached, sugar, semisweet chocolate chips, butter, corn syrup, vegetable glycerin, palm kernel oil. contains or less of cocoa processed with alkali, molasses, baking soda, salt, soy lecithin, natural flavor, whole milk solids, caramel color, egg white .",Snacks
"pears, water, pear juice concentrate.",Plant-based foods and beverages
"reduced fat milk, vitamin a palmitate, vitamin d.",Dairies
"yellow corn flour, yellow corn meal.",Condiments
"milk chocolate, sugar, hydrogenated palm kernel oil, hazelnut flour, dextrose, cornstarch, less than corn syrup, dextrin, salt, coloring, carnauba wax, natural flavor, propyl gallate to maintain freshness, gum acacia",Snacks
"tomato concentrate made from vine ripened tomatoes, high fructose corn syrup, distilled vinegar, corn syrup, salt, less than of onion powder, garlic powder, natural flavors.",Condiments
"peanuts, pumpkin seeds, churritos, chick peas with salt, chile & lemon",Snacks
"corn syrup, sugar, natural peppermint oil, natural & artificial spearmint flavor, artificial colors including titanium dioxide, red, blue, yellow .",Snacks
"organic milk, organic strawberries, organic cream, organic evaporated cane juice, organic egg yolks, organic nonfat milk, organic vanilla extract, organic balsamic vinegar.",Desserts
"cream cheese, pumpkin, sugar, eggs, caramel, enriched flour, pralines, spices, natural and artificial flavor, baking soda, baking powder, caramel color, soy lecithin .",Snacks
"steamed bun, braised pork, carrots, green onions, seasoned rice vinegar .",Frozen foods
"tomatoes, crushed tomatoes, onions, olive oil, whey protein, parmesan cheese ), romano cheese ), salt, garlic, basil, spices, sugar, vodka, xanthan gum.",Condiments
"sugar, whey, cocoa, corn syrup solids, nonfat milk, coconut oil contains or less of each of the following whey protein concentrate, salt, sodium caseinate, anticaking agent, dipotassium phosphate, emulsifier, color, artificial flavor",Beverages
"vinegar, water, mustard seed, salt, horseradish powder, red pepper.",Condiments
"apricots, sugar, concentrated lemon juice, fruit pectin",Plant-based foods and beverages
"enriched flour, peanuts, sugar, dextrose, water, palm oil, malt, canola oil, monoglycerides, salt, honey powder, molasses powder, guar gum, natural flavor, wheat gluten, yeast, soda.",Snacks
"tomatoes, tomato juice, less than of calcium chloride, citric acid.",Plant-based foods and beverages
"peanuts, seasoning, whey, partially hydrogenated soybean oil, maltodextrin, salt, disodium phosphate, pasteurized cultured milk, nonfat milk, citric acid, enzymes, artificial color ), salt, whey, natural flavors including bacon, maltodextrin, bacon fat, natural smoke flavor), autolyzed yeast extract, hydrolyzed corn protein, buttermilk powder, citric acid, parsley, lactic acid, extractives of paprika and turmeric, less than silicon dioxide added to prevent caking), peanut oil.",Plant-based foods and beverages
"milled corn, sugar, salt, malted barley syrup. vitamins and minerals sodium ascorbate, reduced iron, niacinamide, pyridoxine hydrochloride, riboflavin, thiamin mononitrate, vitamin a palmitate, folic acid, vitamin b, vitamin d.",Plant-based foods and beverages
"pasteurized milk, red and green jalapeno peppers, cheese culture, salt, enzymes.",Dairies
"sugar, jalapeno peppers, lemon juice, pectin.",Plant-based foods and beverages
"chicken breast with rib meat, water, soybean oil, corn starch, kosher salt, dehydrated vinegar, dextrose, garlic powder, onion powder, natural flavor, sugar, xanthan gum, black pepper.",Meats and their products
"pumpkin seeds, salt.",Snacks
"water, soy sauce, sugar, rice vinegar, cilantro, toasted sesame oil, ginger puree, garlic puree, arrowroot powder, sesame seeds, xanthan gum, dried chives, crushed red peppers",Condiments
"fried pork skins, salt, dextrose, chili pepper, hydrolyzed soy protein, modified food starch, annatto extract, paprika, sugar, dehydrated garlic, citric acid, spice extractives.",Snacks
"monterey jack cheese, cheddar cheese, queso quesadilla cheese, asadero cheese, anticake, natamycin .",Dairies
"milk chocolate, toasted coconut, black lava sea salt, coconut cream extract .",Snacks
"enriched flour, salt, yeast, rosemary extract, mixed tocopherols, canola oil, soda. contains wheat .",Snacks
"biscuit mix bleached enriched flour, canola oil, palm oil, cornstarch, contains or less of the following sodium bicarbonate, sodium aluminum phosphate, monocalcium phosphate, salt, nonfat milk, sugar. herb seasoning garlic powder, resistant maltodextrin, salt, onion powder, soy flour, sugar, spice, sodium aluminosilicate malic acid, natural butter flavor, annatto color, turmeric color.",Snacks
"peanuts, dates, cacao, egg whites, oats, cocoa powder, sea salt, spinach, flax seed, peppermint oil",Meals
"enriched wheat flour [flour, malted barley flour, reduced iron, niacin, thiamin mononitrate, riboflavin, folic acid], water, whole wheat flour, potato flakes, yeast, soybean oil, wheat gluten, sugar, salt, honey, molasses, calcium sulfate, wheat bran, caramel color, calcium propionate, datem, ethoxylated mono and diglycerides, monoglycerides, monocalcium phosphate, soy lecithin, potassium iodate.",Plant-based foods and beverages
"whole grain wheat flour, enriched flour, soybean and palm oil, sugar, corn starch. contains or less of; malt syrup, invert sugar, salt, wheat gluten, vegetable color, sodium sulfite.",Snacks
"apple, cherry, strawberry and blueberry juices from concentrate, citric acid, natural flavors, ascorbic acid, fruit and vegetable juice .",Plant-based foods and beverages
"milkfat and nonfat milk, sorbitol, polydextrose, contains less than of whey protein concentrate, natural and artificial flavor, mono and diglycerides, guar gum, calcium sulfate, carob bean gum, aspartame, carrageenan, acesulfame potassium, annatto, vitamin a palmitate.",Desserts
"roasted fresh tomato, tomato, filtered water, fresh onion, roasted garlic, tomato paste, fresh cilantro, salt, guajillo chile, smoked paprika, distilled white vinegar, chipotle chile.",Condiments
"cottage cheese cultured skim milk, whey protein concentrate, milk, cream, contains or less of salt, guar gum, mono and diglycerides, carob bean gum, natural flavor, potassium sorbate and carbon dioxide, carrageenan, polysorbate, enzymes. pineapple fruit base pineapples, water, crystalline fructose, corn starch, natural flavors and citric acid.",Dairies
"imported italian tomatoes, fresh tomatoes, imported olive oil, onions, carrots, celery, water, salt, garlic, corn starch, fresh basil, black pepper, baking soda, honey.",Condiments
"carbonated water, natural flavors.",Beverages
"beef, water, brown sugar, salt. contains or less of flavorings, vinegar, hydrolyzed soy protein, sodium erythorbate, citric acid, paprika oleoresin, sodium nitrite.",Snacks
"consist of milk chocolate {sugar, whole milk, cocoa butter, chocolate, soy lecithin, vanillin }, pecans, corn syrup, dairy cream, sugar, condensed milk, partially hydrogenated palm kernel oil, invert sugar, brown sugar, salt, natural flavors, and soy lecithin .",Snacks
"made from local new hampshire milk, salt, cultures, enzymes.",Dairies
"tomato puree, diced tomatoes in tomato juice, sugar, vegetable oil, contains less than of salt, dehydrated garlic, onion powder, spices, citric acid, dehydrated parsley",Condiments
"water, nonfat milk, sugar, modified corn starch, vegetable oil, less than of salt, calcium carbonate, natural flavor, sodium stearoyl lactylate, cinnamon, color added . contains milk .",Desserts
"beef, pork, salt, tiitletown canadeo gold beer, spices, dextrose, sodium erythorbate, lactic acid starter culture, sodium nitrite.",Meats and their products
"skim milk, vitamin a palmitate, vitamin d",Dairies
"sugar, cherries, fruit pectin, citric acid",Plant-based foods and beverages
"sunflower seeds, salt, vegetable oil, maltodextrin, vinegar powder, dextrose, monosodium glutamate, spice, spice, extract, citric acid, garlic & onion.",Snacks
"chicken, water, contains or less of roasted garlic, sea salt, sugar, onion powder, garlic powder, dried onion, natural flavors, in a natural pork casing. manufactured by al fresco all natural, chelsea, ma fat is reduced from g to g per g serving",Meats and their products
"jalapeno peppers, water, vinegar, iodized salt, onions, spices and soybean oil.",Salted snacks
"enriched flour, water, rye flour, contains or less of each of the following yeast, corn starch, rye flakes, salt, caraway seeds, soybean oil, high fructose corn syrup, caramel color with sulfites, wheat gluten, wheat flour, acetic acid, lactic acid, calcium propionate, mono and diglycerides, dehydrated onion, dehydrated garlic, calcium sulfate, spices, enzymes, citric acid, high oleic canola oil, ascorbic acid, polysorbate, silicon dioxide, propionic acid, phosphoric acid",Plant-based foods and beverages
"soybean oil, tomato paste, egg yolks, water, vinegar, high fructose corn syrup, corn syrup, salt, garlic powder, onion powder, spices, natural flavors, vegetable juice extract, aquaresin garlic, black pepper, xanthan gum, ascorbic acid, potassium sorbate and sodium benzoate, calcium disodium edta added to protect flavor.",Condiments
"sugar, wheat flour, partially hydrogenated vegetable fat or vegetable fat, fat reduced cocoa powder, fullfat soya flour, chocolate, salt, acidity regulator sodium bicarbonate, artificial vanilla flavor. cocoa solids min., in chocolate. may contain milk solids and hezelnuts.",Snacks
"carbonated water, citric acid, sodium citrate, natural & artificial flavors, potassium sorbate, acesulfame potassium, caffeine, sucralose, sodium benzoate, niacinamide, pyridoxine hydrochloride.",Beverages
"pasteurized partskim milk, cheese cultures, salt, enzymes, annatto, vitamin a palmitate.",Dairies
"stone ground corn, sunflower and/or canola and/or corn oil, sprouted seed and grain blend, spiracha seasoning .",Snacks
"pork, salt, pinot noir wine, sugar, pink peppercorn, dextrose, flavorings, ascorbic acid, lactic acid starter culture, sodium nitrite, sodium nitrate.",Meats and their products
unfiltered extra virgin olive oil.,Plant-based foods and beverages
"sugar, maltodextrin, gum arabic, tartaric acid, rice starch, natural and artificial flavors, malic acid, magnesium stearate, citric acid, dried acerola extract, dried passionfruit, dried green apple, carnauba wax, ascorbic acid, yellow, yellow, red, blue .",Snacks
"soybean oil. egg yolks, water, distilled vinegar, spice, salt and calcium disodium edta .",Condiments
"degerminated nongmo corn meal, expeller pressed safflower oil, sea salt, extra virgin olive oil, natural flavors.",Snacks
"yukon gold potatoes, water, cream, salted butter, cornstarch, sea salt, black pepper.",Meals
"beef, water, corn syrup, salt, dextrose, potassium lactate, sodium phosphates, sodium diacetate, natural flavor, sodium erythorbate, sodium nitrite. packed in natural pork casing.",Meats and their products
"sugar, enriched flour, vegetable oil shortening, peanut butter, high fructose corn syrup, cocoa, cornstarch, corn sugar, salt, baking soda, soy lecithin, monocalcium phosphate, natural and artificial flavor, ammonium bicarbonate.",Snacks
"pork, mechanically separated chicken, water, contains or less of corn syrup, salt, potassium lactate, dextrose, flavorings, sodium diacetate, sodium erythorbate, sodium nitrite.",Meats and their products
"milk, cream, skim milk, buttermilk, whey, corn syrup, high fructose corn syrup, sugar, contains or less of mono & diglycerides, guar gum, sodium phosphate, cellulose gum, sodium citrate, polysorbate, carrageenan, citric acid, natural and artificial flavor, red .",Desserts
"tomato sauce ], water, onion, garlic, blended oil / [canola oil, extra virgin olive oil], food starch modified, kosher salt, oregano, basil, parsley, chili pepper), turkey meatballs ], whole eggs with citric acid, bread crumbs [enriched flour, high fructose corn syrup, corn syrup, partially hydrogenated vegetable oils, water, or less of yeast, honey, molasses, sugar, wheat gluten, whey, soy flour, whole wheat flour, rye flour, corn flour, oat bran, corn meal, rice flour, potato flour, butter, dough conditiners, yeast nutrients, distilled vinegar, skim milk, buttermilk, lactic acid, calcium propionate and sodium sorbate, sesame seeds, parsley, garlic, spices, parmesan and/or romano cheese ], roasted garlic, parsley, kosher salt, black pepper), spaghetti pasta [water, semolina [ wheat ], durum flour, niacin, iron [ferrous sulfate], thiamine mononitrate, riboflavin, folic acid).",Frozen foods
"whole grain brown rice, sugar, spice, malic acid, natural flavor.",Snacks
"water, sugar, vinegar, mustard seed, salt, dehydrated vegetables, natural flavor, paprika, turmeric.",Condiments
"organic pitted kalamata olives, salt, organic extra virgin olive oil, organic red wine vinegar, organic sunflower oil, organic herbs and organic spices, lactic acid.",Salted snacks
pork and sea salt.,Meats and their products
"water, split pigeon peas, onion, green garbanzos, tomatoes in juice, sweet corn, sunflower oil, tomato paste, coriander, sea salt, red jalapeno pepper, tamarind paste, cumin, turmeric, cayenne, black pepper, fenugreek.",Meals
"pasteurized milk, salt, cheese cultures, cellulose powder added to prevent caking, enzymes, natamycin .",Dairies
"sugar, unsweetened chocolate, cocoa butter, whole milk powder, vegetable oils, almonds, skim milk powder, hazelnuts, lactose, milk fat, coffee, wafer, soy lecithin an emulsifier, caramel powder, barley malt extract, vanillin artificial flavor, vanilla, orange oil.",Snacks
"organic nonfat milk, organic milk, vitamina palmitate, vitamin d.",Dairies
"water, high fructose corn syrup, contains less than of natural flavors, citric acid, sodium citrate, acacia gum, ester gum, red, sodium benzoate, calcium disodium edta .",Beverages
"bleached enriched wheat flour, peanut butter, margarine, citric acid, natural & artificial flavor, beta carotene, vitamin a palmitate, whey ), sugar, brown sugar, eggs, milk, baking powder, salt",Snacks
"gluten free elbow noodles, whole milk, heavy cream, butter, water, cheddar cheese, monterey jack cheese, parmesan cheese, corn starch, potato flour, annatto, sea salt, spices, xanthan gum.",Frozen foods
"salt, garlic powder, paprika, onion powder, spice, dextrose, yeast extract, soybean oil, parsley.",Condiments
"peppers, water, vinegar, citric acid, salt, sodium..., sodium benzoate, f&c yellow #.",Plant-based foods and beverages
"made from sugar, water, vegetable oils, bleached wheat flour, eggs, high fructose corn syrup, contains percent or less of cocoa processed with alkali, corn syrup, chocolate, dextrose, modified cornstarch, polyglycerol esters of fatty acids, baking powder, maltodextrin, salt, natural flavor, baking soda, glyceryllacto esters of fatty acids, mono anddiglycerides, guar gum, gelatin, sodium caseinate, polysorbate, xanthan gum, soy lecithin, whey, annatto extract . contains egg, wheat, milk, soy .",Snacks
"pumpkin bar, salt, water], eggs, soybean oil, crystalized ginger [ginger, cane sugar], baking soda, bourbon vanilla extract [water, alcohol, sugar, vanilla bean extractives), salt, cinnamon, ginger, nutmeg), cream cheese swirl, cheese culture, salt, carob bean gum, guar gum], sour cream [cultured nonfat milk and cream, cornstarch, whey protein concentrate, guar gum, carrageenan, carob bean gum, enzymes], sugar, egg whites, maltodextrin, cultured lowfat buttermilk [cultured lowfat milk, salt, natural flavor], wheat flour, sugared egg yolks [ egg yolks, sugar], lactic acid, calcium lactate, salt), graham crust, salt, water], sugar, egg whites ), pumpkin pie swirl, cheese culture, salt, carob bean gum, guar gum] light brown sugar, eggs, fructose, food starch modified, salt, cinnamon, ginger, nutmeg, cloves, annatto extract [for color]).",Snacks
"pork, water, salt, corn syrup solids, seasoning, sodium phosphate, sugar, caramel coloring, monosodium glutamate.",Frozen foods
"dried sweetened cranberries, almonds, chocolate chunks, raisins coated with less than sunflower and/or canola oil, walnuts .",Snacks
"almonds, sunflower seeds, brown rice syrup, honey, puffed millet, puffed rice, blueberries, pure lemon oil.",Snacks
"sugar, wheat, corn syrup, salt, honey, caramel color. vitamins and minerals thiamin mononitrate, calcium pantothenate, folic acid.",Plant-based foods and beverages
"water, corn starch, corn flour, rice flour, psyllium seed husks, dextrose, modified cellulose, sunflower oil, soy protein, yeast, salt, apple fiber, tartaric acid, citric acid, calcium citrate, niacin, iron, thiamine, riboflavin.",Plant-based foods and beverages
"wheat flour, corn syrup, sugar, highly refined coconut oil, high fructose corn syrup, dextrose, modified whey, skim milk, cream, mono & diglycerides, palm oil, corn starch, salt, natural & artificial flavor, soy lecithin .",Snacks
"sugar, enriched bleached flour, whey, hydrogenated palm kernel oil, corn syrup, palm oil, dextrose, eggs, high fructose corn syrup, cocoa, contains or less of each of the following egg yolks, glycerine, malt extract, cornstarch, emulsifiers, caramel color, salt, modified food starch, leavening, soybean oil, mono and diglycerides, guar gum, polysorbate, xanthan gum, partially hydrogenated soybean oil, natural and artificial flavors, maltodextrin, cellulose gum, soy lecithin, fd&c red #, preserved with sorbic acid, sodium propionate and potassium sorbate.",Snacks
"cashews, almonds, pecans, pistachios, peanut oil, salt.",Snacks
"pasteurized cows milk, salt, dairy cultures, color annatto, clotting enzyme.",Dairies
skipjack tuna and water.,Seafood
"enriched bleached flour, high fructose corn syrup, sugar, corn syrup, dextrose, corn flour, palm oil, figs, corn binder, flaked corn, whole wheat flour, wheat bran, calcium carbonate, salt, oats, natural and artificial flavors, sodium bicarbonate, soy lecithin, sodium benzoate and potassium sorbate as preservatives, ammonium bicarbonate, apple powder, modified food starch, citric acid, strawberry puree, fd&c red #, caramel color, pectin, locust bean gum.",Snacks
"dumplings, dipping sauce, sugar, distilled vinegar, ginger puree, garlic puree, spice).",Meals
"chicory root extract, semisweet chocolate chips, whole grain oats, corn syrup, rice flour, barley flakes, sugar, canola and palm kernel oil, vegetable glycerin, corn starch, maltodextrin, tricalcium phosphate, soy lecithin, sugarcane fiber, dutch cocoa, salt, water, fructose, malt extract, natural flavor, cellulose gum, baking soda, whole milk solids, vitamin e added to retain freshness.",Snacks
"protein blend, glycerine, dried cane syrup, chocolate chips, cocoa, organic tapioca syrup, water, organic blue agave syrup, milk chocolate flavored coating, high oleic safflower oil, natural flavors, butter, cocoa extract, soy lecithin, sea salt.",Snacks
"mushrooms, water, salt, calcium disodium edta .",Plant-based foods and beverages
"pork, beef, salt, dextrose, spices sugar, caraway seed, lactic acid starter culture, garlic, sodium nitrite. collagen casing.",Meats and their products
"enriched wheat flour, water, vegetable oil, sugar, yeast, , contains less than of the following, cultured wheat, salt, malted barley flour, , white distilled vinegar, ascorbic acid, , enzymes., contains wheat",Plant-based foods and beverages
"made from pasteurized milk, culture, salt, enzymes, and annatto color.",Dairies
"jalapeno peppers, apple cider vinegar, high fructose corn syrup, water, rum, contains less than of salt, natural flavor, calcium chloride, sodium benzoate and caramel color.",Salted snacks
"fruit juices from concentrates, corn syrup, sugar, modified corn starch, fruit purees, fish gelatin, citric acid, lactic acid, natural and artificial flavors, ascorbic acid, alpha tocopherol acetate, vitamin a palmitate, sodium citrate, coconut oil, carnauba wax, redo, and blue, contains fish gelatin.",Snacks
"organic whole grain toasted oats, organic brown rice syrup, organic whole grain brown rice flour, organic cane sugar, organic dried blueberries, organic oat syrup solids, organic molasses, contains less than of the following organic vanilla extract, salt, natural flavor, soy lecithin .",Snacks
"sugar, hazelnuts, unsweetened chocolate, whole milk powder, cocoa butter, sea salt, soy lecithin, tapioca starch, glucose syrup, confectioner's glaze, vanilla extract.",Snacks
"canola oil, vinegar, cane sugar, water, fresh onions, hawallan papaya seeds, salt, garlic powder, spices, xanthan gum.",Condiments
"peanut butter, gluten free oats, chocolate chips, maple syrup, organic brown rice syrup, raisins, water, dried coconut, sunflower seeds, organic palm oil, vanilla extract, cinnamon, salt",Snacks
"pasteurized milk, cheese culture, salt, enzymes, annatto .",Dairies
"canola oil, water, sugar, rice vinegar and grain vinegar, fish sauce, ginger, shallot, garlic, egg yolks, thai basil, corn starch, sea salt, gum acacia and xanthan gum, mustard powder, dehydrated dill, lemon juice concentrate, white pepper, natural flavors.",Condiments
"sugar, glucose syrup, water, citric acid, peppermint oil, titanium dioxide, artificial color .",Snacks
"grade a pasteurized milk, cane sugar, pure vanilla extract, honey, vanilla bean, kosher gelatin, pectin, live active cultures .",Dairies
"durum wheat semolina flour, water",Plant-based foods and beverages
"turkey, turkey broth, honey, contains less than sea salt, rice starch, carrageenan, smoke flavoring, celery juice powder and cherry powder.",Meats and their products
"sugar, corn syrup, modified food starch, contains or less of the following peach puree concentrate, raspberry puree, strawberry juice concentrate, apple juice concentrate, cherry juice concentrate, watermelon juice concentrate, lime juice concentrate, blueberry puree, lemon puree, orange puree, citric acid, fumaric acid, lactic acid, sodium citrate, sodium lactate, tapioca dextrin, chocolate liquor, cocoa butter, soy lecithin, cocoa powder, natural and artificial flavors, color added, red lake, red, yellow, lake, yellow, , blue, lake, blue, turmeric, beeswax, carnauba wax, confectioner's glaze, salt",Snacks
"cultured pasteurized grade a nonfat milk, blackberries, modified corn starch, sugar, kosher gelatin, citric acid, tricalcium phosphate, natural favor, potassium sorbate added to maintain freshness, acesulfame potassium, sucralose, blue #, vitamin a acetate, red #, vitamin d.",Dairies
"macadamia nuts, almonds, cashews, peanut and/or soy oil, salt.",Snacks
"cultured pasteurized grade a nonfat milk, strawberries, modified corn starch, fructose, natural flavors, kosher gelatin, sucralose, potassium sorbate, acesulfame potassium, vitamin a palmitate, vitamin d. contains live and active cultures [s. thermophilus, l. bulgaricus, l. acidophilus, bifidus, l.casei).",Dairies
"prepared beans, water, brown sugar, tomato paste sugar, bacon, salt, modified corn starch, spice, onion powder, natural flavor, oleoresin paprika.",Plant-based foods and beverages
"icing sugar, sugar, shortening, water, enriched wheat flour, egg, soybean and canola oil, glucose, cocoa powder, modified corn starch, whey powder, skim milk powder, leavening, soybean lecithin, wheat gluten, butter, salt, mono and diglycerides, artificial flavor, color, diacetyl tartaric acid esters of mono and diglycerides, palm kernel oil, corn starch, confectioner's glaze, gum arabic, polysorbate .",Snacks
"cranberries, sugar, pomegranate juice concentrate, malic acid, natural flavor, elderberry juice concentrate",Plant-based foods and beverages
"milk chocolate, natural toffee, nonhydrogenated coconut oil, sea salt. rainforest alliance certified",Snacks
"oil, roasted peanuts, sugar, corn syrup, contains less than of the following salt, glycerin, egg whites, confectioner's glaze, natural and artificial flavors, mineral oil, honey, carnauba wax, coconut oil, artificial colors .",Snacks
"pork, beef, salt, or less of spices, dextrose, lactic acid starter culture, oleoresin of paprika, flavoring, sodium ascorbate, sodium nitrite, bha, bht, citric acid.",Meats and their products
"wheat flour, corn syrup, dextrose, sugar, partially hydrogenated soybean oil, high fructose corn syrup, modified whey, skim milk, cream, mono and diglycerides, salt, lecithin, corn starch, and artificial flavors.",Snacks
"pasteurized organic whole milk, pasteurized organic cream, organic nonfat dry milk, salt, l. acidophilus, b. bifidum and strains of lactic cultures.",Dairies
"filtered water, cashews, cane sugar, salt, natural flavors.",Plant-based foods and beverages
"corn syrup, sugar, peanuts, butter, bicarbonate of soda and salt.",Snacks
"corn masa flour, water, contains or less of cellulose gum, guar gum, amylase, and propionic acid, benzoic acid and phosphoric acid .",Plant-based foods and beverages
"organic reduced fat milk, organic fat free milk, vitamin a palmitate, vitamin d.",Dairies
"cooked enriched lasagna pasta, tomatoes, half & half, water, mozzarella cheese, cooked beef, cooked pork, wine, onion, tomato paste, spices, butter, carrots, asiago cheese, romano cheese, modified cornstarch, parmesan cheese, garlic, celery, salt, spinach, wheat flour .",Frozen foods
"water, soybean oil, sugar, vinegar, egg yolks, modified food starch, salt, dextrose, dried garlic, dried onion and natural flavors",Condiments
"gingerbread enriched wheat flour, sugar, vegetable oils, molasses, water, cinnamon, leavening, ginger, salt, caramel color. premade icing powdered sugar, water, vegetable oils, corn syrup and high fructose corn syrup, modified cornstarch, salt, soy mono and diglycerides, artificial flavor, citric acid, polysorbate, preservative potassium sorbate, color . jelly hearts sugar, corn syrup, modified cornstarch, citric acid, natural and artificial flavor, colors . gum balls sugar, dextrose, corn syrup, gum base, cornstarch, natural and artificial flavor, confectioner's glaze, glycerin, tapioca dextrin, carnauba wax, colors, preservative bht. spearmint leaves corn syrup, sugar, cornstarch, modified cornstarch, colors, natural spearmint oil. pinwheels sugar, corn syrup, natural flavor, artificial color . mini beads dextrose, glucose, maltodextrin, calcium stearate, citric acid, malic acid, tapioca dextrin, natural and artificial flavors, confectioner's glaze, carnauba wax, colors .",Snacks
"freeze dried beans, airdried veggies, organic spices.",Plant-based foods and beverages
"chunk pineapple, water, citric acid and sucralose.",Plant-based foods and beverages
"ezekiel blend, organic raisins, organic malted barley, organic agave, sea salt, organic rosemary extract.",Plant-based foods and beverages
"nonfat milk, milk, vitamin a palmitate, vitamin d.",Dairies
"whole grain wheat, sugar, contains or less of brown rice syrup, gelatin, bht for freshness. vitamins and minerals reduced iron, niacinamide, vitamin b, vitamin b, vitamin b, zinc oxide, folic acid, vitamin b.",Plant-based foods and beverages
"carbonated water, high fructose corn syrup, citric acid, potassium benzoate, caramel color, artificial flavor, red, brominated vegetable oil.",Beverages
"turkey, water, potato starch, contains less than of sugar, sea salt, cultured celery juice, natural flavor, cherry powder. made using a beef collagen casing.",Meats and their products
"enriched flour, graham flour, sugar, canola and/or soybean and/or palm oil, honey, contains or less of salt, baking soda, soy lecithin, calcium phosphate, artificial flavor, sodium sulfite.",Snacks
"chicken stock, carrots, chicken meat, pasta, celery, contains less than of water, flavoring, potassium chloride, salt, chicken fat, yeast extract, carrot juice concentrate, potato starch, sugar, xanthan gum, onions, chicken broth, cane sugar, spices, cabbage, carrageenan, locust bean gum, parsley, lactic acid, turmeric extract, garlic extract.dried.contains egg, wheat .",Meals
"water, bleached enriched wheat flour, enriched wheat flour, powdered sugar, brown sugar, creme cake mix, dough conditioner blend, icing stabilizer blend, enzyme blend, leavening blend, natural & artificial vanilla flavor, natural & artificial vanilla powder.",Snacks
"water, citric acid, black tea, natural flavor, sodium hexametaphosphate, malic acid, potassium benzoate, potassium sorbate, sucralose, citrus pectin, acesulfame potassium, calcium disodium ed",Beverages
"cucumbers, water, vinegar salt, dill, garlic, pepper, citric acid.",Plant-based foods and beverages
"peanut oil, mixed tocopherols.",Plant-based foods and beverages
"lentils, green peas, enriched macaroni, sugar, salt, paprika, onion, tomato, cornstarch, celery, carrots, natural flavor, canola oil, garlic, pepper.",Meals
"pollock, bleached wheat flour, wheat flour, modified corn starch, yellow corn flour, salt, dextrose, yeast, garlic powder, canola oil, onion powder, sugar, leavening, soy flour . partially fired in canola oil.",Seafood
"spring water, apple juice from concentrate, maple syrup, malic acid, natural flavor, carbon dioxide.",Plant-based foods and beverages
"organic popcorn, organic extra virgin olive oil, himalayan sea salt.",Snacks
"enriched flour, water, tomato puree, imitation mozzarella cheese, cooked chicken pizza topping pork added, vegetable oil, cooked cured pork pizza topping, pepperoni seasoned pork, chicken and beef pizza topping . contains less than of rehydrated fat free mozzarella cheese, modified corn starch, sugar, salt, dry yeast, defatted soy flour, spice, dextrose, monocalcium phosphate, baking soda, beet powder, rehydrated enzyme modified cheese, citric acid, malic acid, xanthan gum, maltodextrin, sorbitan monostearate, natural flavor, tbhq, ascorbic acid.",Plant-based foods and beverages
"cashews, canola and/or peanut oil, sea salt.",Snacks
"organic brown rice syrup, organic oats, organic white chocolate, rice cereal, organic sugar, white drizzle, organic tapioca syrup, water, organic soy lecithin, organic vanilla extract, sea salt, organic flavor .",Snacks
"brownie sugar, nonhydrogenated vegetable oil shortening, chocolate, enriched wheat flour, egg, corn syrup, cocoa powder, water, salt, leavening . icing icing sugar, nonhydrogenated vegetable oil shortening, glucose, water, skimmed milk powder, color, butter, soybean lecithin, salt, artificial flavor, polysorbate . chocolate heart sugar, palm kernel oil, partially hydrogenated soybean oil, cocoa powder, whole milk, chocolate, nonfat milk, cocoa, partially hydrogenated palm oil, soybean lecithin, vanillin, salt, natural flavor.",Snacks
"cultured pasteurized skim milk, sugar, natural flavors, pectin, locust bean gum, citric acid and calcium chloride.",Dairies
"water, potassium sorbate, natural and artificial flavors, vanilla extractives",Plant-based foods and beverages
"dark red kidney beans, pinto beans, black beans, water, contains less than of salt, chili powder, tomato paste, sugar, soybean oil, modified food starch, corn starch, paprika, spice, hickory smoked torula yeast, onion powder, mustard flour, garlic powder, paprika oleoresin, natural flavor",Plant-based foods and beverages
"chicken breast with rib meat, breading and batter, water, chicken skins, textured soy flour, contains less than of the following soy protein concentrate, salt, sodium phosphate, hydrolyzed corn protein, onion powder, spices, flavorings, nonfat dry milk",Meats and their products
"fire roasted tomatoes, water, green onions, roasted garlic, canola oil, sea salt, contains less than of cilantro, roasted chile peppers, xanthan gum, flavoring, spice.",Condiments
"contains carbonated water, artificial flavors, aspartame, caramel color, potassium benzoate, citric acid.",Beverages
"corn syrup, sugar, gelatin, lactic acid, citric acid, fumaric acid, natural and artificial flavors, artificial colors .",Snacks
"canola oil, water, romano cheese, egg yolk, distilled vinegar, dried garlic, dijon mustard [water, mustard seed, distilled vinegar, salt, white wine, citric acid, turmeric, tartaric acid, spices], salt, sugar, lemon juice concentrate, anchovies, mustard flour, spice, xanthan gum.",Condiments
"corn syrup, sugar, gelatin, citric acid, sorbitol, natural and artificial flavors, fd&c yellow #, yellow #, blue #, red #, vegetable oil, carnauba wax .",Snacks
"parmesan and romano made from cow's milk, cellulose powder to prevent caking, potassium sorbate to protect flavor.",Dairies
"alaska pollock, vegetable oil, enriched wheat flour, beer, wheat flour, yellow corn flour, corn starch, modified corn starch, contains or less of maltodextrin, natural flavor, salt, water, palm oil, beer, sugar, leavening .",Seafood
"whole grain rolled oats, sugar, dehydrated apples, cinnamon, salt, calcium carbonate, natural flavors, citric acid, guar gum, oat flour, ferric phosphate, niacinamide, pyridoxine hydrochloride, riboflavin, vitamin a palmitate, thiamine mononitrate, folic acid, one of the b vitamins",Plant-based foods and beverages
"sugar, corn syrup, water, corn starch, gelatin, citric acid, lactic acid, titanium dioxide, artificial flavors and artificial colors",Snacks
"potatoes, vegetable oil, maltodextrin, sodium diacetate, salt, malic acid, citric acid, sugar, sodium citrate, potassium chloride, vinegar, modified cornstarch, gum arabic, natural flavor.",Snacks
"olives, water, salt.",Salted snacks
"milk chocolate, sugar, peanuts, cornstarch, less than palm oil, corn syrup, dextrin, coloring, carnauba wax, gum acacia",Snacks
"tomato concentrate, high fructose corn syrup, vinegar, corn syrup, salt, onion powder, spice, natural flavors.",Condiments
"fried potato skin, cheddar cheese, fully cooked bacon, salt, onion powder, garlic powder, white pepper.",Frozen foods
"nonfat milk, cream, sugar, milk, black cherry chunks, corn syrup, contains or less of natural vanilla flavor, natural cherry flavor, natural flavor, modified food starch, glycerine, xanthan gum, citric acid, whey protein isolate, tapioca starch, guar gum, mono and diglycerides, tara gum, cellulose gum, polysorbate, xanthan gum, carrageenan.",Desserts
"romaine lettuce, spring mix, organic carrot, organic kidney beans, greek olive mix [may contain pit fragments], cherry tomato, red bell pepper, organic corn, pumpkin seeds, red cabbage, sea salt, dressing vegenaise, water, fresh lemon juice, organic white wine vinegar, organic sugar, herbs, onion, garlic, black pepper, kosher salt.",Salted snacks
"vinegar, water, mustard seed, salt, turmeric, paprika.",Condiments
"sugar, glucose syrup, citric acid, and less than of palm oil, chocolatey blend, colors, natural and artificial flavors, malic acid, sodium bicarbonate, sweetened condensed milk, salt, liquorice extract, soy lecithin .",Snacks
"durum wheat semolina, niacin, ferrous lactate, thiamin mononitrate, riboflavin, folic acid.",Plant-based foods and beverages
"prepared black beans, water, green chiles, soybean oil, onion powder, salt, spices, garlic powder.",Plant-based foods and beverages
"organic rolled oats, organic cane sugar, organic maple sugar, sea salt, natural flavor.",Plant-based foods and beverages
"chicken breasts, bread crumb, bacon, milk, mozzarella cheese, tempura flour, water, cream, parmesan cheese, onion, white wine, or less of garlic, modified food starch, asiago cheese, romano cheese, salt, scallion, butter, enriched spring wheat flour, soy sauce, egg, spices, whey protein, rice starch, carrageenan, balsamic vinegar, brown sugar.",Frozen foods
"coconut water, espresso, sugar, coconut milk powder, citric acid, natural flavors",Plant-based foods and beverages
salted almonds .,Plant-based foods and beverages
"pasteurized partskim milk, cheese culture, salt, annatto, enzymes, vitamin a palmitate, natamycin .",Dairies
"water, organic brown rice.",Plant-based foods and beverages
"potato snaps ., potato tomato snaps, turmeric), potato spinach snaps ., vegetable oil blend, ranch seasoning . contains millk.",Snacks
"corn, water, salt.",Plant-based foods and beverages
"milk chocolate, sugar, peanut butter, hydrogenated palm kernel oil, cornstarch, dextrose, less than corn syrup, natural flavor, salt, dextrin, coloring, carnauba wax, propyl gallate to maintain freshness, gum acacia.",Snacks
"water, citric acid, sodium hexametaphosphate, natural flavor, potassium sorbate, ascorbic acid, sucralose, sodium citrate, potassium citrate, acesulfame potassium, niacinamide, calcium disodium edta, vitamin e acetate, calcium pantothenate, pyridoxine hydrochloride .",Beverages
"rice, red bean, modified corn starch, enriched bleached wheat flour, soy sauce, potassium chloride, salt, yeast extract, sea salt, garlic, onion, calcium stearate, torula yeast, dextrose, caramel color, spices, and natural and artificial flavor .",Meals
"water, high fructose corn syrup, contains less than of sugar, tea solids, natural tea flavor, caramel color, citric acid, cellulose gum, artificial flavor, sodium benzoate and potassium sorbate .",Beverages
"chocolate flavored coating, hydrolyzed collagen, peanut flour, protein blend, glycerin, maltitol syrup, soy crisps, water, peanuts, peanut oil, sucrose, salt, natural flavor, sucralose, almond butter, soy lecithin .",Snacks
"sugar, corn syrup, partially hydrogenated soybean oil, condensed skim milk, cocoa, whey, soya lecithin, artificial and natural flavors.",Snacks
"organic prepared pinto beans, water organic roasted green chile, sea salt, organic lime juice.",Plant-based foods and beverages
"peppers, water, salt and citric acid.",Salted snacks
"filtered water, tart cherry juice concentrate.",Plant-based foods and beverages
"raisins, peanuts, sunflower kernels, cashews, almonds, pepitas, roasted in peanut and/or cottonseed and/or sunflower seed and/or canola oil, salt.",Snacks
"spices, salt, citric acid with no more than tricalcium phosphate as anticaking agent.",Condiments
ancient himalayan sea salt.,Condiments
"whole grain rolled oats, coconut, semisweet chocolate chunks, cane sugar, brown rice syrup, crisp rice, safflower oil, molasses, vanilla extract, mixed tocopherols .",Plant-based foods and beverages
"organic whole wheat flour, water, organic cane sugar, organic brown flaxseed, organic yellow flaxseed, organic vital wheat gluten., contains or less of, organic oats, organic sunflower seeds, yeast, organic hulled millet, sea salt, organic vinegar, organic palm oil, organic cultured wheat flour, organic soy lecithin, organic oat fiber.",Plant-based foods and beverages
"cane sugar, water, cayenne pepper sauce, soy sauce, jalapeno, puree, garlic, ginger, red bell pepper puree, corn starch, canola or soybean oil, red bell peppers, crushed red pepper, lemon, juice concentrate, paprika extract, xanthan gum.",Condiments
"diced peaches, diced pears, water, grapes, corn syrup and sugar.",Plant-based foods and beverages
"enriched bleached flour, brown sugar, vegetable shortening, rolled oats, powdered sugar, raisin paste, natural and artificial flavors, molasses, leavening, salt, eggs, cinnamon, agaragar, egg whites, milk",Snacks
"oats, dried cane syrup, brown rice flour, canola oil, gum acacia, water, honey, raisin paste, oat flour, millet, buckwheat, amaranth, quinoa, cinnamon, vanilla extract, salt, vitamin e",Snacks
"natural cheese made from pasteurized cultured milk, salt, enzymes.",Dairies
"enriched wheat flour, sugar, margarine, chocolate chips, salt, croissant rolling fat, water, yeast, calcium propionate, dough master, adm ssl.",Snacks
"salt, corn syrup solids, sugar, hydrolyzed soy protein, monosodium glutamate, contains less than of the following yeast extract, maltodextrin, caramel color, onion powder, spices, silicon dioxide, partially hydrogenated soybean and cottonseed oils, garlic powder, citric acid, soybean oil.",Condiments
"organic whole grain brown rice, organic cane syrup, sea salt.",Plant-based foods and beverages
"sponge sugar, free range egg, wheat flour, vegetable fat palm oil, rapeseed oil; water, dried skimmed milk, raising agents ; humectant glycerine; whey powder, salt, natural flavouring vanilla, sugar paste sugar gum [glucose, vegetable oil, water, sugar, humectant, emulsifier, stabiliser, preservative, dried egg albumen], water, crème icing sugar, vegetable fat vegetable oils, water, salt, natural flavouring; humectant glycerine; natural flavouring, decoration sugar paste sugar, sugar gum glucose syrup, vegetable oil, water, sugar, humectant glycerine, stabiliser gum tragacanth; water, natural colours chlorophyll, lutein, paprika extract, royal icing sugar, water, dried egg albumin, natural colours beetroot extract, paprika extract, jam raspberries, sugar, gelling agent pectin; acidity regulator sodium citrate",Snacks
"cultured pasteurized grade a nonfat milk, blend, potassium sorbate added to maintain freshness, natural flavor, yogurt cultures .",Dairies
"corn, butter sauce, sugar, salt, modified food starch, natural butter flavor, xanthan gum, natural flavor, beta carotene ).",Plant-based foods and beverages
"turkey, water, salt, corn syrup solids, modified food starch, sodium phosphate, carrageenan, sodium erythorbate, smoke flavor, sodium nitirte, spices & flavorings",Meats and their products
"sugar, whey, cocoa, corn syrup solids, nonfat milk, coconut oil. contains or less of each of the following whey protein concentrate, salt, sodium caseinate, anticaking agent, dipotassium phosphate, emulsifier, color, artificial flavor.",Beverages
"whole grain oats, brown rice syrup, peanut butter, pea protein crisp, oat bran, molasses, expeller pressed canola oil, flax seed, vanilla extract, sea salt.",Plant-based foods and beverages
"enriched flour, canola and/or soybean and/or palm oil with tbhq for freshness, sugar, salt, contains or less ofhigh fructose corn syrup, leavening, soy lecithin, sodium sulfite, natural flavor.",Snacks
"cultured pasteurized grade a nonfat milk and whole milk, boysenberry base [sugar, water, boysenberries, modified corn starch, natural flavors, pectin, citric acid, sodium citrate], sugar, food starchmodified, kosher gelatin.",Dairies
"reduced fat milk, sugar, cocoa, corn starch, cocoa, salt, carrageenan, vitamin a palmitate, vitamin d.",Dairies
"sour cream, greek yogurt, water, contains less than of citric acid, cultured nonfat milk, dehydrated onion, dill weed, ground celery seed, mustard seed, natural flavor, onion powder, red wine vinegar, salt, soybean oil, spices, sugar, white wine, tartaric acid, turmeric, vinegar, xanthan gum.",Condiments
"enriched bleached wheat flour, water, vegetable shortening, salt and yeast.",Snacks
"premier protein fiber bar protein blend, inulin, polydextrose, sugar, partially defatted peanut flour, palm kernel oil, glycerine, chopped dry roasted peanuts, corn syrup, maltitol syrup, tapioca starch, contains or less of the following peanut butter, nonfat milk, fractionated palm kernel oil, natural flavors, soy lecithin, salt, peanut oil, water, guar gum, mixed tocopherols, sucralose.",Snacks
"tomato purée, diced tomatoes in tomato juice, roasted garlic, dried garlic, sea salt, dried onions, extra virgin olive oil, parsley, oregano, citric acid .",Condiments
"extra fancy durum flour, water, egg, vital wheat gluten, spinach powder, natural red color, tomato powder.",Plant-based foods and beverages
"salt, black pepper, garlic, onion, citric acid, bromelain, tricalcium phosphate",Condiments
"pistachios, salt.",Plant-based foods and beverages
"organic coconut water, organic coconut meat.",Beverages
"milk, cream, skim milk, chocolate cookie crumb ribbon [soybean oil cookie crumb {enriched flour, sugar, vegetable oil",Desserts
"organic enriched wheat flour, organic graham flour, organic canola and/or organic sunflower and/or organic palm oil, organic dehydrated cane sugar, organic brown sugar, organic honey, organic invert sugar, sea salt, baking soda, natural flavor, ammonium bicarbonate, organic vanilla extract, organic soy lecithin.",Snacks
"corn, water, sea salt.",Plant-based foods and beverages
"enriched flour, sugar, vegetable oil, cream cheese, pumpkin spice, corn syrup, natural and artificial flavors, salt, leavening, nonfat dry milk, soy lecithin .",Snacks
"water, dehydrated cheese mix, tomato, onion, green chile pepper, sweet red pepper, sweet green pepper, cheese flavor, canola oil, palm oil, coconut oil, jalapeno pepper, gluconic acid, natural flavor, tomato puree, garlic powder, acetic acid.",Condiments
"ns ents protein domog calcium mg on .mg potassium mg the daily value tells you how much a nutrient in asening of food contributes to a daily diet., calories ady is used for general nutrition advice. ingredients walnuts, organic coconut palm sugar, grade a maple syrur cocoa powder, himalayan pink salt, rosemary extract contains tree nuts .",Snacks
"manzanilla green olives, water, minced red pepper, salt, citric acid, lactic acid, lascorbic acid, monosodium glutamate and tabasco brand crushed red pepper .",Salted snacks
"sauce water, tomato paste, soybean oil, cream, modified corn starch, sugar, garlic, nonfat dry milk, rochester sauce, salt, spices, onion powder, citric acid, xanthan gum, guar gum, enzyme modified cream . penne pasta cooked pasta, thiamine mononitrate, riboflavin, folic acid], soybean oil). meatballs mechanically separated chicken, water, pork, beef, textured vegetable protein, bread crumbs, durum flour, leavening [sodium bicarbonate, sodium acid pyrophosphatej, yeast), soy protein concentrate, salt, flavoring, soy sauce, caramel color, sodium phosphates, natural flavorings, soy lecithin, citric acid. cheese topping part skim mozzarella cheese, parsley.",Meals
"organic cacao beans, organic cane sugar, organic vanilla beans",Snacks
"natural mineral water, natural co",Beverages
"sugar, vegetable oil, corn syrup solids, contains less than of sodium caseinate, salt, dipotassium phosphate, mono and diglycerides, silicon dioxide, natural and artificial flavors, soy lecithin .",Plant-based foods and beverages
"sugar, hydrogenated vegetable fat, wheat flour, starch, salt, stabilizer ), leavening ), acidulant ), flavor and annatto extract natural color .",Snacks
whole grain durum wheat flour.,Plant-based foods and beverages
"enriched flour, water, malt, salt, canola oil, yeast, soda.",Snacks
extra virgin olive oil.,Plant-based foods and beverages
"unbleached flour, parmesan cheese, unsalted butter, garlic, yeast, sugar, salt, organic garlic oil, organic rosemary extract.",Snacks
"enriched bleached flour, sugar, less than of baking soda, natural and artificial flavors, salt, soybean oil, xanthan gum.",Snacks
"enriched yellow corn, vegetable oil, whey, coconut oil, maltodextrin, salt, cheddar cheese . disodium phosphate, natural and artificial flavors, monosodium glutamate, sodium caseinate, yellow, yellow, citric acid.",Snacks
"enriched flour, vegetable oil, water, seasoning [sugar, garlic powder, salt, maltodextrin, hydrolyzed wheat gluten, spices, pineapple juice, onion powder, natural flavors, corn syrup solids, soy sauce, toasted sesame oil, disodium inosinate, disodium guanylate, caramel color, tamarinds], cornstarch, salt, sodium benzoate .",Condiments
"milk, buttermilk, whey, cream, corn syrup, skim milk, high fructose corn syrup, sugar, contains or less of mono & diglycerides, carob bean gum, guar gum, vanilla extract, artificial flavor, cellulose gel, cellulose gum, carrageenan, vitamin a palmitate, caramel color, annatto for color.",Desserts
"carbonated water, high fructose corn syrup, natural and artificial flavor, citric acid, potassium benzoate, red .",Beverages
"enriched flour, palm oil, yellow corn, whey powder, degermed yellow cornmeal, canola oil, malt, water, salt, onion powder, sour cream powder, maltodextrin, tomato powder, sugar, yeast, garlic powder, cheddar cheese, natural and artificial flavor, spice and herb, whey, yeast extract, buttermilk, soda.",Snacks
"pork, water, with or less of salt, spices, corn syrup, dextrose, natural flavor, bha, propyl gallate, citric acid.",Meats and their products
"sugar; corn syrup; malic acid; contains or less of sodium lactate; natural and artificial flavor; artificial color ; soy lecithin ; bht, to maintain freshness.",Snacks
"sugar, corn syrup, air popped popcorn, macadamia nuts, butter, salt, natural flavor, canola oil, soy lecithin, beta carotene .",Snacks
"maple, brown sugar ingredients whole grain rolled oats, sugar, salt, natural ﬂavor, apples, cinnamon ingredients whole grain rolled oats, sugar, dried apples, cinnamon, salt, natural flavor,",Plant-based foods and beverages
"coconuts, cane sugar, pineapple juice concentrate, chia seeds, sea salt",Snacks
"pie filling blackberries, pure cane sugar, modified food starch. top & bottom crust unbleached enriched wheat flour, butter, palm fruit oil, pure cane sugar, water, pecan nuts, salt, evaporated milk, natural vitamin e added to preserve freshness.",Snacks
"milk chocolate sugar, milk, cocoa butter, chocolate liquor, soy lecithin, vanillin . pretzel enriched flour ( wheat flour, niacin, reduced iron, thiamine mononitrate, riboflavin, folic acid. caramel filling sugar, corn syrup, liquid sugar, skim milk, palm oil, butter salt, mono and diglycerides, soy lecithin .",Snacks
"unrefined sugar, seville oranges, water, fresh lemon juice, whisky, molasses, coriander seed.",Plant-based foods and beverages
"fumaric acid, natural and artificial flavors, dextrose, salt, contains or less of the following cellulose gum, artificial color, pectin, disodium phosphate, ascorbic acid, magnesium oxide, guar gum, red, blue, dioctyl sodium sulfosuccinate.",Beverages
"enriched bleached wheat flour, sugar, palm oil, confectioner's glaze, butter, water, eggs, salt, milk powder, baking soda, baking powder, natural and artificial flavor, soy lecithin .",Snacks
"sunflower kernels, peanut oil and/or sunflower oil, cottonseed oil and/or soybean oil and/or canola oil, salt.",Plant-based foods and beverages
"enriched wheat flour [flour, malted barley flour, reduced iron, niacin, thiamin mononitrate, riboflavin, folic acid], water, honey, high fructose corn syrup, yeast, wheat gluten, wheat bran, whole wheat flour, soybean oil, salt, calcium propionate, grain vinegar, datem, monoglycerides, ethoxylated mono and diglycerides, calcium sulfate, monocalcium phosphate, cornstarch, soy lecithin, potassium iodate.",Plant-based foods and beverages
"sweet chocolate, blueberries, sugar, confectionery glaze, maltodextrin, corn syrup.",Snacks
"carbonated water, natural flavors.",Beverages
"semolina, legume blend, corn starch, niacin, ferrous sulfate, thiamin mononitrate, riboflavin, folic acid.",Plant-based foods and beverages
"sugar, vegetable oil, corn syrup solids, contains less than of sodium caseinate, dipotassium phosphate, natural and artificial flavors, mono and diglycerides, silicon dioxide, soy lecithin .",Plant-based foods and beverages
"corn syrup, sugar, coconut oil, egg whites, salt, natural flavor, red #, soy lecithin .",Snacks
"cultured pasteurized grade a nonfat milk, water, sugar, fructose, pineapple, modified food starch, pineapple juice concentrate, natural flavor, pectin, citric acid, color, calcium lactate, sodium citrate, vitamin d.",Dairies
"cutup whole chicken, water, bleached wheat flour, wheat flour, modified food starch, salt, wheat gluten, sodium phosphates, canola oil and palm oil, disodium inosinate and disodium guanylate, methylcellulose, leavening, natural flavors, garlic powder, onion powder, soybean oil, spice, propylene glycol, fry in vegetable oil .",Meals
"filtered water, sugar, natural tea flavors, black tea, citric acid, sodium benzoate, potassium sorbate.",Beverages
"publix top round roast beef pack date // total p unit price net wt, lb $, /lb $ our department uses egos, fish, milk, peak sesame, shellfish, soy, tree nuts, wheat cooked beef top round roast coated with modified food starch, caramel color onion and garlic powder, marinated with water, salt, sodium phosphate, keep refrigerated publix # deli port charlotte, fl, de",Meats and their products
"crust, oil blend [corn oil, extra virgin olive oil], wheat flour, vital wheat gluten, guar gum, yeast, natural and artificial flavors, sodium aluminum phosphate, sodium bicarbonate, garlic powder), sauce, provolone cheese, low moisture mozzarella cheese, pepperoni, cooked italian sausage, fully cooked bacon pieces .",Meals
"milk, cream, marshmallow ribbon, buttermilk, whey, sugar, corn syrup, cocoa processed with alkali, skim milk, high fructose corn syrup, contains or less of mono and diglycerides, guar gum, sodium phosphate, cellulose gum, sodium citrate, polysorbate, carrageenan.",Desserts
"spices, onion, salt, potato starch, sugar, garlic & natural flavor.",Condiments
"ham cured with water, salt, dextrose, potassium lactate, sodium phosphate, sodium diacetate, sodium erythorbate, sodium nitrite, flavor.",Meats and their products
"vapor distilled water, calcium chloride and magnesium chloride and potassium bicarbonate .",Beverages
"enriched unbleached wheat flour, water, soybean oil, yeast, contains less than of the following whey, salt, sugar, to preserve freshness, leavening, guar gum, sodium stearoyl lactylate, enzyme, wheat starch.",Plant-based foods and beverages
"organic wheat flour, filtered water, organic cane sugar, organic canola oil, organic whole eggs, , organic egg yolks, organic honey, yeast, sea salt.",Plant-based foods and beverages
"potato puree, wheat flour potato starch, cooking salt, potassium sorbate, lactic acid, aromatic herbs, spices, dusted with rice flour.",Plant-based foods and beverages
"organic tomatoes, organic tomato puree, water, organic apple cider vinegar, organic cilantro, organic onion, organic jalapeno peppers, sea salt, organic chili flakes, organic garlic powder, organic cumin powder, organic chili powder.",Condiments
"flour, water, yeast, salt, vegetable shortening, potassium bromate.",Plant-based foods and beverages
"pasteurized low fat milk, water, fruit and cereal preparation, sugar, whey protein concentrate, modified tapioca starch, vitamin c, ascesulfame k, sucralose, yogurt cultures .",Plant-based foods and beverages
"pasteurized cow's milk, salt, cheese culture, enzymes.",Dairies
"corn maltodextrin, salt, onion, nonfat dry milk, modified tapioca starch, red bell pepper, sour cream, garlic, spices, corn syrup solids, cultured nonfat milk, modified corn starch, lemon juice solids, and natural flavor.",Plant-based foods and beverages
"organic pasteurized cultured milk, salt, animal rennet",Dairies
"sunflower seeds, salt",Plant-based foods and beverages
"whole grain rolled oats, sugar, contains less than of salt, natural flavor, caramel color, apple, cinnamon ingredients whole grain rolled oats, sugar, dried apples, contains less than of cinnamon, salt, natural flavor, cinnamon, spice ingredients whole grain rolled oats, sugar, contains less than of salt, cinnamon, spice, natural flavor, peaches, cream ingredients whole grain rolled oats, sugar, dried peaches, contains less than of nonfat dry milk, salt, cream, natural flavor, peach juice concentrate, contains milk, strawberries, cream ingredients whole grain rolled oats, sugar, dehydrated strawberries, contains less than of salt, nonfat dry milk, cream, natural flavor, lipolyzed cream, contains milk",Plant-based foods and beverages
"prepared white beans, water tomato puree, sugar, contains less than of salt, vinegar, pork baking soda, onion powder, natural flavors, spice, calcium chloride, oleoresin g) paprika, mer",Plant-based foods and beverages
"feta cheese, tomato, mediterranean seasoning basil.",Dairies
"sugar, eggs, wheat flour, margarine [palm oil, water, soybean oil, salt, natural flavor, soy lecithin, beta carotene, vitamin a palmitate], water, invert sugar, canola oil, brown sugar, applesauce [ apples, water, ascorbic acid], cream filling [water, sugar, modified food starch, palm oil, salt, glucono delta lactone, titanium dioxide, methylhydroxypropylcellulose, potassium sorbate and potassium benzoate, natural and artificial flavors, fd&c yellow & ], raisins, carrots [granulated sugar, dextrose, tapioca dextrin, soy lecithin ], honey, natural flavors, corn starch, glycerin, powdered sugar [dextrose, corn starch, vegetable shortening, titanium dioxide, natural and artificial flavor], guar & xanthan gums, oat fiber, fruit juice, natural grain dextrin, artificial colors [water, glycerin, fd&c yellow & and red &, sodium benzoate ], caramel color, salt, soy protein isolate, glucono delta lactone, propylene glycol, cinnamon, baking powder [sodium acid pyrophosphate, sodium bicarbonate, cornstarch, monocalcium phosphate], wheat gluten, locust bean gum, potassium sorbate, baking soda, sunflower/safflower oil, soy lecithin, gum acacia.",Snacks
"rice pieces, corn, sunflower oil with natural tocopherols added to preserve freshness, whey permeate, salt, cheddar solids, whey solids, corn maltodextrin, buttermilk powder, nonfat dry milk, monosodium glutamate, disodium phosphate modified cornstarch, high oleic sunflower seed oil, enzyme modified butter, color, lactic acid, citric acid, butter solids, artificial flavor, guar gum.",Snacks
"filtered water, cane sugar, matcha and brewed green tea blend, plant color extract, natural flavor and xanthan gum.",Plant-based foods and beverages
"low moisture part skim mozzarella cheese, potato starch, and powdered cellulose, natamycin .",Dairies
"cream, water, sugar, corn syrup, cocoa, less than of bittersweet chocolate, nonfat milk, mono and diglycerides, carrageenan. propellant nitrous oxide. contains milk, soy .",Desserts
"salt, spices, paprika, dehydrated garlic, mustard seed and not more than tricalcium phosphate added to prevent caking.",Condiments
"prepared white beans sauce onions, smoked cooked beef, caramel color.",Plant-based foods and beverages
organic whole wheat flour & water,Snacks
"amron and polas. are added sugars toket co gryfificant source of sat fatt, fats fal, cholest, fiber, vit. d, e for serving mories daily vature zero sugar spiced rition facts size can carbonated water, less than of caramel color, natural flavors, floz phosphoric acid, aspartame, sodium benzoate, sodium citrate, acesulfame potassium, sucralose, caffeine phenylketonurics contains phenylalanine caffeine content mg/ fl oz the cocacola company consumer information call coke.com",Beverages
"water, tomato puree, seasoned cooked beef and pork crumble, pinto beans, modified food starch, contains less than of red peppers, spices, dehydrated onions, jalapeno peppers, wheat flour, soy protein concentrate, sugar, salt, chipotle adobo puree dehydrated garlic, paprika, caramel color.",Meals
"contains carbonated water, natural flavors, citric acid, aspartame, potassium benzoate, modified food starch, caramel color, red, vitamin e acetate.",Beverages
"unbleached enriched flour, water, sour culture, salt, yeast, semolina, cultured wheat starch, organic whole wheat flour, enzymes.",Plant-based foods and beverages
"enriched degermed yellow corn meal, enriched bleached flour, dextrose, leavening, salt.",Snacks
"sugar, enriched bleached wheat flour, margarine, eggs, contains or less of water, corn starch, skim milk, leavening, natural & artificial flavors, red lake. food starchmodified, polysorbate, carmine, sodium propionate, yellow lake, soy lecithin .",Snacks
"water, sugar, lemon juice, coconut oil, vegetable fiber, mono and diglycerides, carob seed flour, methylcellulose, carrageenan, pectin, citric acid, natural flavors.",Desserts
"pasteurized cultured milk, salt, ginseng tea, garlic, parsley, enzyme.",Dairies
"whole rolled oats, evaporated cane syrup, pea protein, expeller pressed canola oil, crisp rice, honey, corn starch, natural flavor, salt.",Plant-based foods and beverages
"grana padano raw's cow milk, salt, rennet, egg white lysozyme, provolone cow's milk, salt, rennet, powdered cellulose added to prevent caking",Dairies
"dark chocolate, vanilla extract), peppermint candy, purple carrot juice, coffee beans), coffee flavors, soy lecithin, natural flavors",Snacks
"california shelled pistachios, sea salt",Plant-based foods and beverages
"rice, sugar, corn syrup, canola oil, salt, contains or less of natural and artificial flavor, yellow, yellow, red, blue, bht added to preserve freshness. vitamins and minerals niacinamide, vitamin a palmitate, reduced iron, zinc oxide, pyridoxine hydrochloride, riboflavin, vitamin d, thiamin mononitrate vitamin b, folic acid.",Plant-based foods and beverages
"almonds, wasabi soy sauce seasoning, vegetable oil .",Plant-based foods and beverages
"carbonated water, citric acid, gum arabic, aspartame, sodium citrate, sodium benzoate, natural flavor, glycerol ester of wood rosin, yellow, red .",Beverages
"bowtie pasta, mandarin oranges, honey, roasted red peppers, canola oil, water, red onions, green peppers, sunflower seeds, mustard, salt, corn syrup solids, lemon juice, potato starch, spices, maltodextrin, cultured sugar, distilled vinegar, garlic powder, onion powder.",Meals
"cane sugar, olive oil, apple cider vinegar, water, garlic powder, sea salt, xanthan gum, spices.",Condiments
"water, agave syrup, lemon juice concentrate, lime juice concentrate, natural flavor, xanthan/locust bean gum",Beverages
"soybean oil, chili extracts.",Plant-based foods and beverages
"organic couscous, organic dextrose, sea salt, organic yeast extract, organic garlic powder, organic dehydrated garlic organic extra virgin olive oil, organic dehydrated garlic, organic extra virgin olive oil, organic black pepper, calcium carbonate, organic parsley.",Plant-based foods and beverages
"cooked enriched macaroni product, water, half and half, pasteurized process swiss cheese, broccoli, cooked white chicken, less than of rendered chicken fat, carrots, modified food starch, salt, canola oil, chicken base, granulated onion, xanthan gum, spices, granulated garlic.",Frozen foods
"reduced fat milk, vitamin a palmitate, vitamin d",Dairies
"yogurt coating, pretzels sodium bicarbonate yeast)",Snacks
"dark chocolate [unsweetened chocolate, sugar, cocoa butter, soy lecithin, vanilla], brown rice, freeze dried tart cherries, cocoa nibs, natural flavors, sea salt.",Snacks
"chick peas, water, artichokes, high oleic sunflower oil, tahini, dried garlic, salt, citric acid, sorbic acid, dried parsley, guar gum.",Plant-based foods and beverages
"carbonated water, high fructose corn syrup and/or sugar, citric acid, sodium benzoate, natural and artificial flavor, caramel color, red, and blue .",Beverages
"cream cheese ), cane sugar, pasteurized cultured milk & cream, brown rice flour, eggs, sour cream, butter, brown sugar, cinnamon, salt, carob bean gum, guar gum, natural flavor, vanilla extract.",Snacks
"kale, sunflower seeds, white vinegar, nutritional yeast, sea salt.",Snacks
"shrimp, water, salt, sodium tripolyphosphate",Seafood
"classic almond butter dry roasted almonds, palm oil. pretzels corn starch, tomato starch, rice flour, soluble corn fiber, palm oil, salt, sugar, cellulose gum, soy lecithin, sodium bicarbonate, yeast extract, sodium acid pyrophosphate, citric acid.",Plant-based foods and beverages
"sugar, water, bleached enriched flour, vegetable shortening, eggs, soybean oil, cream cheese, high fructose corn syrup, contains or less of each of the following dextrose, cocoa, nonfat dry milk, emulsifier, cream cheese powder [cream cheese solids, natural flavor], modified food starch, salt, cocoa, egg whites, confectionary piece, sodium bicarbonate, red, sodium aluminum phosphate, acacia gum, wheat fiber, xanthan gum, white syrup, monocalcium phosphate, natural and artificial flavors, benzoic acid, sodium stearoyl lactylate, artificial color, corn syrup solids, lactic acid, sodium caseinate .",Snacks
"carbonated water, natural flavor.",Beverages
"enriched wheat flour, nonhydrogenated vegetable oil margarine [palm, canola and modified palm oil, water, salt, whey powder, soybean lecithin, monoglycerides, natural flavor, vitamin a palmitate, vitamin d], icing sugar, corn starch, egg, natural flavor, salt. icing sugar, partially hydrogenated palm kernel, coconut and palm oils, reduced mineral whey powder, soybean lecithin, salt, artificial flavor, color .",Snacks
"canola oil, water, horseradish, vinegar, sugar, egg yolks, xanthan gum, lemon juice, salt, ground mustard seeds, tocopherol .",Condiments
milk and white chocolate .,Snacks
"nuts, cane invert syrup, non gmo soy crisp, brown rice syrup, rolled oats, chocolate flavored coating, chocolate chips, natural flavor, honey.",Snacks
"reduced fat ice cream, brownie pieces {unenriched wheat flour, sugar, butter, coconut oil, pasteurized eggs, water, salt}. frosting ribbon, rosettes {water, sugar, hydrogenated palm kernel oil, dextrose, corn syrup, contains less than of the following sodium caseinate, carbohydrate gum, polysorbate, artificial flavor, salt, soy protein isolate, polyglycerol esters of fatty acids, mono and diglycerides, sodium citrate, disodium phosphate, soy lecithin, xanthan gum}, blondie brownie {brown sugar, enriched bleached wheat flour, whole eggs, margarine, chocolate chips, baking powder, vanilla flavor, salt, vegetable oil }, white candy chips, confectionary drizzle .",Desserts
"cheese blend, salt, disodium phosphate, whey protein concentrate, citric acid, lactic acid, silicon dioxide.), cheddar cheese blend, whey, buttermilk, salt, annatto extract.), parmesan cheese, modified food starch, salt, citric acid, disodium phosphate.",Meals
"balsamic vinegar, honey infusion. contains naturally occurring sulfites. acidity.",Condiments
"unbleached enriched flour, sugar, canola and/or palm oil, dextrose, high fructose corn syrup, salt, baking soda, soy lecithin, artificial flavor, natural flavor.",Snacks
"wheat flour, sugar, eggs, bittersweet chocolate [chocolate liquor processed with alkali, sugar, cocoa butter, butterfat, soy lecithin [an emulsifier], vanilla), sweetened dried cranberries, almonds, butter, natural flavors, baking powder (sodium acid pyrophosphate, baking soda, corn starch, monocalcium phosphate], salt, malted barley flour .",Snacks
"carbonated mineral water, natural flavors.",Beverages
"dark chocolate, cream, macadamia nuts, sugar, cane syrup, butter, invert sugar, lemon juice, vanilla extract.",Plant-based foods and beverages
"apple, caramel, hydrogenated soybean oil, evaporated milk, soy flour, lecithin, monodiglyceride, vanillin and salt), white chocolate coating, soybean and palm oil with tbhq for freshness, cocoa processed with alkali, invert sugar, contains two percent or less of degerminated yellow corn flour, cornstarch, chocolate, salt, leavening, artificial flavor, soy lecithin, whey .",Snacks
"unsweetened cocoa, inulin, dextrin+, erythritol+, cocoa butter, milk fat, organic soy lecithin, stevia extract, vanilla extract.",Snacks
"tomato puree, black beans, jalapeno peppers, red bell peppers, salt, sugar, lime juice concentrate, vinegar, spices, chipotle powder, onion powder, dried garlic.",Condiments
"light tuna, soybean oil, vegetable broth, salt",Seafood
"organic apples, organic fat free milk, organic zucchini, water, organic quinoa, organic almond meal, organic rolled oats, organic maple syrup, organic buckwheat, organic milk protein, organic oat fiber, organic cinnamon, ascorbic acid .",Plant-based foods and beverages
"sugar, unsweetened chocolate, high fructose corn syrup, cocoa butter, palm oil, milk fat, freeze dried raspberry powder, corn syrup, water, soy lecithin an emulsifier, fruit and vegetable juice for color, vanilla, potassium sorbate, citric acid and tbhq preservatives, gelatin .",Snacks
"peanuts, soybean and/or peanut oil, sea salt.",Plant-based foods and beverages
"chicken stock, carrots, brown rice, chicken meat, celery, contains less than of water, chicken fat, potassium chloride, onions, salt, sugar, yeast extract, carrot juice concentrate, flavoring, xanthan gum, carrageenan, potato starch, chicken broth, spices, locust bean gum, celery extract, lactic acid, turmeric extract, onion extract, garlic extract. driedmay contain traces of wheat",Meals
"sugar, citric acid, instant tea, caramel color, natural raspberry flavor with other natural flavors, artificial color .",Beverages
"whole milk, wheat flour, sugar, palm oil, dried glucose syrup, rapeseed oll, whipping cream, palm kernel oil, nutmeg, flavouring, dextrose, colour, salt. allergy advice for allergens, including cereals containing gluten, see ingredients in bold. also, may contain peanuts and nuts . fr v suitable for vegetarians recycling clean storage keep refrigerated. carton not suitable for home freezing. tiol recycle recycle nutrition as sold tesco stores ltd., welwyn garden c ri for an typical values per one egg custard tesco ireland ltd dun laoghaire, c tart ri average adult b kj kj energy",Snacks
"cashews, sugar, honey, peanut oil and/or soy oil, salt, xanthan gum.",Snacks
organic hard amber durum wheat.,Plant-based foods and beverages
"water, canola oil, sugar, rice wine vinegar, distilled vinegar, egg yolks, modified food starch, salt, tomato paste, citrus pulp, lactic acid, garlic powder, paprika, cultured dextrose, potassium sorbate and sodium benzoate, mustard flour, ground red pepper, mustard oil, green tea extract, natural flavor, calcium disodium edta .",Condiments
"black beans, water, cooked beef, prepared condiment [corn starch, spices . sugar, salt, yeast extract, tomato powder, flavorings, citric acid ], onion and soybean oil.",Snacks
"turkey breast, reduced sodium glutenfree soy sauce, brown sugar, pineapple juice concentrate, garlic powder, black pepper, ginger.",Snacks
"milk chocolate, vanilla) sugar, peanuts, corn syrup, butter, sodium bicarbonate, salt.",Snacks
"corn syrup, sugar, milk chocolate, popcorn, butter, water, almonds, cashews, honey, brown sugar, salt, soy lecithin, natural flavor, bha/bht in corn oil to retard oxidation.",Snacks
"sriracha flavored almonds, butter toffee peanuts, cashews, chili lemon roasted corn, chili crackers .",Snacks
"whole oat flour, sugar, wheat starch, modified cornstarch, honey, brown sugar, salt, wheat germ, tricalcium phosphate, tripotassium phosphate, molasses, caramel color, almonds, tocopherols, canola oil. vitamins and minerals calcium carbonate, vitamin c, iron, vitamin a palmitate, zinc, niacinamide, vitamin b, vitamin b, vitamin d, vitamin b, folic acid, vitamin b . bht added to packaging to help preserve freshness.",Plant-based foods and beverages
"protein blend, polyol blend, sugar, milk chocolate chips, margarine, cocoa, water, chocolate flavored coating, natural flavors, soy lecithin, stevia leaf extract.",Snacks
"italian seasoned boneless skinless chicken breasts boneless skinless chicken breasts marinated with up to chicken broth, sea salt, natural flavor. rub seasoning, natural flavors, contains less than of citric acid, salt and lemon oil.), vinegar. basil pistou canola/olive oil blend, basil, sorrel, parmesan cheese, garlic, parsley, salt, black pepper, ground fennel and citric acid.",Meats and their products
"sugar, corn syrup, popcorn, butter, palm oil and/or palm kernel oil, molasses, salt, soy lecithin, natural and artificial flavors.",Snacks
"unbromated unbleached enriched wheat flour, water, high fructose corn syrup, yeast, soybean oil, contains percent or less of salt, nonfat milk, wheat gluten, sugar, calcium propionate and sorbic acid to retard spoilage, mono and diglycerides, sodium stearoyl lactylate and datem, wheat flour malted barley flour, dextrose, sesame seeds .",Plant-based foods and beverages
"organic unbleached wheat flour with organic wheat germ and organic wheat bran, organic tomato puree, filtered water, partskim mozzarella cheese, organic sunflower seed meal, organic cane sugar, organic high oleic safflower and/or sunflower oil, organic red onions, organic extra virgin olive oil, sea salt, yeast, organic honey, spices, organic garlic, black pepper.",Snacks
"milk, cream, skim milk, modified food starch, whey protein concentrate, tapioca and corn starch, carrageenan, salt, potassium sorbate added to protect freshness, contains live active yogurt cultures .",Dairies
"corn syrup, sugar, gelatin, citric acid, apple juice concentrate, sodium citrate, coconut oil, natural and artificial flavour, carnauba wax, colour .",Snacks
"roasted jalapenos, roasted tomatillos, vinegar, roasted onions, water, garlic, sea salt, lime juice concentrate, cilantro, garlic powder, minced dry garlic, onion powder, lime oil.",Condiments
"salt, sugar, monosodium glutamate, and spices",Condiments
"milk chocolate, sugar, peanuts, cornstarch, less than corn syrup, dextrin, coloring, gum acacia.",Snacks
"enriched unbleached flour, water, high fructose corn syrup, yeast, liquid soybean oil, contains or less of the following salt, dough conditioners, monocalcium phosphate, calcium propionate .",Plant-based foods and beverages
"sugar, corn syrup, citric acid, artificial flavor.",Snacks
"enriched wheat flour [flour, malted barley flour, reduced iron, niacin, thiamin mononitrate, riboflavin, folic acid], water, whole wheat flour, high fructose corn syrup, yeast, wheat bran, soybean oil, wheat gluten, salt, molasses, calcium propionate, datem, monoglycerides, calcium sulfate, soy lecithin, citric acid, grain vinegar, potassium iodate, monocalcium phosphate, cornstarch.",Plant-based foods and beverages
"cucumbers, water, distilled vinegar, salt, calcium chloride, dehydrated garlic, dehydrated red pepper, polysorbate, natural flavor, spice, yellow .",Salted snacks
"prepared white beans, water, cane syrup, contains less than of high fructose corn syrup, tomato paste, salt, pork, vinegar, bicarbonate of soda, onion powder, paprika coloring, spice, natural flavorings.",Meals
"organic soymilk, organic evaporated cane syrup, tricalcium phosphate, sea salt, vitamin a palmitate, vitamin d.",Plant-based foods and beverages
"black beans, water, onions celery, vegetable base, contains or less of red bell peppers, modified food starch, salt lemon juice, powdered garlic, spices and nisin preparation.",Meals
"cashews, vegetable oil, seasoning",Snacks
"raisins, sugar, pecans, almonds, palm and palm kernel oil, rolled oats, contains or less of skim milk, whole grain oat flour, corn syrup, cream, unenriched unbleached wheat flour, whey, graham flour, natural and artificial flavor, peanut oil, soy lecithin, cultured skim milk, soybean oil, cinnamon, salt, honey, cultured whey, high oleic sunflower oil, tapioca dextrin, maltodextrin, molasses, sea salt, artificial color, gum arabic, lactic acid, lacresin, coconut oil, sodium bicarbonate, bht .",Snacks
"carbonated water, high fructose corn syrup, citric acid, potassium benzoate, caramel color, artificial flavor, red, brominated vegetable oil.",Beverages
"enriched flour, whole grain oats, vegetable oil, sugar, raisins, greek yogurt flavored pieces, brown sugar, contains or less of invert sugar, baking soda, salt, cinnamon, soy lecithin, natural and artificial flavors.",Snacks
"vineripened tomatoes, tomato juice, less than of salt, dried onion, dried garlic, soybean oil, spices, calcium chloride, natural flavor, olive oil, citric acid.",Plant-based foods and beverages
"sugar, enriched flour, vegetable oil, cocoa, high fructose corn syrup, salt, sodium bicarbonate, soy lecithin, artificial flavor, chocolate.",Snacks
"passover wheat flour, water",Plant-based foods and beverages
"parboiled rice enriched with niacin, iron, thiamine and folic acid.",Plant-based foods and beverages
"cream cheese ), cane sugar, pasteurized cultured milk & cream, flour, eggs, sour cream, butter, palm fruit oil, cocoa, natural flavor, honey, salt, baking soda, whey, soy lecithin, carob bean gum, guar gum, burnt sugar, vanilla extract.",Snacks
"chicken wing sections, water, contains or less of the following chicken flavor, salt, modified food starch, dried garlic, sodium phosphates, natural hardwood smoked sugar, sugar, spices, dextrose, yeast extract, dried chicken broth, dried red bell pepper, citric acid, paprika extract, dried parsley, calcium stearate, natural flavor. blanched in vegetable oil.",Frozen foods
"beef, beef hearts, water, pea protein, salt, sugar, dextrose, garlic powder, dehydrated onion, spices, food starch modified, yeast extract, dehydrated parsley, spice extractive, chili pepper, citric acid, dried beef extract.",Meats and their products
"coffee, cane sugar, natural flavor.",Beverages
"organic apple cider vinegar, diluted with water to acidity",Condiments
"filtered water, whole organic soybeans, organic dried cane syrup, tricalcium phosphate, sea salt, carrageenan, organic natural vanilla flavor, vitamin a palmitate, vitamin d.",Plant-based foods and beverages
"pasteurized milk, cheese culture, salt, enzymes, annatto, potato starch, cornstarch and calcium sulfate added to prevent caking, natamycin .",Dairies
"fresh cucumbers, water, vinegar, salt, calcium chloride, natural flavors, polysorbate, yellow",Salted snacks
"sardines, olive oil, salt.",Seafood
"water, glucose syrup, pear juice concentrate, natural flavor, sucrose, dextrose, fructose, sodium benzoate & potassium sorbate .",Beverages
"water, apple cider vinegar, sugar, ketchup, hot sauce, syrup",Condiments
"soy bean oil, lemon grass, salt, shallot, galanga, chili, water, dried shrimp, lime, monosodium glutamate, kaffir lime leaves, citric acid, garlic, sugar, paprika color.",Condiments
"turkey, water, contains or less potassium lactate, salt, spices, sodium phosphate, dextrose, sugar, sodium propionate, sodium diacetate, bht, citric acid, caramel color",Meats and their products
liquid coconut oil.,Plant-based foods and beverages
"sugar, bleached wheat flour, water, eggs, vegetable oil, chocolate chips, vegetable shortening, whey, dextrose, modified cornstarch, invert sugar, leavening, cocoa, glyceryl lactoesters of fatty acids, salt, mono and diglycerides, natural & artificial flavors, preservatives, sodium stearoyl lactylate, interesterified soybean oil, xanthan gum, calcium chloride, cornstarch, artificial color, wheat starch, soy lecithin, coconut flour, soy flour, vitamin a palmitate, beta carotene .",Snacks
"distilled vinegar, water, soybean oil, canola oil, sugar, salt, contains less than garlic, garlic, red bell pepper, onion, xanthan gum, spice, oleoresin paprika, potassium sorbate and calcium disodium edta .",Condiments
"whole grain wheat flour, dried potatoes, rice flour, brown rice flour, unbleached enriched flour, canola oil, sugar, sea salt, salt, soy lecithin .",Snacks
"pasteurized goat milk, sea salt, bacterial culture, microbial enzyme",Dairies
"whole grain oats, sugar, dried strawberries, salt, dried cream, natural flavor, nonfat dry milk, sea salt, dried vegetable juice concentrate, tocopherols .",Plant-based foods and beverages
"cooked brown rice, broccoli, water, cooked braised prime rib beef steak strips and modified corn starch product caramel color added, cooked red quinoa, carrots, tamari soy sauce, or less of hoisin sauce, brown sugar, sesame oil, modified cornstarch, rice wine vinegar, garlic, chicken broth, ginger puree, potassium chloride, dried soy sauce, onion powder, spice.",Frozen foods
"hazelnuts, coconut sugar, cacao nibs, vanilla.",Plant-based foods and beverages
"milk, sugar, sodium bicarbonate potasium sorbate and titanium dioxide",Snacks
"tomatillo, water, onion, coriander, chicken broth powder, serrano pepper, pork lard, iodized salt, modified corn starch and garlic.",Condiments
"reduced fat milk, sugar, contains or less of each of the following cocoa, cocoa, carrageenan, salt, artificial flavor, vitamin a palmitate and vitamin d.",Dairies
"lasagna mixture pasta sheets, mozzarella cheese [preservatives]), sauce tomatoes in juice, water, tomato paste, olive oil, salt, sugar, garlic, starch, garlic powder, oregano, basil leaves, paprika, red pepper, black pepper. meat mixture cooked ground chicken, ricotta cheese, cooked ground beef, salt.",Frozen foods
"potatoes, vegetable oil, sugar, salt, torula yeast, spice and coloring, tomato powder, onion powder, dextrose, barley flour, monosodium glutamate, natural flavoring, spice, soybean oil.",Snacks
"peanuts, sugar, hydrogenated vegetable oil, salt, and molasses.",Plant-based foods and beverages
"enriched flour, expeller pressed canola oil and extra virgin olive oil, sea salt, dried rosemary.",Snacks
"cocoas, sugar, cocoa butter, bourbon vanilla pod",Snacks
"salt, granulated garlic, ground black peppercorns, ground oregano. garlic powder, ground turmeric, ground cumin, aji amarillo chiles.",Condiments
"pasteurized milk and cream, sugar, wheat flour, egg, pumpkin, palm oil, whole wheat flour, brown sugar, soybean oil, nonfat dry milk, molasses, cornstarch, salt, modified tapioca starch, modified food starch, sodium phosphate, guar gum, carrageenan, carob bean gum, cinnamon, cheese culture, sodium bicarbonate, natural flavor, mace, ginger, allspice, honey, caramel color, xanthan gum, paprika, malted barley flour, soy lecithin, niacin, iron, mixed tocopherols, thiamin mononitrate, riboflavin, folic acid, enzyme, beta carotene, vitamin a palmitate.",Desserts
"roasted valencia peanuts, salt.",Snacks
"sugar, enriched wheat flour bleached, cocoa processed with alkali soybean oil leavening, food starchmodified, propylene glycol mono & diesters of fatty acids, mono & diglycerides with bht & citric acid as preservatives dextrose, salt, sorbitan monostearate nonfat milk solids, caramel color, soy lecithin, propylene glycol, xanthan gum, cellulose gum, polysorbate, water, natural and artificial flavor, corn syrup, polysorbate, glycerin, wheat starch, culfites, silicon dioxide, citric acid, cream cheese, whole eggs, margarine, cocoa processed with alkali, cocoa powder, whey powder, vanillin, butter",Snacks
"enriched wheat flour, graham flour, sugar, high oleic canola and/or soybean oil with tbhq and citric acid to preserve freshness, honey, contains or less of baking soda, calcium carbonate, salt, artificial flavor, datem, soy lecithin, sodium sulfite.",Snacks
"enriched flour bleached, water, sugar, palm oil, soybean oil, dextrose, baking powder, palm kernel oil, salt, modified whey, corn syrup solids, cinnamon, monoglycerides, xanthan gum, potassium sorbate, natural and artificial flavor, polysorbate, corn starch, annatto extract .",Plant-based foods and beverages
"sugar, enriched wheat flour, vegetable oil, nonfat dry milk, salt, cocoa powder, skim milk, lactose, whey powder, titanium dioxide, corn syrup, sodium bicarbonate, yeast, distilled monoglyceride, soy lecithin, natural and artificial flavors, cornstarch, confectioner's glaze, carnauba wax, natural peppermint oil, artificial colors .",Snacks
"brown sugar, popcorn, corn syrup, cane sugar, white chocolate flavored coating, and vanilla.), dark chocolate flavored coating, nonfat dry milk, soy lecithin, and vanilla.), soy lecithin, canola oil, natural vanilla flavor, sea salt, baking soda",Snacks
"cultured grade a low fat milk, water, sugar, contains less than of modified food starch, whey mineral complex, agar agar, pectin, natural flavors, malic acid, potassium sorbate, sodium citrate, vitamin d.",Dairies
"cultured lowfat milk, chicory root fiber, fruit blend, less than . of vanilla extract, lactase, natural flavors, monk fruit extract, stevia leaf extract, fruit pectin, locust bean gum, fruit and vegetable juice concentrate, water, lemon juice concentrate",Beverages
"green beans, water, salt.",Plant-based foods and beverages
"carbonated water, high fructose corn syrup, citric acid, sodium benzoate, modified food starch, natural flavors, caffeine, ester gum, yellow, red .",Beverages
"seaweed, corn oil, salt, sesame oil",Plant-based foods and beverages
"red bell peppers, water, brown sugar, salt, citric acid, calcium chloride",Plant-based foods and beverages
"glutenfree oat flour, glutenfree brown rice flour, glutenfree tapioca starch, flax meal, palm fat, salt, baking soda, arrowroot, vanilla extract, white sugar, brown sugar, xanthan gum, vinegar, coconut aminos, cocoa powder, toasted slivered almonds, almond extract",Snacks
"cultured pasteurized partskim milk, salt, enzymes.",Dairies
"popcorn, vegetable oil, maltodextrin, salt, sugar, spices, red bell pepper, garlic powder, paprika, vinegar, dried red pepper sauce, natural flavors.",Snacks
"organic whole wheat flour, filtered water, organic sunflower seeds, organic honey, organic canola oil, organic vital wheat gluten, salt, yeast, cultured organic wheat flour, organic dough conditioner",Plant-based foods and beverages
"sunflower seeds, salt.",Plant-based foods and beverages
"cucumbers, water, vinegar, salt, citric acid, dill, horseradish, garlic, black pepper, ghost & scorpion pepper chile powder, mustard seed.",Salted snacks
"enriched flour, soybean and palm oil, sorbitol, maltodextrin, cocoa processed with alkali, polydextrose, cornstarch. contains or less of natural and artificial flavors, whey protein concentrate, salt, leavening, soy lecithin, chocolate, acesulfame potassium, datem, color added, sucralose, annatto extract color.",Snacks
"apples, water, sugar, black mission fig paste, walnuts, balsamic vinegar, canola oil, modified corn starch, sea salt, spices.",Plant-based foods and beverages
"semisweet chocolate, sugar, corn syrup, hydrogenated palm kernel oil and/or palm oil, less than salt, egg whites, natural and artificial flavors.",Snacks
"organic dried sugar cane syrup, organic raspberry, fruit pectin, organic lemon juice concentrate.",Plant-based foods and beverages
"potatoes, vegetable oil, sugar, dextrose, salt, spices, fructose, onion powder, torula yeast, tomato powder, extract of malted barley and corn, monosodium glutamate, maltodextrin, garlic powder, extractives of paprika, natural smoke flavor, caramel color, citric acid, modified cornstarch, natural flavors.",Snacks
"pecans, sugar, cinnamon, honey, salt, spices.",Snacks
"filtered water, organic jalapeno puree, organic tomato paste, organic white vinegar, salt, organic garlic powder, organic soybean oil, organic onion powder, organic habanero pepper powder, xanthan gum.",Condiments
"biscuit enriched bleached flour, water, palm oil, buttermilk . contains or less of each of the following isolated soy product, sugar, baking soda, dextrose, salt, acidic sodium aluminum phosphate, monocalcium phosphate, lactic acid, datem, potassium sorbate, maltodextrin, natural and artificial flavors, colored with, xanthan gum, soy lecithin, soy flour . fully cooked sausage patty pork, water, contains or less potassium lactate, salt, sugar, spices, sodium phosphates, monosodium glutamate, sodium diacetate, caramel color. grilled egg patty whole eggs, nonfat milk, soybean oil, modified corn starch, salt, xanthan gum, natural and artificial butter flavor, citric acid, soy lecithin . pasteurized process american cheese milk, water, cheese culture, cream, salt, sodium citrate, potassium citrate, sodium pyrophosphate, sorbic acid, sodium phosphate, citric acid, annatto, soy lecithin, enzymes.",Meals
"beef, spices including pepper, hydrolyzed soy protein, autolyzed yeast extract, garlic powder, onion powder, natural flavor including grill .",Meats and their products
"raspberries, cane sugar, chia seeds, lime juice.",Plant-based foods and beverages
"organic popcorn, organic palm oil. contains or less of each of the following salt.",Snacks
"pasteurized milk, cheese cultures, salt, enzymes, annatto.",Dairies
"almonds, honey powder, palm oil, sea salt.",Plant-based foods and beverages
"sugar, enriched wheat flour, vegetable oil, skim milk, lactose, titanium dioxide, corn syrup, distilled monoglycerides, sodium bicarbonate, yeast, soy lecithin, vanillin, corn meal, whole oat extract, dicalcium phosphate, tripotassium phosphate, iron, zinc, vitamin c, niacinamide, thiamin mononitrate, pyridoxine hydrochloride, riboflavin, vitamin a palmitate, folic acid, vitamin b, vitamin d, bht .",Snacks
"salt, modified corn starch, onion, sunflower oil, corn syrup solids, carrots, enriched wheat flour, hydrolyzed corn gluten and wheat gluten, spices, torula yeast, dextrose, sodium caseinate, soy flour, mono and diglycerides, paprika, yeast extract, disodium inosinate and guanylate, chicken broth, soy lecithin, turmeric, natural flavor, and chicken fat.",Condiments
"cocoa from origin plantation 'los ancones', cane sugar, cocoa butter, bourbon vanilla pod.",Snacks
"pasteurized milk, salt, annatto extract, enzyme, cheese culture.",Dairies
"enriched flour, vegetable oil, salt, contains less than of annatto extract color, autolyzed yeast extract, calcium silicate, caramel color, chicken fat, citric acid, concentrated lime juice, dextrin, dextrose, disodium guanylate, disodium inosinate, egg white, garlic powder, hydrolyzed corn protein, hydrolyzed soy protein, krill, lactose, maltodextrin, monosodium glutamate, natural and artificial flavor, onion powder, potato powder, powdered chicken, silicon dioxide, sodium carbonate, sodium phosphate, sodium tripolyphosphate, soybean, spice and color, sugar, tbhq, tomato powder, wheat, yellow .",Meals
"organic chicken, water, sea salt, organic spices, organic dried parsley, organic lemon peel, organic lemon juice powder",Meats and their products
"almonds, non gmo canola oil, salt.",Plant-based foods and beverages
"sugar, cocoa butter, cocoa beans, whole milk powder, emulsifier soya lecithins, bourbon vanilla. cocoa minimum.",Snacks
"capers, water, vinegar, salt, citric acid, / of benzoate of soda .",Salted snacks
"water, potatoes, dried whey, vegetable oil, contains or less of cheese powder, salt, disodium phosphate, whey protein concentrate, butter, modified food starch, autolyzed yeast extract, natural and artificial flavors, citric acid, lactic acid], sea salt, nonfat dry milk, xanthan gum, extractives of annatto, lactic acid, soy lecithin, titanium dioxide, lipolyzed cream, vinegar), salt, dried onion, spice, annatto .",Frozen foods
"pecans, cashews, dry roasted pistachios, peanut oil, salt.",Snacks
"water, nonfat milk, soy protein isolate, sugar, contains or less of canola oil, polydextrose, cocoa processed with alkali, natural and artificial flavors, gellan gum, caramel color, cellulose gum, potassium citrate, dipotassium phosphate, sucralose, acesulfame potassium. vitamins and minerals magnesium phosphate, tricalcium phosphate, vitamin c, vitamin e acetate, vitamin a palmitate, niacinamide, iron, calcium pantothenate, zinc sulfate, vitamin d, manganese sulfate, vitamin k, vitamin b, vitamin b pyridoxine hydrochloride), vitamin b, potassium iodide, chromium chloride, sodium selenite, folic acid, sodium molybdate, biotin, vitamin b.",Beverages
"wild blueberries, sugar, sunflower oil.",Snacks
"water, enriched flour, potato flakes, salt, soybean oil, spinach, dehydrated cheddar cheese, eggs, granulated onion, spice.",Frozen foods
"sugar, milk chocolate, blueberries, corn syrup, dark coating, invertase, artificial flavor.",Snacks
"sugar, corn syrup solids cocoa, modified whey, partially hydrogenated vegetable oil, calcium carbonate, nonfat dry milk, contains less than of salt, sodium caseinate, dipotassium phosphate, cellulose gum, artificial flavor, monoand diglycerides carrageenan, soy lecithin, artificial color.",Beverages
"wheat flour, cane sugar, invert cane syrup, palm oil, whole wheat flour, apples, raspberries, corn starch, flavors, blueberries, rice starch, dextrose, leavening, vital wheat gluten, strawberries, tapioca starch, sea salt, color, honey, molasses, citric acid, whey protein concentrate, acai powder, algin, sodium citrate, monocalcium phosphate.",Snacks
"water, whole grain wheat flour, enriched wheat flour, yeast, wheat gluten, contains less than of whole grain oat flour, barley flakes, cracked wheat, yellow corn meal, whole grain rye flour, millet, flaxseed, ferrous sulfate, barley malt extract, salt, ground dill seed, ground coriander, oat flakes, sunflower seeds, whole wheat flour, calcium sulfate, wheat starch, dextrose, lactic acid, monoand diglycerides, fumaric acid, ethoxylated monoand diglycerides, acetic acid, silicon dioxide, sucralose, potassium iodate, enzymes, calcium peroxide, degermed yellow corn flour, degermed yellow cornmeal, distilled monoglycerides, sodium stearoyl lactylate, guar gum, datem, ascorbic acid, potassium sorbate and calcium propionate, soybean oil, vinegar.",Plant-based foods and beverages
"carbonated water, high fructose corn syrup, energy blend, citric aci",Beverages
"enriched wheat flour sugar, whole eggs, soybean oil, corn meal, whey, corn starch, baking powder, baking soda, wheat gluten, salt, mono and diglycerides, natural and artificial flavors, fd&c yellow #, sodium propionate and potassium sorbate added as a preservative.",Plant-based foods and beverages
"heavy cream, strawberries, sugar, water, eggs, white rice flour, cream cheese, canola oil, potato starch, white chocolate, modified tapioca starch, baking powder, glucose, modified corn starch, white chocolatey coating, egg whites, nonfat dry milk, less than of sodium alginate, sodium phosphate, dicalcium phosphate, salt, xanthan gum, corn starch, natural flavor, lemon juice concentrate.",Snacks
"cultured pasteurized cow's milk, salt, enzymes.",Dairies
"crushed tomatoes, jalapeno peppers, diced tomatoes in tomato juice, onions, bourbon, apples, distilled vinegar, dehydrated onions, salt, brown sugar, flavoring, caramel color, smoked paprika.",Condiments
"sparkling water, potato starch, white rice flour, soy flour, tapioca starch, xanthan gum, whey powder, yeast, salt.",Plant-based foods and beverages
"potatoes russet potatoes, sodium acid pyrophosphate, dextrose. egg whole eggs, non fat milk, soybean oil, modified food starch, salt xanthan gum, citric acid, butter flavor [maltodextrin, natural butter flavor, annatto and turmeric ], pepper. cheese sauce water, cheddar cheese, modified food starch, soybean oil, whey powder, salt, buttermilk, non fat dry milk, lactic acid, annatto, xanthan gum, hydrolyzed guar gum, disodium phosphate, sodium phosphate, natural flavor, oleoresin turmeric. sausage pork, contains or less of salt, water, dextrose, flavorings. sodium phosphates, caramel color. bacon cured with water, salt, sugar, sodium phosphates, sodium erthorbate, sodium nitrite. may also contain brown sugar, natural smoke flavor, smoke flavoring, flavorings, sodium ascorbate, dextrose, potassium chloride.",Meals
"heavy cream, cream cheese, enriched wheat flour, brown sugar, sugar, margarine, eggs, icing sugar, water, white chocolate pearls, salt], shellac, vegetable oil, ethyl alcohol, gum arabic, sugar, glucose, citric acid), frozen yolk mix semisweet chocolate white chocolatey coating, canola oil, confetti sprinkles (corn syrup, enriched wheat flour [niacin, thiamin mononitrate riboflavin, folic acid], corn cereal, cottonseed and/or soybean oils",Snacks
"chicken, water, wheat flour, contains or less of the following brown sugar, corn starch, dried garlic, dried onion, dried yeast, extractives of paprika, natural flavor, salt, spices, wheat starch, white whole wheat flour, yellow corn flour. breading set in vegetable oil.",Meats and their products
"beef, water, isolated soy protein, salt, sodium phosphates, sugar, flavoring, seasoning .",Meals
"corn syrup, popcorn, peanuts, sugar, brown sugar, butter, canola oil, less than of salt, soybean oil, soy lecithin, sodium bicarbonate, citric acid and tbhq . contains milk, peanuts, soy . may contain tree nuts .",Snacks
"spring mix, fat free balsamic vinaigrette, sweetened dried cranberries, goat cheese, pecans .",Salted snacks
"bittersweet chocolate, sugar, cocoa butter, butteroil, soy lecithin, natural flavor, milk ), sugar, sorbitol, unsweetened chocolate, butteroil, heavy cream, unsweetened chocolate, corn syrup, breakfast cocoa, soy lecithin, natural flavor. invertase.",Snacks
"yogurt ), cucumbers, garlic, sea salt, white vinegar, dill",Condiments
"dextrose, spices including papriks, yellow corn, salt, onion, hydrolzed soy protein, cocoa processed with alkali, contains less than citric acid, gum arabic, maltodextrin, disodium inosinate, disodium guanylate.",Condiments
"sea salt, yeast extract, organic rice flour, organic sunflower oil, organic onions ., organic carrots ., organic celery ., organic spices, organic parsley.",Plant-based foods and beverages
"wheat flour, tapica, starch, organic moroheiya, salt, soduium",Plant-based foods and beverages
"pasteurized milk & cream, cheese culture, scallions, onion powder, bacon bites, salt, water, less than / of potassium sorbate and sodium benzoate as preservatives.",Dairies
"potatoes, mayonnaise, water, sugar, sweet relish, less than of celery, mustard, white mustard, red bell pepper, salt, onion, modified corn starch, vinegar, potassium sorbate and sodium benzoate to protect flavor, spice, xanthan gum, dehydrated parsley.",Salted snacks
"filtered water, lychee puree, white grape and/or pear juice concentrates, natural flavor, ascorbic acid, citric acid.",Plant-based foods and beverages
"green tomatoes, red peppers, water, sugar, salt, vinegar, and spices.",Salted snacks
"magenta band sugar, corn syrup, water, gelatin, sorbitol, malic acid, citric acid, sodium citrate, potassium sorbate, artificial flavor and artificial color . purple band sugar, corn syrup, water, gelatin, sorbitol, malic acid, citric acid, sodium citrate, potassium sorbate, artificial flavor and artificial colors . blue band sugar, corn syrup, water, gelatin, sorbitol, malic acid, citric acid, sodium citrate, potassium sorbate, artificial flavor and artificial color .",Snacks
"water, citric acid, malic acid, stevia rebaudiana leaf extract, natural flavor, vitamin c, vitamin b, vitamin b, vitamin b.",Beverages
"brown rice flour, brown rice syrup, honey, soy oil, invert cane syrup, cane sugar, corn starch, acacia gum, freezedried raspberries, freezedried blueberries, natural flavor, sea salt, molasses.",Snacks
"albacore tuna, oregon olive mill extra virgin olive oil, jacobsen kosher sea salt.",Seafood
"unbleached enriched flour, water, wheat flour, olive oil, yeast, contains or less of sea salt, cultured wheat starch, sunflower oil, wheat gluten, sugar, cultured wheat flour, distilled vinegar, cultured šugar, enzymes, ascorbic acid",Plant-based foods and beverages
"pasteurized partskim milk, cheese cultures, basil, dried tomatoes, salt, enzymes, powdered cellulose .",Dairies
"natural american, and monterey jack cheese with jalapeno peppers, cream, water, sodium phosphate, salt, jalapeno peppers, sorbic acid .",Dairies
"wheat flour, water, salt, cultured wheat flour, cultured rye flour, datem, olive oil, yeast, sugar, calcium propionate .",Plant-based foods and beverages
"chicken stock, chablis cooking wine, lemon juice, onion, carrots, celery, modified tapioca starch, garlic, butter, salt, rosemary, thyme.",Condiments
"filtered water, high fructose corn syrup, apple juice concentrate, citric acid, natural & artificial flavor, ascorbic acid, pineapple juice concentrate, passion fruit juice concentrate, orange juice concentrate, apricot puree, pectin, papaya puree, guava puree, sucralose, yellow, calcium disodium edta, yellow .",Plant-based foods and beverages
"sugar, enriched wheat flour, vegetable oil, corn starch, dried lemons, soy lecithin, natural flavor, salt, baking soda.",Snacks
"water, soybeans, wheat, salt, alcohol to preserve freshness",Condiments
"organic fire roasted diced tomatoes, organic tomato juice, sea salt, calcium chloride, citric acid.",Plant-based foods and beverages
"beef, pork, salt, dextrose, spices, sodium erythorbate, lactic acid starter culture, sodium nitrite.",Meats and their products
"beef, water, contains or less of salt, sorbitol, sodium lactate, natural flavorings, sodium phosphates, hydrolyzed corn protein, paprika, sodium diacetate, sodium erythorbate, sodium nitrite.",Meats and their products
"infusion of green tea, sugar, lemon juice from concentrate .",Beverages
"mango, sugar, jaggery, corn oil, salt, fenugreek, red chilli powder, spices, citric acid, preservative sodium benzoate .",Salted snacks
"coconut milk, tomatillos, serrano peppers, lime juice, green onions, garlic, cilantro, garlic powder, white pepper, salt, guar gum, citric acid",Condiments
"organic kalamata olives, water, organic vinegar, sea salt, organic extra virgin olive oil, lactic acid, organic oregano and organic spices.",Salted snacks
"organic tomato puree, organic tomato paste, organic apple cider vinegar, organic molasses, less than of organic salt, organic caramel color, organic garlic, organic onion, organic mustard seed, organic natural smoke flavor, organic spices, dried organic garlic, organic tamarind",Condiments
"skim milk cheese, skim milk, buttermilk, milk protein concentrate, corn syrup solids, calcium phosphate, modified food starch, contains or less of salt, cream, sodium phosphate, lactic acid, color added, natural flavor, sodium citrate, gelatin, sorbic acid, xanthan gum, locust bean gum, guar gum, vitamin a palmitate, vitamin d",Dairies
"water, distilled vinegar, sugar, soybean oil, contains or less of each garlic, salt, dried red bell pepper, citric acid, dried garlic, dried onion, xanthan gum, spices, potassium sorbate, dried green bell pepper",Condiments
"water, soy grits, tomato paste, spices, natural flavor, sugar, salt, distilled vinegar, caramel color, hydrolyzed vegetable protein, onion powder, xanthan gum, garlic powder, soy lecithin .",Meals
"chicken stock, water, chicken, onions, cheese penne pasta, carrots, contains or less of butter, , garlic, basil, corn starch, spice.",Meals
"milk chocolate, corn syrup, milk, nonfat milk, butter, palm oil, and less than of sugar, vegetable juice color, natural flavors, salt, cocoa powder, soy lecithin, carrageenan.",Snacks
"water, enriched wheat flour, lowmoisture partskim mozzarella cheese, cooked seasoned pizza topping made with pork, chicken and beef, tomato paste, or less of vegetable oil, sugar, salt, yeast, spices, dried garlic, lcysteine hydrochloride.",Meals
"dark chocolate [sugar, unsweetened chocolate, cocoa butter, anhydrous milk fat, sunflower lecithin, natural vanilla flavor], milk chocolate [sugar, cocoa butter, whole milk powder, unsweetened chocolate, lactose, sunflower lecithin, natural vanilla flavor], syrup [sugar, wheat glucose syrup, water, condensed cherry juice, wheat sorbitol syrup, natural flavor, citric acid ], amerena candied cherries [cherries, sugar, wheat and/or maize glucosefructose syrup, cherry juice, grape skin extract, wheat dextrose, citric acid, artificial flavor], sugar, unsweetened chocolate, cocoa butter, anhydrous milk fat, sunflower lecithin, natural vanilla flavor.",Snacks
"water, distilled vinegar, scorpion chili pepper, jolokia chili pepper, onions, garlic, salt, spices, xanthan gum.",Condiments
"peanuts, corn syrup, yogurt flavored coating, whole rolled oats, rice flour, wheat flakes, canola and/or soybean oil, glycerin, sugar, peanut butter, honey, fructose, salt, molasses, dry malt extract, calcium carbonate, soy lecithin, ascorbic acid, citric acid, rosemary extract, almonds, cashews, natural flavor, color added .",Snacks
"wheat flour, water, nonhydrogenated vegetable margarine, salt, yeast, butter flavour . strawberry filling water, glucosefructose, strawberries, sugar, modified corn starch, salt, artificial flavour, citric acid, preservatives, sodium citrate, locust bean gum, guar gum, agar, lactic acid, artificial colours . cream cheese filling water, glucosefructose, modified corn starch, vegetable oil, citric acid, salt, artificial flavour, sodium citrate, guar gum, xanthan gum, locust bean gum, preservative, artificial colour, annatto colour. topping coarse sugar.",Snacks
"water, high fructose corn syrup, apricot puree concentrate, natural flavor, vitamin c, malic acid.",Plant-based foods and beverages
"cashews r/s manufactured in a plant that uses milk, peanuts, treenuts, eggs, soy, wheat and sulfur dioxide.",Snacks
"water, cauliflower, canola oil, almond butter, distilled vinegar, garlic, parsley, shallot, dill, sea salt, lemon juice, chive, mustard powder, granulated garlic, granulated onion, black pepper, xanthan gum",Condiments
"noodle water, rice, potato starch, lactic acid, amylase, sauce water, sugar, peanut paste, fish sauce, red curry paste, onion, garlic, glucono deltalactone, coconut milk powder, lemon, sesame oil, acetic acid, peanut, spices, lemongrass, tamarind paste, xanthan gum, citric acid, caramel color, yeast extract, dehydrated vegetables bok choy, carrot, red bell pepper, topping peanut",Plant-based foods and beverages
"water, sugar, corn syrup, orange base, whey, nonfat milk, carob bean gum, guar gum, citric acid, mono and diglycerides, methyl cellulose, pectin, annatto color, red .",Desserts
"enriched flour, sugar, vegetable oil, dextrose, corn syrup, contains or less of the following caramel color, high fructose corn syrup, cornstarch, leavening, cocoa, salt, artificial flavor, soy lecithin .",Snacks
"cooked seasoned pork, tomato puree, high fructose corn syrup, vinegar, brown sugar, contains or less of molasses, seasoning blend, modified cornstarch, salt, caramel color, natural smoke flavoring, cultured dextrose, propionic acid, nisin preparation .",Meals
extra virgin olive oil,Plant-based foods and beverages
"cultured pasteurized grade a milk and cream, sugar, water, raspberry juice concentrate, milk protein concentrate, modified corn starch, whey protein concentrate, chocolate, cocoa butter, kosher gelatin, natural flavor, pectin, citric acid, carrotblueberry juice concentrate, malic acid, guar gum.",Dairies
"french sugar, whole milk powder, corn syrup, cocoa butter, sweetened condensed milk, unsweetened chocolate, palm oil butter, sodium citrate, soy lecithin, natural flavour extracts of oregano, flaxseed, plum, and green tea, salt, vanilla extract. may contain tree nuts. distributed by ghirardelli chocolate company, san leandro, ca, u.s.a. © gcc #",Snacks
"orgain organic protein blend, orgain organic creamer base, organic natural flavors, organic erythritol, orgain organic greens blend, natural flavor, sea salt, organic acacia gum, organic guar gum, organic stevia, xanthan gum",Beverages
"skim milk cheese, skim milk, buttermilk, milk protein concentrate, corn syrup solids, calcium phosphate, modified food starch, contains or less of salt, cream, sodium phosphate, lactic acid, natural flavor, sodium citrate, gelatin, sorbic acid, xanthan gum, locust bean gum, guar gum, vitamin a, palmitate, vitamin d",Dairies
"apples, water, ascorbic acid .",Snacks
"filtered water, apple juice concentrate, pomegranate juice concentrate, grape juice concentrate, aronia juice concentrate, blueberry juice concentrate, natural flavors, citric acid, ascorbic acid .",Plant-based foods and beverages
"wheat flour, sunflower oil, sea salt, sesame seeds, poppy seeds, cane sugar, oat fiber, distilled vinegar, caraway seeds, dried onion, dried garlic, yeast, salt, rosemary extract, ascorbic acid, organic.",Plant-based foods and beverages
"unbleached wheat flour, cracked wheat, expeller pressed canola oil, sea salt, yeast and leavening .",Snacks
"potatoes, vegetable oil, corn syrup solids, sugar, salt, torula yeast, molasses powder, onion powder, spice and coloring, yeast extract, spice, garlic powder, tomato powder, natural flavoring.",Snacks
"filtered water, sugar, citric acid, stevia leaf extract, natural flavor.",Beverages
"pistachios, sea salt, green chiles, tapioca dextrin, onion, natural flavors, garlic citric acid.",Snacks
"base mix wheat flour, sugar, salt. dried yeast yeast, sorbitan monostearate. food grade lye mix acidity regulator sodium bicarbonate, maltodextrin, acetylated distarch phosphate. coarse salt food salt.",Snacks
"unbleached enriched flour, water, high fructose corn syrup, yeast, contains or less of each of the following calcium carbonate, soybean oil, wheat gluten, salt, dough conditioners, vinegar, monocalcium phosphate, yeast extract, modified corn starch, sucrose, sugar, soy lecithin, cholecalciferol, soy flour, ammonium sulfate, calcium sulfate, calcium propionate .",Plant-based foods and beverages
"enriched long grain parboiled rice, onion, spices, salt, yeast extract, red & green bell pepper, garlic & sugar.",Meals
"toppings sauce, low moisture partskim mozzarella cheese, cooked italian style pizza t",Meals
"water, soy protein concentrate, diced tomatoes, avocados, corn oil, wheat gluten, egg whites, soy protein isolate, wheat fiber, contains two percent or less of wheat starch, salt, methylcellulose, autolyzed yeast extract, tomato powder, spices, yeast extract, natural flavors, fructose, garlic powder, whey, hydrolyzed corn gluten, hydrolyzed soy protein, cane syrup, xanthan gum, hydrolyzed vegetable protein, onion powder, torula yeast, green jalapeno peppers, citric acid, dehydrated parsley, dried jalapeno pepper, ascorbic acid, disodium inosinate, disodium guanylate.",Plant-based foods and beverages
"premier protein blend, glycerin, hydrolyzed gelatin, sugar, water, inulin, nonfat dry milk, palm kernel oil, cashews, contains or less of tapioca starch, canola oil, whole milk solids, natural flavors, salt, soy lecithin, vanilla extract, corn syrup, cream, cocoa powder, steviol glycosides, fructose, disodium phosphate, carrageenan.",Snacks
"beef, brown sugar, soy sauce, water, spices and natural flavorings, salt, apple juice concentrate, natural smoke flavor.",Snacks
"water, vinegar, vegetable oil, sugar, buttermilk solids, parmesan cheese, extra virgin olive oil, egg yolk, contains less than of sour cream solids, cellulose gel and gum, salt, black pepper, garlic powder, natural flavor, xanthan gum, onion powder, garlic, onion, phosphoric acid, polysorbate, potassium sorbate and sodium benzoate, lactic acid, calcium disodium edta .",Condiments
"cooked enriched pasta, cheese sauce, cooked seasoned braised pork, bbq sauce .",Frozen foods
"potatoes, safflower and/or sunflower and/or canola oil, yogurt powder, dry skim milk, salt, dried onion, cane sugar, sour cream, dried parsley, garlic powder, turmeric, lactic acid, citric acid.",Snacks
"water, spaetzle dumplings [water, durum wheat flour, eggs, egg whites, wheat gluten, salt, oleoresin turmeric], chicken meat, carrots, celery, chicken base [cooked chicken, salt, hydrolyzed corn and yeast protein, sugar, maltodextrin, hydrolyzed wheat gluten, carrot powder, natural flavor, modified corn starch, onion powder, lemon powder solids, disodium inosinate, disodium guanylate, autolyzed yeast extract, turmeric], butter, bleached wheat flour, modified food starch, monodiglyceride emulsifier, salt, spices, sugar, xanthan gum.",Meals
"enriched bleached flour, high fructose corn syrup, soybean and palm oil, sugar, chocolatey chips, semisweet chocolate . contains or less of modified corn starch, leavening, natural flavor, soy lecithin, salt, caramel color, yellow, eggs .",Snacks
"pork, beef, salt, contains or less of water, dextrose, spices, lactic acid starter culture, oleoresin of paprika, garlic powder, sodium nitrite, bha, bht, citric acid.",Snacks
"water, onion, garlic, distilled vinegar, mustard seed, celery, salt, sugar, turmeric, habanero peppers, paprika, spices, xanthan gum",Condiments
"aged red peppers and aged tabasco peppers, vinegar, salt.",Condiments
"cheese low moisture part skim mozzarella cheese . roasted mushrooms. butter garlic alfredo sauce liquid soybean oil, partially hydrogenated soybean oil, water, salt ], sweet cream butter, roasted sun dried tomato paste, citric acid, milk, cream, disodium phosphates, whey solids, food starchmodified soy lecithin, garlic powder, vegetable mono and diglycerides, natural flavors, potassium sorbate and sodium benzoate added as preservatives, nonfat dry milk, buttermilk solids, spices, onion powder, artificial flavor colored with beta carotene, tricalcium phosphate, sulfur dioxide, vitamin a palmitate added. spinach. asiago, powdered cellulose . spice blend spices, , maltodextrin, onion & garlic, soybean oil, parsley. ultra thin crust enriched flour, water, soybean oil, yeast, dextrose, calcium propionate, olive oil, salt, dough conditioner and soy lecithin .",Meals
"premium brewed green tea using filtered water, high fructose corn syrup, honey, citric acid, natural flavors, ginseng extract, ascorbic acid .",Plant-based foods and beverages
"milk, cream, buttermilk, skim milk, corn syrup, whey, high fructose corn syrup, chocolate flavored flakes, sugar, contains or less of mono & diglycerides, guar gum, sodium phosphate, cellulose gum, sodium citrate, polysorbate, carrageenan, yellow, blue, annatto for color, redistilled oil of peppermint.",Desserts
"water, pistachio, cane sugar, chicory root, erythritol, tapioca syrup, coconut oil, sea salt, spirulina extract for color, natural flavors, guar gum, safflower oil, xanthan gum, pectin, caramel color, beta carotene for color, salt, stevia leaf extract .",Desserts
"tomato puree, heavy cream, modified food starch, salt, soybean oil, vodka, citric acid, onions, natural flavor, parsley",Condiments
"noodles water, wheat flour, modified tapioca starch, salt, wheat gluten, lactic acid, sauce dextrose, water, vegetable soup base, expeller presed canola oil, sesame oil, soy sauce, minced garlic, cane sugar, seasoning blend, yeast extract, corn starch, garlic powder, organic molasses, natural flavors, rice vinegar, salt, spices, xanthan gum. toppings dehydrated carrot, dehydrated cabbage, dehydrated green pepper, dehydrated spinach, dehydrated red chili pepper, dehydrated green onions.",Plant-based foods and beverages
"lowfat milk, sugar, high fructose corn syrup, fat free milk, coffee extract, guar gum, carrageenan, ascorbic acid, vitamin a palmitate and vitamin d.",Dairies
"enriched durum flour, water, dehydrated potato flakes, sea salt. cornmeal used as a processing agent.",Plant-based foods and beverages
"mayonnaise, sour cream, onion, beau mode, vinegar, parsley, dill.",Condiments
"bleached wheat flour, salt, dextrose, dehydrated onion, soybean oil, sugar, color, spice, yeast, natural flavor",Condiments
"organic popcorn, organic expeller pressed soybean oil, organic sugar, sea salt.",Snacks
"beef, elk, water, nonfat dry milk, sea salt, turbinado sugar, mustard, seasoning, vegetable juice powder, lactic acid starter culture",Snacks
"milk, cream, sugar, corn syrup, whey powder, nonfat milk, buttermilk powder, mono and diglycerides, contains one or more of the following gums, polysorbate, dextrose, artificial vanilla flavor, annatto .",Desserts
"morning fresh dairy milk & cream. spruce confections chocolate chunk cookies, cocoa powder, organic sugar, madhava organic agave nectar, organic nonfat dry milk, sea salt, guar gum, locust bean gum",Desserts
"enriched long grain parboiled rice, onion, salt, yeast extract, red & green bell pepper, sugar, garlic, hydrolyzed soy protein, spices, brown sugar & natural flavor.",Meals
"cultured milk, salt, enzymes, annatto, potato starch, natamycin .",Dairies
"cultured grade a non fat milk, chicory root fiber, water, contains less than of natural flavors, stevia leaf extract, malic acid, sodium citrate, sea salt, vitamin d.",Dairies
"smoked salmon, honey, olive oil, organic soy sauce, onions, garlic, ginger.",Seafood
"carbonated water, contains less than of peach juice concentrate, apple juice concentrate, natural flavor, citric acid, potassium citrate, sucralose, gum acacia, glycerol of wood rosin, medium chain triglycerides, calcium disodium edta, potassium benzoate, red and yellow .",Beverages
"egg patty with uncured ham and peppers, bagel thin, vitamin b, folic acid], sugar, yeast, wheat gluten, cellulose fiber, salt, soybean oil, distilled monoglycerides, calcium propionate [preservative], calcium sulfate, enzymes, ascorbic acid, guar gum), pasteurized process cheddar cheese .",Meals
"beef, water, corn syrup, contains or less potassium lactate, salt, flavor, dextrose, sodium phosphate, paprika, sodium diacetate, monosodium glutamate, sodium erythorbate, sodium nitrite.",Meats and their products
"monterey jack cheese, seasoning blend .",Dairies
"water, sugar, coconut powder, salt, soybean oil, onion powder, garlic powder, turmeric powder, modified corn starch, spices, xanthan gum",Condiments
"organic durum wheat semolina ""matt"" variety, water",Plant-based foods and beverages
"premium brewed blend of decaffeinated black, green tea using filtered water, high fructose corn syrup, citric acid, ascorbic acid, chamomile flower extract, valerian root extract, pyridoxine hydrochloride, cyanocobalamin, ginseng root extract",Beverages
"milk chocolate, peanuts, corn syrup, sugar, palm oil, skim milk, lactose, salt, egg whites, artificial flavor.",Snacks
"cheese, pepperoni pork, beef, salt, water, dextrose, spices, lactic acid starter culture, oleoresin of paprika, garlic powder, sodium nitrite, bha, bht, citric acid bha, bht, citric acid added to protect flavor), water, cream, sodium phosphates, salt.",Meats and their products
"dried potatoes, vegetable oil, degerminated yellow corn flour, cornstarch, rice flour, mono and diglycerides. contains or less of sugar, salt, citric acid, whey, monosodium glutamate, onion powder, tomato powder, whey protein concentrate, cheddar cheese, natural flavors, garlic powder, spices, disodium inosinate, disodium guanylate, hydrolyzed corn protein, yeast extract, lactic acid, malted barley flour, paprika extract color, vinegar, red lake, malic acid, wheat starch, yellow lake, yellow lake. contains milk and wheat ingredients.",Snacks
"enriched wheat flour, tapioca flour, sugar, vegetable oil shortening, leavening, salt, natural flavor, annatto .",Snacks
"unbleached enriched wheat flour, water, yeast, contains or less of the following sugar, yellow corn meal, yellow corn flour, wheat gluten, soybean and/ or canola oil, vinegar, salt, calcium propionate, white corn meal, fumaric acid, malted barley flour, sodium diacetate, malt powder, lactic acid, calcium sulfate, enzymes, organic expeller pressed soy lecithin.",Plant-based foods and beverages
"coconut, chocolate coating, sugar, water, high fructose corn syrup, corn syrup, potato starch, dextrose, egg whites, salt, artificial flavor, soy lecithin, nonfat milk, wheat .",Snacks
"corn, vegetable oil, and salt",Snacks
"reduced fat milk, sugar, cocoa, locust bean gum, carrageenan, artificial vanilla, vitamin a palmitate, vitamin d added.",Dairies
tomatoes with salt added.,Plant-based foods and beverages
"corn meal and/or yellow corn flour, cane sugar, honey, sea salt",Plant-based foods and beverages
"water, unbleached enriched flour, ham water added, ground and formed, natural smoke flavor added, cheddar cheese, seasoning, palm oil, salt, corn syrup solids, sugar, sunflower oil, sodium phosphate, garlic powder, citric acid, artificial color [titanium dioxide], lactic acid, blue cheese [pasteurized milk, cheese cultures, salt, enzymes], sodium caseinate, disodium inosinate and guanylate, natural and artificial flavor, extractives of turmeric), contains or less of the following soybean oil, palm oil, whey, sugar, partially hydrogenated palm kernel oil, modified food starch, seasoned bread crumbs, dough conditioners, salt, powdered cellulose, yeast, dried egg yolk, soy flour, dried egg white, cheese flavor, annatto extract .",Frozen foods
"corn syrup, sugar, gelatin dextrose, citric acid, corn starch, artificial and natural flavors, fractionated coconut oil, carnauba wax, beeswax coating, artificial colors yellow, red, blue .",Snacks
"turkey, mechanically separated turkey, turkey broth, salt. less than of modified food starch, potassium lactate, dextrose, sodium phosphate, carrageenan, sodium diacetate, sodium erythorbate, sodium nitrite, honey, natural flavoring, cultured celery powder, vinegar.",Meats and their products
"pure olive oil, non gmo expeller pressed canola oil, rosemary",Plant-based foods and beverages
"peaches, water, sucralose.",Plant-based foods and beverages
"cooked organic chickpeas, organic roasted red peppers, organic tahini, organic expeller pressed canola oil, water, sea salt, organic paprika, citric acid, organic dried garlic, organic lemon powder.",Plant-based foods and beverages
"potatoes, canola oil, salt, dairy whey, dextrose, sour cream powder, maltodextrin, nonfat dry milk, sugar, onion powder, yeast extract, dried cream extract, natural flavors, citric acid, parsley.",Snacks
"sugar, brown sugar, lemon powder, spices, salt, citric acid.",Condiments
"pea protein+, vega one veggies and fruits blend+, golden flaxseed+, pea starch+, agave inulin powder+, natural flavors, spirulina+, quinoa sprouts+, chia seed powder+, maca root powder+, sunflower seed protein+, pumpkin seed protein+, sacha inchi powder+, stevia extract+, citric acid, probiotics, xanthan gum, bromelain, mushroom powder+.",Plant-based foods and beverages
"apples, cranberries, peanuts, sugar, walnuts, cinnamon, sunflower oil, citric acid, sodium metabisulphite and sulphur dioxide as preservatives.",Snacks
"whole grain rolled oats, cane sugar, semisweet chocolate chips, pea protein concentrate, tapioca starch, milk protein concentrate, whey protein isolate, sunflower lecithin, cocoa powder, sea salt.",Plant-based foods and beverages
"low moisture part skim mozzarella cheese, tomatoes, enriched flour, pepperoni, flavoring, garlic powder, sodium nitrite, bha, bht, citric acid), water, soybean oil, contains or less of yeast, bleached wheat flour, parmesan cheese, sugar, salt, modified food starch, dextrose, guar gum, oat fiber, sea salt, wheat gluten, baking powder, onion, spice, dehydrated romano cheese, mono and diglycerides, garlic powder, paprika, defatted soy flour, enzymes, sodium stearoyl lactylate, lcysteine.",Meals
"sugar, peppermint oil, red, red lake.",Snacks
"butter, common salt. contains permitted natural colour [annatto]",Dairies
"selected roasted peanuts, sugar, hydrogenated vegetable oil, salt, molasses.",Plant-based foods and beverages
"sorbitol, maltitol, gum base, natural and artificial flavors, acacia; less than of glycerol, aspartame, soy lecithin, acesulfame k, carnauba wax, bht .",Snacks
"peanuts, corn syrup solids, soy protein isolate, sugar, hydrogenated vegetable oil, salt, molasses, magnesium oxide, niacinamide, ferric orthophosphate, zinc oxide, copper sulphate, pyridoxine hydrochloride, folic acid.",Plant-based foods and beverages
"croutons, sunflower oil, sugar, yeast, salt, corn oil, with vitamin e and rosemary extract, seasoning, yeast extract, buttermilk, soybean oil, lactic acid, extractives of turmeric and paprika, disodium inosinate, disodium guanylate, extractives of paprika",Plant-based foods and beverages
"ground roasted peanuts, corn syrup, high fructose corn syrup, strawberry juice concentrate, sugar, hydrogenated vegetable oils, molasses, salt, pectin, citric acid, sodium citrate, and potassium sorbate .",Plant-based foods and beverages
"water, canola oil, distilled vinegar, sugar, buttermilk, tomato paste, salt, modified corn starch, dried onion, dried garlic, lemon juice concentrate, spices, propylene glycol alginate, xanthan gum, dried green chili pepper, dried chipotle pepper, lactic acid, citric acid, polysorbate, titanium dioxide, potassium sorbate and sodium benzoate and calcium disodium edta .",Condiments
"diced onions, enriched wheat flour, vegetable oil, wheat flour, corn starch, water. contains or less of calcium chloride, caramel color, food starch modified, guar gum, leavening, modified corn starch, oleoresin paprika, salt, sodium alginate, spice, sugar, whey, yeast, yellow corn flour.",Plant-based foods and beverages
"white sugar, water, tomato paste, salt, fermented soybean paste, sesame paste, garlic, modified corn starch, spices, sesame oil, acetic acid, colors added, xanthan gum",Condiments
"skim milk, soybean oil, water, modified corn starch, sugar, contains or less of cream, distilled vinegar, enzyme modified egg yolk, salt, lactic acid, monosodium glutamate, onion, carrots, spice, garlic, natural and artificial flavors, potassium sorbate and sodium benzoate added as preservatives, gelatin, citric acid, phosphoric acid, xanthan gum, titanium dioxide, guar gum, sodium phosphate, mono and diglycerides, carrageenan, locust bean gum, whey and/or dextrose, calcium disodium edta added to protect flavor.",Condiments
"buttermilk, yogurt, soybean oil, distilled vinegar, blue cheese, egg yolk, contains or less of salt, natural flavor, sugar, dried garlic, xanthan gum, yeast extract, spice. contains egg, milk",Condiments
"roasted peanuts, yogurt flavored coating [sugar, palm kernel and palm oil, whole milk powder, yogurt powder, soy lecithin, salt], organic agave syrup, pistachio, whole grain crisp brown rice, raisins, pumpkin seeds, organic brown rice syrup, dried blueberries, flax seeds, dried cherries, inulin, freezedried raspberry grits, sunflower oil blend, natural flavor, agar.",Snacks
"peanuts, contains less than sea salt, sugar, corn starch, corn syrup solids, torula yeast, spices, paprika, dried onion, dried garlic, natural flavor, maltodextrin.",Snacks
"cream, milk, carrageenan, mono and diglycerides, cellulose gum, and polysorbate .",Dairies
"dehydrated potato, potato starch, expeller pressed sunflower oil or safflower oil, salt, dehydrated tomato, turmeric, vegetable and fruit extracts for color, paprika extract, dehydrated spinach, dehydrated parsley, dehydrated green pepper, dehydrated oregano, dehydrated garlic, ascorbic acid, dehydrated beet, alphatocopherol acetate, vitamin a palmitate, dehydrated carrot, dehydrated broccoli, pyridoxine hydrochloride, thiamin mononitrate, phytonadione .",Snacks
"skim milk, cream, dextrose, erythritol, sugar, cocoa processed with alkali, contains or less of cellulose gel, mono & diglycerides, guar gum, carrageenan, cellulose gum.",Dairies
"whole kernel rye, water, wholemeal rye flour, salt, oat fiber, yeast.",Plant-based foods and beverages
"sugar, chocolate liquor, cream, cocoa butter, glucose syrup, butter, marc de champagne, cream powder, sorbitol, skim milk powder, cocoa power, soy lecithin, vanilla flavoring, preservatives .",Snacks
"dry roasted almonds, organic cane sugar, organic honey, palm oil, sea salt",Plant-based foods and beverages
"crushed tomatoes, jalapeno peppers, water, onions, distilled vinegar, salt, dehydrated onion, dehydrated garlic, natural flavor.",Condiments
"vinegar, water, mustard seed, salt, horseradish powder, red pepper.",Condiments
"cauliflower bun, sausage, egg, cheddar cheese .",Meals
"organic tomatoes, organic roasted jalapeno peppers, water, organic tomato paste, organic cilantro puree, salt, organic distilled vinegar, organic onions, organic garlic puree, organic cumin, organic dehydrated chipotle peppers.",Condiments
"cheddar cheese, potato starch, corn starch and cellulose powder to prevent caking, natamycin .",Dairies
"salad romaine lettuce, tomatoes, spring lettuce mix, grilled chicken breast, green beans, corn, white cheddar cheese, hard cooked egg, black pepper., creamy dijon dressing mayonnaise, rice vinegar, water, sugar, sea salt, dijon mustard, black pepper, spices.",Meals
"carbonated water, high fructose corn syrup, citric acid, natural flavors, sodium benzoate, sodium citrate, caffeine, gum acacia, calcium disodium edta, ester gum, yellow .",Beverages
"glutenfree flour, cane sugar, water, cocoa, chocolate chips, nongmo canola oil, sodium bicarbonate, vanilla, xanthan gum, sea salt, cream of tartar.",Snacks
pure organic maple water. filtered & pasteurized.,Plant-based foods and beverages
"unbleached high gluten flour, unsalted butter, sugar, natural flavor, fresh whole eggs, salt, water. frosting sugar, water, natural vanilla, natural food coloring, sugar crystals.",Snacks
"italian whole peeled tomatoes, olive oil, carrots, salt, celery, basil",Condiments
"whey protein concentrate, soy protein isolate, polydextrose, micellar casein, fructose, shortchain fructooligosaccharides; less than of the following artificial flavor, ascorbic acid, dlalphatocopheryl acetate, salt, corn maltodextrin, carrageenan, xanthan gum, sucralose, acesulfame potassium, thiamine hydrochloride, riboflavin, niacinamide, pyridoxine hydrochloride, folic acid, cyanocobalamin and calcium pantothenate.",Beverages
"sugar, corn syrup, artificial flavors, titanium dioxide, artificial colors and turmeric coloring, milk and soy may be present.",Snacks
"milkfat and nonfat milk, sugar, corn syrup, high fructose corn syrup, strawberries, whey, cocoa, stabilized and emulsified by mono and diglycerides, guar gum, cellulose gum and carrageenan, natural and artificial flavors, red #, blue # and vegetable annatto color.",Desserts
"cultured pasteurized grade a milk, water, corn starch, spice, organic cane sugar, garlic powder, onion powder, salt, sugar, gelatin, natural flavor, vinegar, jalapeno peppers, lemon juice concentrate.",Condiments
"vegetable blend, white meat chicken, tapioca maltodextrin, salt}, spices {including ginger}, garlic powder, autolyzed yeast extract, onion powder, natural flavors, red bell pepper, dextrose, corn syrup solids, sesame oil, sesame seeds, lemongrass, maltodextrin, citric acid, lime juice solids, not more than silicon dioxide {to prevent caking}], seasoning mixture [modified tapioca starch, whey protein concentrate, carrageenan, sodium citrate], sodium phosphates), sweet thai peanut dressing, edamame, red bell peppers, cashews .",Plant-based foods and beverages
"organic grade a milk, vitamin d.",Dairies
"sugar, cocoa butter, dry whole milk, chocolate liquor, milk fat, emulsifiers, natural and artificial flavor.",Snacks
"water, high fructose corn syrup, less than of lemon juice concentrate, orange juice concentrate, citric acid, lemon pulp, natural flavors, potassium sorbate, ascorbic acid",Beverages
precooked long grain parboiled brown rice,Plant-based foods and beverages
cheddar cheese .,Dairies
"cultured non fat milk, water, cane sugar contains less than of pectin. natural flavors, guar gum, vanilla bean specks, lemon juice concentrate, vitamin d yogurt cultures s. thermophilus & l. bulgaricus.",Dairies
"crushed tomatoes in puree. blanched linguine pasta [ water, enriched semolina [ durum wheat semolina, niacin, ferrous sulfate, thiamin mononitrate, riboflavin, folic acid], whole eggs, sunflower oil), fully cooked skinless boneless grilled garlic chicken breast strips with rib meat [ chicken breast meat with rib meal water, seasoning, isolated soy protein product [ isolated soy protein, modified food starch, corn starch, carrageenan, soy lecithin ), salt, sodium phosphates), mozzarella cheese, zucchini, water, soybean oil, salt, basil, spices.",Frozen foods
"potatoes, peanut oil or a blend of peanut oil and canola, corn, or sunflower oil, sugar, dextrose, salt, cream cheese powder [cream cheese, nonfat, milk ], buttermilk, red bell pepper powder, vinegar powder, spice, citric acid, natural flavors, extractives of paprika.",Snacks
"semolina, durum wheat flour. vitamins/minerals vitamin b, iron, vitamin b, vitamin b, folic acid.",Plant-based foods and beverages
"salt, garlic, black pepper, tricalcium phosphate, oregano and turmeric.",Condiments
"protein grain blend, organic brown rice syrup, organic dried cane syrup, vegetable glycerin, organic cocoa, organic unsweetened chocolate, organic sunflower oil, walnuts, inulin, organic palm kernel solids, cocoa butter, palm kernel oil++, organic alkalized cocoa, organic cane syrup, organic natural flavors, organic palm kernel oil, soy protein concentrate, natural flavors, organic soy lecithin, salt, organic cocoa butter, organic vanilla extract, mixed tocopherols . vitamins & minerals dicalcium phosphate, calcium carbonate, ascorbic acid, ferrous fumarate, niacinamide, dlalpha tocopheryl acetate, beta carotene, pyridoxine hydrochloride, riboflavin, thiamine mononitrate, ergocalciferol, folic acid, cyanocobalamin .",Snacks
"organic grade a reduced fat milk, vitamin a palmitate, vitamin d.",Dairies
"enriched flour, riboflavin, folic acid), buckwheat, water.",Plant-based foods and beverages
"tortilla, potassium sorbate, wheat flour, soy protein, maltodextrin, starch, mono and diglycerides, lecithin, dextrose, xanthan gum, guar gum, lcysteine, natural flavors]), egg product, potatoes, cooked bacon pieces, pasteurized processed cheddar cheese, annatto [color], potato starch, powdered cellulose [to prevent caking]), contains less than of onion, soybean oil, salt, bacon type flavor .",Meals
"milk, bacterial culture, salt, vegetable rennet.",Dairies
"sardines, water, tomato paste, sugar, modified tapioca, starch sas and paprika.",Seafood
"stone ground whole wheat flour, dried cane sugar, fig paste, brown rice syrup, strawberry paste [naturally milled sugar, dried cane sugar, strawberry puree, rice starch, glycerin, apple powder, natural flavor, citric acid, pectin, locust bean gum, red cab",Snacks
"corn flour, water.",Plant-based foods and beverages
"frittata whole egg, whole milk, hamwater added, soybean oil, bell peppers, mushroom, modified food starch, bacon, citrus fiber, sugar, bacon type flavor [, rice starch, salt], onion, salt. fully cooked turkey sausage patty mechanically separated turkey, turkey, water, soy protein concentrate, contains or less salt, smoke flavor, spices, dextrose, sugar, sodium phosphate, potassium chloride, yeast extract, citric acid, maltodextrin, modified food starch. pasteurized process american cheese milk, cream, water, sodium citrate, salt, cheese culture, tetrasodium pyrophosphate, sorbic acid, enzymes, citric acid, soy lecithin .",Meals
"filtered water, organic mango puree, concentrate, organic cane suger, organic mango puree, natural flavor and citric acid.",Plant-based foods and beverages
"corn syrup, sugar, peanuts, coconut, bicarbonate of soda, salt, cinnamon, nutmeg.",Snacks
"whole grain rolled oats, sugar, natural flavors, salt, guar gum, caramel color, vitamins and minerals calcium carbonate, niacinamide, reduced iron, vitamin a palmitate, pyridoxine hydrochloride, riboflavin, thiamine mononitrate, folic acid, vitamin d",Plant-based foods and beverages
pure and natural grapefruit juices.,Plant-based foods and beverages
"enriched flour, water, reduced sodium low fat mozzarella, tomato paste, sugar, or less of fontina cheese, reduced fat provolone cheese, margarine, parmesan cheese, seasoning, modified food starch, fractionated palm oil, salt, egg yolks, dough conditioner blend, yeast, garlic, dried garlic, spices, dough conditioner, dried onions, soy lecithin, maltodextrin, whey, methylcellulose, potassium chloride, spice, citric acid, soybean oil, soy flour, egg white .",Frozen foods
"milk, cream, sugar, corn syrup, cherries, skim milk, peanut oil, whey, alkalized cocoa, high fructose corn syrup, salt, mono and diglycerides, soy lecithin, cellulose gum, modified corn starch, natural flavors, citric acid, red, carrageenan, guar gum, annatto .",Desserts
"sugar, cocoa butter, cocoa liquor, whole milk powder, caramel pieces, soy lecithin, natural vanilla flavoring, salt. milk chocolate cocoa solids minimum, milk solids minimum .",Snacks
"coconut, cane sugar, pumpkin seeds, sunflower seeds, brown rice syrup, chia seeds, sea salt",Snacks
"organic wheat flour, organic expellerpressed sunflower oil, organic whole wheat flour, salt, organic cheddar cheese, organic yeast, organic paprika, cultured organic milk, organic nonfat dry milk, organic annatto, organic onion powder, organic celery seed powder, enzymes, mixed tocopherols to protect flavor",Snacks
"skim milk cheese, cheddar cheese, water, soybean oil, high fructose corn syrup, pimientos, red bell peppers, distilled vinegar, skim milk, less than of modified corn starch, egg yolk, sodium phosphate, whey protein concentrate, corn starch, salt, potassium sorbate and sodium benzoate, carotenal, mustard flour, paprika.",Dairies
"nuts, prebiotic blend, protein blend, natural flavors, peanut flour, coconut oil, unsweetened chocolate, cocoa, cocoa butter, sea salt, lion's mane, stevia plant extract, vitamin e",Snacks
"sorbitol, gum base, glycerol, mannitol, natural and artificial flavors; less than of hydrogenated starch hydrolysate, aspartame, acesulfame k, soy lecithin, colors, bht .",Snacks
"corn syrup, sugar, palm oil, and less than of mono and diglycerides, malic acid, hydrogenated cottonseed oil, salt, natural flavor, soy lecithin, blue, yellow .",Snacks
"tomato puree, diced tomatoes in juice, fresh onions, imported olive oil, sugar, garlic, salt, basil, spices.",Condiments
"salt, dehydrated onion, sugar, dehydrated garlic, spices, red bell pepper, lemon peel, natural flavor",Plant-based foods and beverages
"bleached, enriched wheat flour, coating, peanuts palm oil, peanut butter, sugar, high fructose corn syrup, brown sugar, water, molasses, baking soda, eggs, salt, baking powder, milk .",Snacks
"pasteurized partskim milk, cheese culture, salt, enzymes.",Dairies
"filtered water, fair trade certified sugar in the raw turbinado sugar, natural flavor, caramel color, citric acid, stevia leaf extract.",Beverages
"raspberries, pure cane sugar, lemon juice, organic hibiscus flowers",Plant-based foods and beverages
"cultured skim milk, skim milk, cream, milk protein concentrate, salt, potassium sorbate, enzymes.",Dairies
"key lime juice, cane sugar, fruit pectin, key lime extract",Plant-based foods and beverages
"strained yogurt, vanilla flavor preparation, cts daily value contains milk, manufactured and",Dairies
"filtered water, casein, rice bran oil, modified tapioca starch, organic rice flour, rice starch, sodium phosphate, sea salt, potato starch and powdered cellulose added to prevent caking, lactic acid, calcium phosphate, natural flavor, autolyzed yeast extract, carrageenan, salt, yeast extract, carotene, vitamin a palmitate.",Dairies
"spices, garlic, lemongrass, salt, shallot, coriander root & kaffir lime peel.",Condiments
"almonds, cashews, brazil nuts, hazelnuts, pecans, vegetable oil, smoky barbecue seasoning .",Snacks
"water, sugar, chili peppers, tomato paste, distilled vinegar, salt, contains less than of modified food starch, dehydrated garlic, soybeans, wheat flour, mustard seeds, caramel color, turmeric, spices, paprika, molasses, corn syrup, tamarind, xanthan gum, natural smoke flavor, and sodium benzoate added as a preservative.",Condiments
"garbanzo beans, garlic, sesame tahini, citric acid, sea salt, cumin.",Condiments
"sugar, unsweetened chocolate, corn syrup, cocoa butter, whole milk powder, sweetened condensed milk, palm oil, butter, milk fat, beet syrup, soy lecithin, sodium citrate, natural flavor, extracts of oregano, flaxseed, plum, and green tea, salt, sea salt, vanilla extract.",Snacks
"tomato puree, water, less than of salt, onion powder, garlic powder, naturally derived citric acid, natural flavors, dehydrated bell pepper.",Plant-based foods and beverages
"crust, sauce, low moisture part skim mozzarella cheese, fresh mozzarella cheese frozen, pepperoni, julienne diced pepperoni, parmesan cheese, dehydrated garlic, dehydrated red bell peppers.",Meals
"cream cheese, sugar, sour cream, eggs, wheat flour, butter, contains less than of the following enriched unbleached wheat flour, palm oil, cornstarch, honey, skim milk, natural flavor, leavening, salt, soy lecithin . new york style cheesecake also contains whole wheat flour, soybean oil, graham flour, molasses, brown sugar, lemon juice concentrate. chocolate cheesecake also contains cocoa alkali processed, cocoa, chocolate liquor, whey .",Snacks
"carbonated purified water, citric acid, natural flavors, potassium benzoate, ascorbic acid, gum acacia, green tea extract, sucralose, ester gum, calcium disodium edta, niacin, yellow #, pantothenic acid, yellow #, pyridoxine hcl, biotin, cholecalciferol, and cyanocobalamin.",Beverages
"milk, cream, sugar, strawberries, cherries, water, corn syrup, natural flavor, concentrated cherry juice, guar gum, tara gum, citric acid, beet juice color",Desserts
"water, orange mango vegetable base, sugar, guar gum, locust bean gum, carrageenan.",Desserts
"pasteurized milk, cheese culture, salt, enzymes and annatto .",Dairies
"cane sugar, citric acid, green tea, contains less than of stevia leaf extract, salt, magnesium oxide, silicon dioxide, natural flavors",Beverages
"organic garbanzo beans, olive oil, sesame tahini, roasted garlic, lemon juice, sea salt, garlic, citric acid.",Condiments
"potatoes; mayonnaise, water; onions; sugar; cider vinegar ; salt; soybean oil; onion; potassium sorbate and sodium benzoate ; nisin preparation, natural flavor; spice; xanthan and guar gum .",Salted snacks
"organic wheat macaroni, maltodextrin, salt, organic corn starch, organic cheddar cheese, organic cane sugar, natural flavor, dipotassium phosphate, organic annatto extract .",Dairies
"pasteurized whole milk, enzymes, salt, vegetable color.",Dairies
"enriched wheat flour, soybean oil, sesame seeds, honey coating, bulgur wheat, tack blend, salt, beet powder, turmeric .",Snacks
"potatoes, vegetable oil, salt, ingredients item replaced money refunded no artificial flavors multilayer bag howrecyce, info c gluten freeb",Plant-based foods and beverages
"ham, water, honey, salt. less than of potassium lactate, dextrose, sodium phosphate, sodium diacetate, sodium erythorbate, carrageenan, sodium nitrite, natural flavoring.",Meats and their products
"omelet, powdered cellulose, pottassium sorbate and natamycin], non fat milk, corn starch, salt, pepper, xanthan gum, citric acid), pocket bread, pasteurized process american cheese .",Meals
"enriched bleached flour, sugar, water, palm and soybean oils with tbhq and citric acid to protect flavor, corn syrup, dextrose. contains or less of each of the following strawberry puree, whey, baking soda, eggs, salt, apple fiber, pectin, sorbic acid, lemon juice concentrate, corn starch, natural and artificial flavors, soy lecitihin, nutmeg, soy flour, egg whites .",Snacks
"ollucus, water, salt",Plant-based foods and beverages
"enriched unbleached flour, buttermilk, blueberries, sugar, cream cheese, canola oil, powdered sugar, whole eggs, pan oil, nonfat dry milk, baking powder, lemon flavedo, enriched unbleached flour, molasses, sea salt, vanilla extract, lemon juice, baking soda, citric acid .",Snacks
"peanuts, sugar, honey, peanut oil, sea salt, tapoica starch.",Snacks
"chicken breast, chicken broth, contains less than of sea salt, sugar, honey, rice starch, applewood smoke flavoring and carrageenan.",Meats and their products
"reduced fat sweetened condensed milk, water, enriched flour, sugar, hydrogenated palm kernel oil, shortening, high fructose corn syrup, contains or less hydrogenated coconut oil, egg yolk, lime juice concentrate, modified food starch, baking soda, dextrose, polysorbate, salt, carbohydrate gum, lemon juice concentrate, sodium caseinate, natural and artificial flavor, soy lecithin, polyglycerol esters of fatty acids, sodium citrate, lime oil, xanthan gum, lemon pulp, beta carotene for color, disodium phosphate, sorbitan monostearate, guar gum, lemon oil.",Desserts
"soybean oil, water, high fructose corn syrup, distilled vinegar, honey, egg yolk, mustard seed, sugar, salt, spice, white wine, natural flavor, xanthan gum, citric acid, tartaric acid, artificial color, calcium disodium edta added to protect flavor.",Condiments
"triple filtered purified water, soybean oil, apple cider vinegar, dijon mustard, pasteurized egg yolk, imitation soy bacon bits, natural flavoring, white vinegar, salt, corn starch, food color, xanthan gum, garlic beta carotene, sucralose, sodium benzoate, edta.",Condiments
"tomato, onions, green pepper, cucumber, red pepper, chili peppers, cilantro, tomato juice, lime juice, salt, garlic.",Condiments
"wheat flour, canola oi, liquid margarine . egg yolks sugar, leavening agents, soy flour, salt, natural flavors. contains egg, soy, wheat may contain traces of milk, coconut.",Snacks
"consists of milk chocolate, vanillin, corn syrup, sugar, sorbitol, cocoa powder, gelatin, salt, natural, flavor, and phosphates.",Snacks
"wheat flour, vegetable shortening, high fructose corn syrup, sugar, raisins, rolled oats, contains or less of the following rice dextrin, grape juice, spices, sodium bicarbonate, eggs, natural and artificial flavors, salt, whey, sodium alginate, cellulose gum, soy lecithin, annatto extract, turmeric.",Snacks
"pita bread, high oleic sunflower oil, sea salt.",Snacks
"carbonated water, high fructose corn syrup, citric acid, potassium benzoate, gum acacia, natural and artificial flavors, glyceryl adietate, red, sucralose.",Beverages
"cranberries, raw cane demerara sugar, water.",Plant-based foods and beverages
"enriched bleached flour, water, sugar, vegetable oil, contains or less of each of the following leavening, corn syrup, eggs, salt, cinnamon, cornstarch, modified wheat starch, natural and artificial flavors, gums, maltodextrin, polysorbate, monoand diglycerides, sorbic acid and citric acid, colored with, soy flour .",Plant-based foods and beverages
"tapioca starch, water, potato starch, potato flour, expeller pressed palm oil, natural vinegar, honey, egg yolks, salt.",Snacks
"zucchini, tomatoes, peppers, onions, apples, tomato paste, vinegar, sugar, simple syrup, salt, spices.",Condiments
"water, sugar, dextrose, citric acid, natural and artificial flavor, salt, sodium citrate, monopotassium phosphate, modified food starch, glycerol ester of rosin, blue .",Beverages
"enriched macaroni product, modified corn starch, salt, semisoft cheese, contains or less of corn syrup solids, monosodium glutamate, cheddar cheese, reducedlactose whey, natural flavor, palm oil, whey, dried yeast, blue cheese, lactic acid, citric acid, sodium phosphate, spice, color, calcium phosphate, sodium caseinate, disodium phosphate, dipotassium phosphate, emulsifier, guar gum, preservative, sodium silicoaluminate.",Meals
"cultured pasteurized milk, salt, enzymes, annatto color.",Dairies
"enriched long grain rice, thiamin ), bread, asiago cheese ), egg, parmesan cheese, swiss cheese, romano cheese, mozzarella, milk and vitamin d)), butter, onion, egg whites, sea salt, cream, chicken base, garlic, modified food starch, parsley, rice starch, white wine, enriched wheat flour malted barley flour ), basil, whey protein, red pepper, black pepper, carrageenan, canola oil, brown sugar, extra virgin olive oil. breading set in soybean and/or canola oil.",Frozen foods
"toasted rice cereal, marshmallow, fructose, margarine, datem, acetylated monoglycerides, bht for freshness, vitamin a palmitate, vitamin d), corn syrup solids, contains two percent or less of dextrose, glycerin, salt, niacinamide, pyridoxine hydrochloride, thiamine hydrochloride, riboflavin, soy lecithin .",Snacks
"dried potatoes, vegetable oil, degerminated yellow corn flour, cornstarch, rice flour, maltodextrin, mono and diglycerides, contains or less of sodium diacetate, salt, whey, lactose, citric acid, monosodium glutamate, dill seed powder, natural flavor, garlic powder, onion powder, dill extract, garlic extract, mustard extract, wheat starch",Snacks
"carbonated water, natural flavor.",Beverages
"cultured pasteurized grade a low fat milk, sugar, peaches, modified corn starch, kosher gelatin, pectin, potassium sorbate added to maintain freshness, citric acid, calcium lactate, sodium citrate, calcium citrate, colored with annatto extract, natural flavor, vitamin a acetate, vitamin d.",Dairies
"fried pork skins, salt, sugar, rice flour, corn maltodex, trin, yeast, monosodium glutamate, tomato powder, paprika extractives, spice, silicon dioxide, soybean oil, yeast extract, onion powder, natural flavor.",Meats and their products
"milk chocolate and vanilla), sugar, dark chocolate, water, salted butter, roasted almonds, corn syrup, pineapple chunks, chocolate liquor, sweetened condensed milk, white confection, fondant sugar, brown sugar, walnuts, pecans, invert sugar, dark confection, soy lecithin, sorbitan tristearate, natural vanilla extract), milk confection, sorbitan tristearate, soy lecithin and natural vanilla), cherries ), ultrapasteurized light cream, toasted coconut, natural strawberry flavor, partially hydrogenated vegetable oil, strawberry powder, natural raspberry flavor, salt, raspberry powder, artificial roman punch flavor, invertase, baking soda, pure vanilla extract, natural and artificial vanilla flavor, alcohol, sodium benzoate and potassium sorbate), yellow color, invertase, an antioxidant .",Snacks
"water, cane sugar, cane vinegar, grapefruit, citric acid, sea salt",Beverages
"chicory root fiber, soluble tapioca fiber, gelatin, erythritol, citric acid, pectin, natural fruit flavors, malic acid, sodium citrate, coconut oil medium chain triglycerides, spinach powder, carnauba wax, purple carrot juice concentrate, betacarotene, stevia leaf extract, contains coconut",Snacks
"sage, salt, thyme, oregano, mustard powder, basil, cayenne pepper, and black pepper",Condiments
"chickpeas, soya beans, sodium bi carbonate. parsley, spices and table salt.",Plant-based foods and beverages
"whole wheat flour, water, sugar, wheat gluten, flax seeds, rye facts meal, contains or less of each of the following rolled oatmeal, yeast, raisin juice concentrate, soybean oil, brown sugar, salt, barley flakes, triticale tainer flour, sunflower seeds, cultured wheat flour, dough conditioners one or more of the following sodium stearoyl lactylate, calcium stearoyl lactylate, monoglycerides, monoand diglycerides, distilled monoglycerides, calcium peroxide, calcium iodate, datem, ethoxylated mono and diglycerides, enzymes, ascorbic acid), hulled millet, khorasan wheat flour, whole milled yellow corn, whole rye flour, brown rice flour, buckwheat flour, toasted amaranth flour, whole spelt flour, calcium sulfate, canola oil, soy daily value lecithin. topped with hulled millet, flax seed, sunflower seeds and rolled oats. contains wheat, soy . at g fat g may contain sesame.",Plant-based foods and beverages
"crackers unbleached enriched flour, soybean and/or partially hydrogenated cottonseed oil, sugar, high fructose corn syrup, whey, salt, leavening, caramel color, soy lecithin, natural flavor, cheese dip whey, whey protein concentrate, cheddar cheese, canola oil, water, milk protein concentrate, sodium phosphate, salt, maltodextrin, lactic acid, milkfat, sodium alginate, sorbic acid, natural and artificial flavor, apocarotenal, annatto extract .",Snacks
"milk, pure cane sugar, fresh cream, coconut oil, glucose, maltodextrin, dextrose, sea salt, cocoa powder, mono and diglycerides, corn syrup, soy lecithin, natural and artificial flavors, guar gum, tara gum, carrageenan.",Desserts
"water, unbromated enriched flour, sugar, chocolate chips [sugar, chocolate liquor, cocoa butter, soy lecithin, vanilla extract], soybean oil, cocoa, contains less than of each of the following cornstarch, natural flavors, citrus fiber, leavener wheat gluten, xanthan gum.",Snacks
"purified carbonated water, organic agave nectar, citric acid, natural flavor and caramel for color.",Beverages
"enriched flour, water, vegetable oil, eggs, dextrose, sugar, contains or less of leavening, wheat flour, modified corn starch, salt, natural flavors, blueberries, maltodextrin, blueberry juice concentrate, black carrot juice concentrate, whey, strawberries, citric acid, red beet juice concentrate, annatto, soy lecithin .vitamins and minerals calcium carbonate, vitamin a palmitate, reduced iron, vitamin b, vitamin b.",Snacks
"carbonated water, high fructose corn syrup, tartaric acid, citric acid, potassium benzoate natural and artificial flavor, grape juice concentrate, gum acacia, red, blue .",Beverages
"sugar, butter, cream, salt, dark flavored chocolate, almonds, pecans .",Snacks
"our real tea starts with the finest tea leaves and is made from filtered water, clarified lemon juice concentrate, citric acid, natural flavors, tea, potassium citrate, sucralose, acesulfame potassium.",Beverages
"enriched bleached wheat flour, onion, corn starch, salt, wheat flour, red and green bell pepper, celery, sunflower oil, green onion, spices, yeast extract, soy sauce & garlic.",Condiments
"milk chocolate [sugar, cocoa butter, chocolate, skim milk, milk fat, lactose, lecithin, pgpr], peanuts, sugar, dextrose, salt, tbhq and citric acid, to maintain freshness",Snacks
"certified gluten free oats, dried fruit, raw hemp seed hearts, toasted seeds, toasted nuts, golden flaxseed, sea salt, cinnamon.",Plant-based foods and beverages
"almond milk, liquid sugar, coconut oil, corn syrup, corn syrup solids, dried cane syrup, coffee extract, cocoa, pea protein, sugar, sunflower lecithin, corn starch, natural flavor, molasses, soy lecithin, dry malt extract, guar gum, vanilla extract, locust bean gum, caramel color, salt, carrageenan.",Desserts
"vegetable oil, water, egg yolk, sugar, salt, buttermilk, distilled vinegar, contains less than of dried garlic, dried onion, phosphoric acid, monosodium glutamate, xanthan gum, modified food starch, natural and artificial flavors, spice, potassium sorbate and calcium disodium edta, disodium phosphate, disodium inosinate and disodium guanylate.",Condiments
"vinegar, water, mustard seed, salt, turmeric, paprika.",Condiments
"ice cream, cookies 'n cream pieces, icing, carbohydrate gum, polysorbate, artificial flavor, salt, soy protein isolate, polyglycerol esters of fatty acids, mono & diglycerides, sodium citrate, disodium phosphate, soy lecithin, xanthan gum), chocolate flavor coating, natural flavor), natural & artificial vanilla flavor.",Desserts
"selected roasted peanuts, sugar, hydrogenated, salt, molasses.",Plant-based foods and beverages
"quartered artichoke hearts, vegetable oil, water, olives, pimientos vinegar, salt, spices, citric and ascorbic acid added to preserve color.",Salted snacks
"black pepper, salt modified food, starch, citric acid, lemon peel, sugar, garlic, riboflavin",Condiments
"sugars, fumaric acid, artificial flavor, artificial sweeteners, silicon dioxide, artificial colors, dried hibiscus extract and ascorbic acid .",Beverages
"cultured grade a low fat milk, water, sugar, fructose, modified food starch, raspberry puree, contains less than of modified corn starch, kosher gelatin, natural flavor, red, blue, malic acid, potassium sorbate, sodium citrate, vitamin a palmitate, vitamin d. contains active yogurt cultures including l. acidophilus.",Dairies
"potatoes, heavy cream, butter, salt, granulated garlic.",Frozen foods
"bleached enriched wheat flour, brown sugar, vegetable oil shortening, oat fiber, salt, artificial flavor, soy lecithin .",Snacks
"corn, whole grain wheat, whole grain rolled oats, brown sugar, sugar, almonds, whole grain oat flour, rice, corn syrup, canola oil, salt, malt syrup, cinnamon, honey, natural & artificial flavor, bht . vitamins & minerals reduced iron, sodium ascorbate, niacinamide, zinc oxide, alpha tocopherol acetate, vitamin a palmitate, pyridoxine hydrochloride, riboflavin, thiamin mononitrate, folic acid, vitamin d, vitamin b.",Plant-based foods and beverages
"milk chocolate, sea salt, natural and artificial flavors.",Snacks
"tomatillos, jalapeno peppers, water, onions, salt, dehydrated garlic, cilantro, xanthan gum, spices, natural flavor.",Condiments
"special dark mildly sweet chocolate with almonds, pgpr, natural flavor), milk chocolate, pgpr, natural flavor)), milk chocolate with almonds, pgpr, natural flavor), almonds, sunflower oil), extra creamy milk chocolate with toffee and almonds, pgpr, natural flavor), sugar, almonds, vegetable oil, dairy butter, salt, lecithin, chocolate).",Snacks
"water, high fructose corn syrup, apple juice concentrate, malic acid, natural flavor, caramel color.",Plant-based foods and beverages
"sugar, modified tapioca starch, salt, corn maltodextrin, onion, modified corn starch, tomato powder, spices, garlic, natural flavor, beet powder, and xanthan gum.",Condiments
"ham, water, contains or less of the following vinegar, salt, sugar, sodium phosphates, natural flavoring, sea salt.",Meats and their products
"protein blend, prebiotic tapioca fiber, uncooked cornstarch, vegetable glycerin, maltitol, sorbitol, maltitol syrup, soy protein isolate, almond butter, palm kernel oil, non fat milk, cocoa, cocoa powder, natural flavors, rice starch, vitamin mineral blend, salt, calcium carbonate, soy lecithin, whey powder, milk protein isolate, cream, butter, mono and diglycerides, disodium phosphate, carrageenan, stevia.",Snacks
"nugget water, soy protein concentrate, soy protein isolate ., textured wheat protein, yeast extract, contains less than of wheat gluten, methylcellulose, salt, spice, natural flavor, oni",Plant-based foods and beverages
"pasteurized cream, salt.",Dairies
"organic pasteurized skim milk, organic honey, live probiotic cultures, live yogurt cultures .",Dairies
"water, chocolate wafers, oat base, cane sugar, coconut oil, natural flavors",Desserts
"pasteurized milk, cheese culture, salt, enzymes, annatto .",Dairies
"baby romaine, baby chard, baby mizuna, radicchio, baby red leaf, baby green leaf, baby oak leaf, baby arugula, baby spinach, baby butter lettuce.",Plant-based foods and beverages
"honey roasted peanuts, dry roasted pepitas, orange flavored dried cranberries, sunflower oil ), white candy chips, monoglycerides, color added, natural and artificial vanilla), chocolate chips, cocoa powder, dextrose, whey, soy lecithin, vanillin .",Snacks
"maltodextrin, malic acid, citric acid, aspartame, sodium citrate, acesulfame potassium, contains less than of artificial flavors, ascorbic acid, calcium silicate, red, magnesium oxide, blue, corn syrup solids.",Plant-based foods and beverages
"pumpkin, sugar, water, enriched flour, eggs, vegetable oil, nonfat dry milk, fortified with vitamins a and d, brown sugar, whipping cream, invert sugar, modified food starch, salt, stabilizer, cinnamon with artificial flavor, sorbic acid to preserve freshness, dextrose, glucono delta lactone to preservative freshness, ginger, nutmeg, potassium sorbate, phosphoric acid, xanthan gum, annatto and turmeric extracts for color, calcium propionate to retard spoilage.",Snacks
"parmesan cheese, red pepper, basil, oregano, parsley, cellulose powder added to prevent caking potassium sorbate to protect flavors.",Dairies
"sugar, unbleached enriched flour, palm and/or canola oil, cocoa, high fructose corn syrup, cornstarch, leavening, salt, natural and artificial flavor, artificial color, soy lecithin, adipic acid, chocolate.",Snacks
"sugar, corn syrup, pecans, palm oil, salt, sorbitol, egg albumen, invert sugar, and artificial flavor.",Snacks
"french nouille farine de blé, huile végétale, kansui, emulsifiant, acide aminé, vitamine e e, carthamus jaunissent, vitamine b. bouillon sel, glutamate monosodique e, sucre, glucose, poivre, acide aminé, oignon, ribonucléotides disodiques e, poireau, garlic, dlacide malique e, ginger, acide succinic, paprika ec, turmeric, colorant de caramel e.",Plant-based foods and beverages
"water, mango puree, cane sugar, ginger, native corn starch and contains or less of red chili pepper, sea salt, spices, onion, lemon juice concentrate, thai basil, garlic.",Condiments
"sugar, dried whole milk, cocoa butter, cocoa mass, milk fat, emulsifier, flavouring, fat reduced cocoa powder, colour",Snacks
"carbonated water, natural flavor.",Beverages
"beef, se salt, sugar, yeast extract, paprika, garlic, spices, celery powder, silicon dioxide .",Snacks
"potatoes, cottonseed oil and/or sunflower oil and/or safflower oil, sour cream, dextrose, sea salt, onion powder, buttermilk, maltodextrin, whey, non fat dried milk, salt, natural flavors, citric acid, spice, lactic acid, yeast extract.",Snacks
"carbonated water, natural flavors.",Beverages
"water, unbleached wheat flour, maltitol syrup, vegetable shortening, food starchmodified, tapioca starchmodified, maltodextrin+, contains or less of each of the following citric acid, egg yolks, gum arabic, natural lemon flavor, potassium sorbate, salt, sodium acetate, sodium benzoate, sodium carboxymethylcellulose, sodium stearoyl lactylate, soy lecithin, sucralose, tapioca dextrin, titanium dioxide, yellow, yellow",Snacks
"citric acid, potassium citrate, sodium citrate, aspartame†, magnesium oxide, maltodextrin, contains less than of natural flavor, acesulfame potassium, soy lecithin, artificial color, yellow, bha .",Beverages
"coconut flakes, dates, honey, organic dried apples, pecans, cashews, pumpkin seeds, organic flax seeds, coconut oil, vanilla extract, cinnamon, sea salt.",Snacks
"enriched wheat flour [flour, malted barley flour, reduced iron, niacin, thiamin mononitrate, riboflavin, folic acid], water, sugar, soybean oil, yeast, wheat gluten, salt, cultured wheat starch, malted barley syrup, monoglycerides, grain vinegar, datem, citric acid, calcium sulfate, natural flavor, potassium iodate, soy lecithin .",Plant-based foods and beverages
"prepared black beans, water, salt, calcium chloride .",Plant-based foods and beverages
"nonfat milk, cream, buttermilk, corn syrup, high fructose corn syrup, sugar, chocolate liquor, milk, whey, natural flavors, cocoa, butter, pectin, mono & diglycerides, salt, soy lecithin, xanthan gum, condensed skim milk, water, coconut oil, artificial flavors, pectin, chocolate, cocoa butter, coffee, brown sugar, coffee extract, invert sugar syrup, cellulose gum, guar gum, carrageenan.",Desserts
"cashews, oil, salt",Snacks
"macadamia nuts, sugar, honey, contains or less of maltodextrin, salt, gum acacia, soy lecithin .",Snacks
"wheat bran, sugar, psyllium seed husk, contains or less of salt, baking soda, annatto color, bht for freshness. vitamins and minerals niacinamide, reduced iron, vitamin b, vitamin b, vitamin b, folic acid, vitamin d, vitamin b.",Plant-based foods and beverages
"filtered water, organic apple juice concentrate, organic orange juice. organic pineapple juice concentrate, organic white grape juice concentrate, organic peach puree, organic mango puree, citric acid, natural flavors and ascorbic acid .",Plant-based foods and beverages
"corn syrup, sugar, dark chocolate, popcorn, butter, water, almonds, cashews, honey, brown sugar, crushed peppermint candy, white chocolate, salt, soy lecithin, artificial color, natural flavor, peppermint oil, bha/bht in corn oil to retard oxidation.",Snacks
"cured with water, salt, sugar, sodium phosphates, sodium erythorbate, sodium nitrite.",Meats and their products
"select potatoes, vegetable shortening, salt, and barbeque seasoning composed of dextrose, corn flour, salt, paprika, onion and garlic powder, tortula yeast, monosodium glutamate, corn starch, extractives of paprika and other spice, natural hickory smoke flavor and less than silicon dioxide and vegetable oil added to prevent caking.",Snacks
"wheat flour, potato starch, creamer, hydrolyzed soy protein and corn gluten, salt, potato flour, beef stock, beef fat, autolyzed yeast extract, caramel color, maltodextrin, dehydrated onion and garlic, natural flavors, beef extract, beet powder, spice, chicken fat, lactic acid, dextrose, monosodium phosphate, disodium phosphate, disodium inosinate.",Condiments
"roasted peppers, toasted almonds, red wine vinegar, extra virgin olive oil, canola oil, salt, garlic powder, oregano, paprika, chili pepper, onion powder, thyme, rosemary",Condiments
"organic coconut water, natural pineapple flavor, ascorbic acid .",Plant-based foods and beverages
"organic yellow popcorn, organic palm oil, salt.",Snacks
"flounder, vegetable oil, water, wheat flour, modified corn starch, enriched flour, contains or less of yellow corn flour, salt, bleached wheat flour, spices, garlic powder, whey, onion powder, sodium tripolyphosphates, sugar, leavening, potassium chloride, sea salt, yeast extract, dried cane syrup, yeast, malted barley flour, guar gum.",Seafood
"carbonated water, high fructose corn syrup, citric acid, sodium benzoate, natural and artificial flavors, red, blue .",Beverages
"pork, beef, sea salt, water, spices, paprika, raw sugar, granulated garlic, celery powder, lactic acid starter culture in collagen casing.",Meats and their products
"corn syrup, sugar, microencapsulated malic acid, citric acid, gum acacia, soybean oil, ascorbic acid, artificial flavors, carnauba wax, corn starch, blue, red, yellow",Snacks
"enriched flour, sugar, vegetable oil, dextrose, corn syrup, salt, leavening, natural and artificial flavors, soy lecithin .",Snacks
"turkey breast, turkey broth, salt, dextrose, sodium phosphate.",Meats and their products
"organic sprouted quinoa, organic millet, organic buckwheat.",Plant-based foods and beverages
"filling organic mozzarella cheese, water, organic grilled seasoned diced chicken white meat, organic ricotta cheese and/or organic cream cheese, organic parmesan cheese and/or organic romano cheese and/or organic asiago cheese, organic canola oil and/or organic sunflower oil, sea salt, organic spices, organic garlic, organic dehydrated onion. pasta organic semolina and/or organic durum flour, organic whole eggs, water.",Plant-based foods and beverages
"organic whole grain oats, organic cane sugar, organic rice flour, organic honey, organic almonds, sea salt, calcium carbonate, mixed tocopherols added to maintain freshness.",Plant-based foods and beverages
"soybean oil, high fructose corn syrup, corncider vinegar, sugar, vidalia onions, water, salt, egg yolk, non fat dry milk, dehydrated onion, mustard seed, vinegar, onion juice, potassium sorbate and sodium benzoate added as preservatives, spices, poppy seeds, artificial color, xanthan gum, white wine, propylene glycol alginate, calcium disodium edta added to protect flavor, citric acid, tartaric acid.",Condiments
"salt, black pepper, granulated onion, granulated garlic, paprika, chipotle powder, and microcrystalline cellulose .",Condiments
"crust enriched wheat flour, water, sugar, palm oil, olive oil, salt, baking powder . toppings lowmoisture partskim mozzarella cheese, bacon, kale, tomatoes. creamy garlic sauce water, corn starch, maltodextrin, buttermilk solids, nonfat dry milk, salt, modified cornstarch, dried garlic, carrageenan, lactic acid, natural flavor.",Meals
"milk chocolate, cashews, vegetable oil, gum acacia, sea salt, sugar, confectioner's glaze.",Snacks
"prepared cabbage, water, salt.",Plant-based foods and beverages
"crust, malted barley flour, ascorbic acid], water, bread crumbs [ wheat flour, yeast, sugar, salt], soybean oil, yeast, or less of the following honey, sugar, salt), sauce, low moisture part skim mozzarella cheese, pineapple, canadian bacon .",Meals
"pasteurized milk, lactic culture, salt, annatto color, enzymes.",Dairies
"carbonated water, organic cane sugar, extracts of valencia and pera oranges, tangerines, and key limes, beta carotene, citric acid.",Beverages
"corn syrup, sugar, modified corn starch, water, gelatin, natural and artificial flavor, tetrasodium pyrophosphate.",Snacks
"pasteurized partskim milk, cream & skim milk, cheese cultures, salt, annatto color, enzymes.",Dairies
"whole grain oats, corn syrup, toasted rice cereal, fructose, sugar, vegetable oil, chicory root fiber. contains or less of natural flavors, vegetable glycerin, molasses, calcium carbonate, salt, fruit juice for color, citric acid, soy lecithin, vitamin a palmitate, niacinamide, vitamin b, vitamin b, vitamin b, bht for freshness, nonfat milk.",Snacks
"guava, citric acid, cane sugar, fd&c yellow #, sulphur dioxide .",Snacks
"carbonated water, citric acid potassium citrate, natural flavor, aspartame, potassium benzoate, acesulfame potassium, calcium disodium edta, red .",Beverages
"moong dal, masoor dal, green peas, white maseca, yukon gold potatoes, white onions, cauliflower, carrots, red bell pepper, golden raisins, mint, cilantro, turmeric, cardamom powder, mustard powder, fennel seed, coriander powder, ground cloves, cinnamon, curry powder, red chili powder, grape seed oil, sea salt",Meats and their products
"dried apricots, natural flavors, sunflower oil. sulfur dioxide, sodium bisulfite and potassium sorbate added as preservatives.",Plant-based foods and beverages
"pork, beef, salt, corn syrup, natural spices, natural flavorings, oleoresin paprika, rosemary extract, garlic powder, lactic acid starter culture, sodium nitrite, sodium nitrate.",Meats and their products
"pork, sweet italian spice mix, water, vinegar, packed in hog casing.",Meats and their products
"popcorn, partially hydrogenated soybean oil, salt, natural and artificial flavor, color .",Snacks
"filling, cloumage cheese, potato flakes, salt, spices), dough, pasteurized cage free eggs).",Plant-based foods and beverages
"organic almonds, organic almond butter, organic coconut nectar, organic cacao butter, organic cacao nibs, organic pumpkin seeds, organic cranberries, organic chia seeds, organic coconut shreds, organic flax seed, organic cacao powder, organic roasted espresso bean, organic pumpkin spice, organic chili powder, organic vanilla extract, himalayan crystal salt.",Snacks
reduced fat ice cream . coating .,Desserts
"milk chocolate, crisped rice .",Snacks
"almonds, canola and/or sunflower oil, salt maltodextrin, natural hickory smoke flavor, yeast, hydrolized corn and soy protein and natural flavorings.",Snacks
"fried out pork fat with attached skin, salt.",Snacks
"turkey breast, turkey broth, contains or less salt, sugar, potassium and sodium phosphates, sodium propionate, ascorbic acid, citric acid, sodium nitrite, natural flavor.",Meats and their products
"corn syrup, sugar, gelatin, citric acid, apple juice from concentrate, lactic acid, sodium citrate, coconut oil, artificial flavor, sodium lactate, carnauba wax, blue #.",Snacks
"enriched flour, sugar, interesterified soybean oil, dextrose, high fructose corn syrup, contains two percent or less of salt, sodium bicarbonate, cornstarch, soy lecithin, natural strawberry flavor, citric acid, red # lake.",Snacks
"iceberg lettuce, romaine lettuce, balsamic vinaigrette, red bell pepper, homestyle multigrain parmesan caesar croutons, canola and/or sunflower oil, parmesan cheese powder, whole wheat flour, salt, yeast, or less of high fructose corn syrup, rye meal, parsley, garlic, wheat gluten, calcium propionate, calcium peroxide, calcium sulfate, ascorbic acid, azodicarbonamide, enzymes, sodium stearoyl lactylate, caramel color, honey, natural flavors, citric acid, tbhq . dehydrated), grape tomatoes, hard cooked egg, white sharp cheddar cheese shredded, potato starch and powdered cellulose .), celery, carrots.",Salted snacks
"water, tomato puree, corn and apple cider vinegar, brown sugar, modified corn starch, spices, mustard, worcestershire sauce, salt, onion, green bell pepper, garlic, natural flavor, and extractives of paprika.",Condiments
"mushrooms, water, salt, calcium disodium edta.",Plant-based foods and beverages
"cooked cavatppi pasta, tomatoes, grape tomatoes, grape tomatoes, mozzarella cheese (pasteurized part",Meals
"water, citric acid, malic acid, potassium citrate, natural flavor, potassium benzoate and potassium sorbate, sodium hexametaphosphate, caramel color, sucralose, red, acesulfame potassium, tartaric acid, calcium disodium edta .",Beverages
"brown sugar, milk chocolate, butter, nongmo corn syrup, gourmet popcorn, sunflower oil, sea salt, soy lecithin .",Snacks
"water, organic apple juice concentrate, natural flavor, citric acid, natural fruit punch flavor, organic reb a",Plant-based foods and beverages
"enriched wheat flour, water, cheddar cheese, soybean oil, contains or less of the following yeast, sugar, wheat gluten, salt, oat flour, potato flakes, natural flavors, vegetable oil, modified corn starch. dried green onion, vinegar, corn syrup solids, calcium propionate, monoglycerides, autolyzed yeast extract, soy lecithin, smoke flavor, caramel color, disodium guanylate, disodium inosinate, annatto, locust bean gum, calcium sulfate.",Plant-based foods and beverages
"cultured grade a non fat milk, water, chicory root fiber, milk protein concentrate, contains less than of vegetable juice, stevia leaf extract, natural flavors, sodium citrate, sea salt, malic acid, carrageenan, potassium sorbate, vitamin d.",Dairies
"decaffeinated green tea leaf, american ginseng root, asian ginseng root, eleuthero root, gynostemma leaf, astragalus root, peppermint leaf, chrysanthemum flower, dandelion leaf, white mulberry leaf, licorice root.",Plant-based foods and beverages
"water, wheat, soybeans, salt, sodium benzoate less than / of as food preservative",Condiments
"dual source energy blend, water, and less than of salt, sodium citrate, citric acid, green tea extract and caffeine from tea, glycerin, caramel color, sodium benzoate and potassium sorbate, potassium chloride, natural flavor .",Snacks
"parmesan cheese, asiago fresh cheese, romano cheese made from cow's milk, powdered cellulose to prevent caking, natamycin to protect flavor.",Dairies
"soybean oil, water, eggs, distilled and cider vinegar, salt, sugar, lemon juice, natural flavors, oleoresin paprika and calcium disodium edta added to protect flavor.",Condiments
"potato flakes, potato starch, degermed yellow corn meal, whole grain corn meal, salt, sunflower oil and sea salt.",Snacks
"corn syrup, sugar, water, gelatin, citric acid, natural and artificial flavors, pectin, colors, coconut oil, carnauba wax .",Snacks
"pork, water, salt, sugar, dextrose, spices, sodium erythorbate, spice extractives, sodium nitrite.",Meats and their products
"high fructose corn syrup, vinegar, tomato paste, modified food starch, contains less than of salt, pineapple juice concentrate, natural smoke flavor, spices, caramel, sodium benzoate, molasses, corn syrup, garlic, sugar, tamarind, natural flavor",Condiments
"soy protein isolate, beet syrup, organic brown rice syrup, organic cane sugar, palm kernel oil, almond butter, organic oat fiber, natural flavors, cocoa++, organic soy protein concentrate, vegetable glycerin, rice starch, organic rolled oats, organic high oleic sunflower oil, alkalized cocoa++, soy lecithin, sea salt, organic roasted soybeans. vitamins & minerals calcium carbonate, magnesium oxide, ascorbic acid, dlalpha tocopheryl acetate, thiamine mononitrate, beta carotene, niacinamide, dcalcium pantothenate, riboflavin, pyridoxine hydrochloride, ergocalciferol, cyanocobalamin, potassium iodide.",Snacks
"milk, cream sugar, corn syrup, fudge sauce, brownie pieces, skim milk, whey, stabilizer, vanilla.",Desserts
"raw cane sugar #, cocoa butter #, whole milk powder #, emulsifier, vanilla pod #, vanilla extract #. # = certified organic organic white chocolate minimum cocoa solids, minimum milk solids cocoa, sugar, vanilla traded in compliance with fairtrade standards, total . visit www.info.fairtrade.net may contain tree nuts, almond, tree nuts, hazelnut / filbert.",Snacks
"soybean oil, cilantro, lime juice concentrate, garlic, onion, jalapenos, salt.",Condiments
"organic enriched wheat flour, organic graham flour, organic palm oil, organic cane sugar, organic brown sugar, organic honey, organic cane sugar syrup, sea salt, baking soda, natural flavors, ammonium bicarbonate, organic vanilla extract, organic soy lecithin.",Snacks
"sugar, corn syrup, wheat flour, water, and less than of citric acid, sorbitol, maltodextrin, sodium citrate, glycerin, malic acid, gelatin, vegetable and fruit juice color, salt, natural flavors, confectioners glaze .",Snacks
"sugar, chocolate liquor processed with alkali cocoa butter, butter oil, soy lecithin vanilla.",Snacks
"soybean oil, soy lecithin, natural flavors, dimethyl silicone, beta carotene.",Plant-based foods and beverages
"enriched flour, water, contains less than of dough conditioner, malt, preservatives, salt, vinegar, yeast.",Plant-based foods and beverages
"white coating, dark chocolate, peppermint candy .",Snacks
"cultured milk, enzymes, salt.",Dairies
"enriched long grain parboiled rice [long grain rice, iron, niacin, thiamin, folate ],",Plant-based foods and beverages
"apples, water, ascorbic acid",Plant-based foods and beverages
"pretzel thin enriched wheat flour, water, yeast, cellulose, sugar, contains or less of corn sugar, wheat gluten, soybean oil, dough conditioners, salt, calcium propionate, vinegar, cultured wheat starch, citric acid, xanthan gum, calicum sulfate, sodium hydroxide. cooked ham ham muscle, ham trim cured with water, sugar, salt, sodium phosphate, sodium lactate, sodium erythorbate, and sodium nitrite. pasteurized process swiss cheese swiss cheese, water, sodium phosphate, salt, sodium citrate, sorbic acid as a preservative, milkfat, with starch added for slice separation.",Frozen foods
"strawberries, sugar, ascorbic acid, sunflower oil.",Snacks
"cultured milk and skim milk, water, cream, sodium citrate, salt, sodium phosphate, sorbic acid, citric acid, artificial color, acetic acid, enzymes, soy lecithin .",Dairies
"filtered water, sugar, mango puree concentrate, pineapple juice concentrate, apple juice concentrate, orange juice concentrate, passionfruit juice concentrate, natural flavors, citric acid, lime juice concentrate and ascorbic acid .",Plant-based foods and beverages
"high fructose corn syrup, distilled vinegar, tomato paste, modified food starch, brown sugar, contains or less of salt, natural smoke flavor, pineapple juice concentrate, spices, caramel color, sodium benzoate as a preservative, molasses, corn syrup, garlic, sugar, tamarind, natural flavor.",Condiments
"enriched flour, peanut butter, soybean oil with tbhq for freshness, sugar, high fructose corn syrup, dextrose, contains two percent or less of salt, malted barley flour, leavening, soy lecithin, cornstarch, yellow #, cheddar cheese, whey, buttermilk, disodium phosphate, red pepper.",Snacks
"triple filtered purified water, white vinegar, tomato paste, cellulose gel, natural flavor, natural spices, salt, garlic, onion, pickle relish, lemon juice, xanthen gum, food color, sucralose, sodium benzoate",Condiments
"milk chocolate confectioners coating, corn syrup, sugar, mixed nuts, popcorn, brown sugar, butter, soybean oil, salt, soy lecithin .",Snacks
"green beans, water, salt",Plant-based foods and beverages
"rice flour, garlic powder, onion powder, yeast extract, hydrolyzed vegetable protein, natural chicken flavor, roasted peanut oil, annatto extract.",Condiments
"wheat flour, sugar, margarine, high maltose syrup, brown sugar, water, flavorings, ammonium hydrogen carbonate, sodium bicarbonate, salt, gelatin, titanium dioxide, fd&c colors .",Snacks
"grade a pasteurized whole milk, fruit blend, cane sugar, wildflower honey, kosher gelatin, pectin, live active cultures",Dairies
"pasteurized cultured milk and cream . salt. chives. horseradish oil, enzymes, annatto .",Dairies
"yellow sweet corn, water, sugar, modified corn starch, salt.",Plant-based foods and beverages
"pasteurized milk and cream, tomato, tomato puree, water, salt, cheese culture, jalapeno pepper, vinegar, vegetables, stabilizers, onion, potassium sorbate, red pepper, garlic puree, jalapeno pepper, sugar, habanero pepper, yeast extract, lime peel, spice, citric acid, natural flavor.",Dairies
"soy sauce, sugar, expeller pressed vegetable oil, dried onion, sesame seeds, dried garlic, ginger puree, expeller pressed sesame oil, dried ginger.",Condiments
"peanuts roasted in peanut and/or cottonseed and/or sunflower seed and/or canola oil, salt.",Snacks
"organic evaporated cane juice, organic dry roasted peanuts, organic brown rice syrup, organic coconut milk, organic coconut oil, organic vanilla extract, sodium bicarbonate, sea salt.",Snacks
"brown rice flour, potato starch, safflower oil, four cheese seasoning, sorghum flour, quinoa seeds, sesame seeds, millet, flax seeds, amaranth seeds.",Snacks
"crystal clear carbonated water, caramel color, natural and artificial flavor, potassium benzoate, malic acid, sucralose, acesulfame potassium, and red #.",Beverages
"sugar, hydrogenated coconut oil, maltodextrin, nonfat dry milk, sweet whey, instant tea, natural flavors, corn syrup solids, sodium caseinate, salt, refinery syrup, honey, dipotassium phosphate, silicon dioxide, monoand diglycerides, soy lecithin, spice, surcalose.",Beverages
"peanuts, vegetable oil, seasoning [maltodextrin, salt, vinegar powder, dextrose, monosodium glutamate, spice, spice extract, citric acid, onion & garlic, silicon dioxide].",Snacks
"grade a pasteurized cultured reduced fat milk, water, sugar, soluble corn fiber, pecans, corn starchmodified, natural flavors, wheat bran, wheat germ, potassium sorbate, pectin, locust bean gum, citric acid, guar gum, stevia leaf extract, vitamin a palmitate, vitamin d.",Dairies
"enriched macaroni, cheese sauce mix whey, enriched wheat flour bleached, cheddar cheese, salt, food starchmodified, disodium phosphate, yellow, yellow .",Meals
"pasteurized milk and cream, kalamata olives, water, salt, vinegar, cheese culture, garlic, spice, guar gum, potassium sorbate, natural flavor, lemon juice concentrate, carob bean gum, xanthan gum, sodium phosphate, enzymes, lemon oil, red wine vinegar, olive oil.",Dairies
"cashews, vegetable oil, sea salt.",Snacks
contains pure triple filtered carbonated water.,Beverages
"corn, water, salt.",Plant-based foods and beverages
"skim milk, cream, sugar, graham cracker swirl, corn syrup, miniature marshmallows, chocolate chips, whey, cocoa processed with alkali, molasses, natural flavor, guar gum, carob bean gum, caramel color, egg whites, mono and diglycerides, cellulose gum, carrageenan, barley .",Desserts
"cane vinegar, sugar, crushed orange habanero peppers, glucose, salt, starch, xanthan gum, acetic acid, ascorbic acid, turmeric oleoresin",Condiments
"enriched macaroni, tomato powder, enriched macaroni orzo, , corn syrup solids, modified food starch, cheddar cheese blend, lactic acid, sea salt, white granulated sugar, spices, basil, onion powder, white pepper, oregano.",Meals
"brown rice syrup, sunflower seeds, vegan chocolate chips, crisp rice with cocoa, raisins, peanuts, peanut butter, sesame seeds, plum puree, chia, quinoa flake, millet, sea salt, natural flavor, vitamin e from sunflower seeds .",Snacks
"organic cultured pasteurized nonfat milk, organic milk, organic cream, organic nonfat milk, contains less than of salt, tricalcium phosphate, organic locust bean gum, citric acid, carrageenan, vitamin a palmitate, microbial rennet, carbon dioxide .",Dairies
"corn syrup, sugar, gelatin, citric acid, sorbitol, natural and artificial flavors, fd&c yellow, yellow, blue, red, vegetable oil, carnauba wax .",Snacks
"precooked rice, rehydrated whey, asparagus, cream, onion, water, hard grating cheese, sunflower seed oil, wheat . flour, butter, eggs, celery, tapioca starch, vegetable broth, garlic, salt, nutmeg, white pepper.",Frozen foods
"beef and pork, salt, dextrose, natural spices, monosodium glutamate, sodium erythorbate, lactic acid starter culture, natural flavoring, sodium nitrite.",Meats and their products
"protein blend, chocolate flavored coating, hydrolyzed collagen, glycerin, cocoa powder, water, milk chocolate drops, maltitol syrup, peanut flour, natural flavors, sucralose, almond butter soy lecithin.",Snacks
"chocolate chip cookie [bleached wheat flour, sugar, chocolate chips, palm oil, corn syrup, high fructose corn syrup, molasses, baking powder, baking soda, natural & artificial flavor, salt, soybean lecithin)], nonfat milk, sugar, corn syrup, cream, corn syrup solids, whey, less than of mono and diglycerides, locust bean gum, guar gum, natural and artificial flavor, corn oil, caramel color, vitamin a palmitate, carrageenan.",Desserts
"unbleached enriched flour, canola oil, palm oil, sugar, high fructose corn syrup, maltodextrin, leavening, salt, torula yeast, spices, onion powder, natural flavor, soy lecithin, garlic powder, natural smoke flavor, sunflower oil, malted barley flour .",Snacks
"wheat flour, sugar, water, whole egg, vegetable oils, glucosefructose syrup, humectant, salt, emulsifiers, raising agents, natural flavouring.",Snacks
"peaches, water, citric acid, sugar.",Plant-based foods and beverages
"whole grain wheat, rice, sugar, wheat bran, whole grain oats, vegetable oil, contains or less of salt, brown sugar syrup, malt flavor, rice flour, calcium carbonate, dextrose, honey, molasses, natural flavors, soy lecithin, mixed tocopherols for freshness, spices, cinnamon, paprika extract color, annatto extract color, ginger, nutmeg, allspice, bht for freshness. vitamins and minerals reduced iron, vitamin c, betacarotene, vitamin e acetate, niacinamide, vitamin b, vitamin b, vitamin b, folic acid, vitamin d, vitamin b.",Plant-based foods and beverages
"corn syrup, sugar, gelatin, sorbitol, modified starch, dextrose, citric acid, artificial flavors, pectin, vegetable oil, sodium citrate, carnauba wax, artificial colors.",Snacks
"organic white garbanzos, organic green garbanzos, organic green lentils, organic red lentils, organic tomato, organic extra virgin olive oil, organic garlic, organic basil, sea salt, organic black pepper.",Plant-based foods and beverages
milk chocolate ; peanuts ; sugar; dextrose; salt; tbhq,Snacks
"reduced fat milk, sugar, cocoa, locust bean gum, carrageenan, artificial vanilla, vitamin a palmitate, vitamin d added.",Dairies
"water., tomato paste., extra virgin olive oil, , diced tomatoes in juice, , garlic, , honey, , diced onion, , sundried tomatoes, , contains or less of salt, , basil, , crushed red pepper, , ancho chili pepper powder, , black pepper, , paprika, , apple cider vinegar, , citric acid, , natural flavors",Condiments
"whole grain wheat, canola oil, sea salt, buttermilk, rice starch, natural flavor, sugar, cheddar cheese powder, gouda cheese powder, nonfat milk, extra virgin olive oil, malted barley flour, salt.",Snacks
"dry roasted almonds, evaporated cane juice, palm oil, coca powder, nonfat dry milk, canola oil, soy lecithin, natural vanilla flavor, salt.",Plant-based foods and beverages
"fully cooked chicken thigh meat, maltodextrin, corn starch, spices, onion powder, soybean oil, caramel color, garlic powder], and containing of less of pineapple juice, vinegar powder, sodium phosphate, modified food starch), coconut curry sauce .",Meats and their products
"maltodextrin, chili pepper, onion powder, salt, spice, corn starch, sea salt, contains or less of vegetable oil, silicon dioxide, sugar, citric acid, natural flavor",Condiments
"enriched flour, whole grain wheat flour, soybean oil, sugar, leavening, corn syrup, salt, natural flavor, soy lecithin .",Snacks
"pasteurized organic sweet cream, salt",Dairies
"pasteurized goat milk, salt, marjoram, oregano, garlic powder, cheese cultures, microbial rennet",Dairies
"ice cream, artificially flavored vanilla wafers .",Desserts
"milk and skim milk, maltodextrin, cream, maltitol, roasted almonds, cocoa processed with alkali, glycerol, polydextrose, propylene glycol monoesters, guar gum, mono and diglycerides, cellulose gel, locust bean gum, cellulose gum, carrageenan, gum arabic, natural and artificial flavors, enzymes, sucralose, citric acid, vitamin a palmitate.",Desserts
"green beans, water",Plant-based foods and beverages
"brown sugar, cider vinegar, apple juice, tomato paste, habanero peppers, worcestershire sauce, , salt, paprika, spices.",Condiments
"corn flax chips and pepper sesame sticks and sriracha corn sticks blend, thiamine, mononitrate, riboflavin, folic acid], soybean oil, flax seeds, sesame seeds, bulgur wheat, smoky cheddar seasoning [white cheddar cheese, whey, salt, buttermilk powder, natural flavors, onion powder, citric acid, lactic acid, garlic powder], red bell pepper seasoning [maltodextrin, salt, tomato powder, onion powder, sugar, garlic powder, natural flavoring, yeast extract, green pepper, red bell pepper, spices and herbs, tocopherol, ascorbic acid ], sriracha seasoning [maltodextrin, sea salt, vinegar powder, dried cane syrup, paprika, garlic powder, spice, onion powder, paprika extract, malic acid, natural flavor], salt, beet powder and turmeric [color]), pepitas, almonds .",Snacks
"chocolate coating, corn syrup, sugar, enriched flour, high fructose corn syrup, vegetable oil shortening, raspberry puree, gelatin, corn starch, salt, leavening, citric acid, pectin, potassium sorbate as a preservative, artificial flavor, color, locust bean gum, whey, sodium citrate.",Snacks
"baby clams, water, salt, sodium acid pyrophosphate, citric acid, calcium disodium edta.",Seafood
"tapioca syrup, cane sugar, filtered water, tapioca starch, carrageenan, soy protein, natural vanilla flavor.",Snacks
"sugar, corn syrup, citric acid, colorings, blue, yellow, red, artificial flavors and natural flavors.",Snacks
"milk chocolate, natural & artificial flavor), corn syrup, palm oil, sugar, high fructose corn syrup, sugar, milk, salt, lecithin, artificial flavor, sodium carbonate.",Snacks
"flour, sugar, liquid whole egg, canola oil, soy lecithin, caramel, maple flavor, baking powder, salt.",Snacks
"tomatoes, green olives, peppers, onion, garlic, cilantro, lemon juice, vinegar, salt, and spices.",Condiments
"raw organic white honey, unsweetened organic dark chocolate",Snacks
"sugar, enriched wheat flour, palm kernel oil, titanium dioxide, yogurt powder, whey powder, corn syrup, salt, sodium bicarbonate, yeast, soy lecithin, lactic acid, fractionated coconut and/or palm kernel oil, natural and artificial flavors, yellow lake.",Snacks
"popcorn, coconut oil, salt.",Snacks
"chicken breast with rib meat, water, textured soy protein concentrate, salt, sugar, sodium phosphate, hydrolyzed soy and wheat gluten protein, spice extractives, polysorbate . breaded with wheat flour, water, modified food starch, yellow corn flour, salt, dextrose, sugar, leavening, whey, partially hydrogenated soybean oil, caramel, nonfat milk, paprika extract, mono & diglycerides, breading set in vegetable oil.",Frozen foods
"almonds, tapioca syrup, pumpkin seeds, pumpkin seed protein, pea protein, pea crisps, liquid agave inulin, acacia gum, vanilla extract, sea salt, monk fruit extract.",Snacks
"skim milk, cream, chocolate ripple, sugar, chocolate coated peanuts, corn syrup, high fructose corn syrup, whey, monoand diglycerides, guar gum, calcium sulfate, locust bean gum, carrageenan, artificial vanilla.",Desserts
"crust rice flour, filtered water, tapioca starch, potato starch, egg whites, eggs, extra virgin olive oil, modified corn starch, sugar, vegetable shortening, contains less than of the following yeast, cellulose gum, natural flavor, potassium chloride, salt, kosher gelatin, leavening, xanthan gum, distilled monoglycerides, guar gum. mozzarella cheese pasteurized part skim milk, cheese cultures, salt, enzymes. sauce tomato puree, water, spices, salt, sugar.",Meals
"cane sugar, apricots, water, fruit pctin, citric acid.",Plant-based foods and beverages
"dough bleached wheat flour, thiamin mononitrate, riboflavin, folic acid), water, shortening, sugar, salt, vital wheat gluten, fd&c yellow # and #. apple apple, water, sugar, modified corn starch, contains or less of the following lemon juice, cinnamon, citric acid, potassium sorbate, caramel, gellan gum, salt, nutmeg.",Snacks
"cured with water, salt, contains or less of the following vinegar, dextrose, sodium phosphate, sodium erythorbate, sodium nitrite.",Meats and their products
"soy protein isolate, peanuts, soluble corn fiber, sugar, fructose, palm kernel and palm oil, dried cranberries, raisins, almonds, roasted soybeans, dextrose, whole grain oats.contains or less of cocoa processed with alkali, vegetable glycerin, sea salt, natural flavor, whey, soy lecithin, rosemary extract for freshness, xanthan gum, wheat starch.",Snacks
"grade a lowfat milk, banana puree, cane sugar, cocoa, guar gum, sea salt, natural vanilla flavor, vitamin a palmitate, vitamin d.",Dairies
"carbonated water, organic cane sugar, organic pear juice from concentrate, organic apple cider vinegar, natural flavor, citric acid, sea salt.",Beverages
"water, citric acid, propylene glycol, malci acid, contains less than of natural flavor, sucralose and acesulfame potassium, potassium citrate, red, blue, yellow, potassium sorbate .",Beverages
"water, organic quinoa, organic brown rice, organic garlic concentrate, organic olive oil, sea salt.",Meals
"potatoes, peanut oil or a blend of peanut oil, and canola oil, corn oil, or sunflower oil.",Snacks
"enriched wheat flour, protein blend, palm margarine, cane sugar, semisweet chocolate chips, vegetable glycerine, chicory root fiber, invert sugar, oligofructose, sunflower lecithin, baking soda, natural flavor, salt, cultured dextrose, xanthan gum, guar gum.",Snacks
"pork, water, salt, spices, and monosodium glutamate.",Meals
"cultured skim milk, skim milk, peaches, water, fructose, cream, milk protein concentrate, corn starch, salt, natural flavor, sodium lactate, potassium sorbate, carob bean gum, annatto extract, xanthan gum, lactic acid, vitamin a palmitate, enzymes.",Dairies
"organic tomato puree, organic diced tomatoes in organic tomato juice, organic onion puree, organic oven roasted tomatoes, organic cabernet cooking wine, organic sauteed onions, sea salt, organic extra virgin olive oil, organic roasted garlic, natural flavor, organic basil, organic spices.",Condiments
"ice cream contains milk, cream, high fructose corn syrup, corn syrup, sugar, nonfat dry milk, whey, guar gum, mono & diglycerides, cellulose gum, polysorbate, carrageenan, locust bean gum, artificial vanilla flavor, cookies contain sugar, enriched flour, partially hydrogenated soy and/or cottonseed oil, cocoa processed with alkali, high fructose corn syrup, corn flour, salt, dextrose, sodium bicarbonate, soy lecithin, natural flavor.",Desserts
"corn, vegetable oil, salt, spices, sugar, maltodextrin, cheese powder [ whey, reduced lactose whey, maltodextrin, cheddar and blue cheese, canola oil, salt, disodium phosphate, citric acid, lactic acid], tomato powder, natural and artificial flavors including smoke, monosodium glutamate, sodium diacetate, onion powder, garlic powder, torula yeast, sweet cream solids, citric acid, extractives of paprika.",Snacks
pork and sea salt.,Meats and their products
"cookies wheat flour, sugar, vegetable shortening, water, cocoa processed with alkali, dextrose, nonfat milk, vegetable shortening, contains less than of each of the following corn starch, cane molasses, baking soda, salt, whey, ammonium bicarbonate, soy lecithin, propylene glycol, ethyl alcohol, natural & artificial flavors, corn syrup, ethyl maltol, and caramel color with sulfites. coating sugar, palm kernel oil, dry whey powder, nonfat dry milk powder, soy lecithin, salt, methyl vanillin, and yellow lake.",Snacks
"herring fillets, water, mustard, sugar, vegetable oil, spirit vinegar, thickener guar gum, carrageenan; salt, tomato paste, seasonings .",Seafood
"degerminated white corn grits, salt, coconut oil, corn syrup solids, palm oil, calcium carbonate, maltodextrin, natural flavor, modified food starch, whey, cheddar cheese, yeast extract, annatto and turmeric, natural and artificial flavor, hydrolyzed corn gluten, monosodium glutamate, sodium phosphate, lactic acid, disodium inosinate and disodium guanylate, sodium caseinate, reduced iron, mono and diglycerides, potassium phosphate, tocopherols, niacinamide, bht and citric acid, riboflavin, thiamin mononitrate, folic acid.",Plant-based foods and beverages
"almond milk, calcium carbonate, natural vanilla flavor with other natural flavors, sea salt, potassium citrate, sunflower lecithin, gellan gum, vitamin a palmate, vitamin d and dalpha tocopherol",Plant-based foods and beverages
organic coconut water.,Plant-based foods and beverages
"sugar, popcorn, dextrose, salt, and soy lecithin .",Snacks
"cashews, sea salt, spices, sugar, pepper dehydrated onion & garlic, paprika, yeast extract natural flavor, not more than soybean oil and silicon dioxide added as a processing aid, oil .",Snacks
"wheat flour, sugar, vegetable oil, lactose, whole milk powder, shortening, strawberry powder, butter, coloring, emulsifier, trisodium phosphate, artificial flavor, salt, yeast, leavening .",Snacks
"water, ume, sea salt, shiso leaves.",Condiments
"water, chicken stock, spaetzle dumplings, chicken meat, carrots, celery, vegetable oil, contains less than of green beans, peas, modified food starch, salt, wheat flour, soy protein concentrate, monosodium glutamate, sugar, onion powder, soy protein isolate, sodium phosphate, beta carotene for color, natural flavoring, spice, dehydrated chicken, butter, cream powder, chicken fat, soy lecithin .",Meals
"durum wheat flour, water, ricotta cheese, mozzarella cheese, parmesan cheese, eggs, bread crumbs, or less of cream, canola oil, cheddar cheese paste, roasted garlic, dehydrated garlic, salt, basil, spices, dried red peppers, soy lecithin .",Plant-based foods and beverages
"wheat flour, sugar, dark chocolate chunks, belgian hite chocolate chunks, buter, rapeseed and palm oil, belgian milk chocolate chunks, partially inverted refiners syrup, fat reduced cocoa powder, raising agents disodium diphosphate, sodium hydrogen carbonate, ammonium hydrogen carbonate salt.",Snacks
"organic tomato concentrate from red ripe organic tomatoes, organic distilled vinegar, organic sugar, salt, organic onion powder, organic spice, natural flavoring",Condiments
"organic creamed coconut, organic egg, organic coconut oil, baking soda, sea salt, organic apple cider vinegar",Plant-based foods and beverages
"walnuts, butter, sugar, milk chocolate, vanilla extract), almonds",Snacks
"sugar, brown sugar, hickory smoke flavor), dried cranberries, honey roasted almonds, carrots.",Plant-based foods and beverages
"potatoes, vegetable oil, salt, seasoning .",Snacks
"extra virgin, olive oil; natural extract basil.",Plant-based foods and beverages
"organic brown rice flour, filtered water, organic white rice flour, organic agave, pecan meal, organic tapioca flour, safflower oil, organic chia seeds, fresh yeast, vegetable gum, rice bran, arrowroot, herbs.",Plant-based foods and beverages
"filtered water, grapefruit juice, citric acid, natural flavor, pectin, ascorbic acid, fumaric acid, sodium citrate, vegetable concentrate for color, sucralose, gum arabic, acesulfame potassium, ester gum, betacarotene for color.",Plant-based foods and beverages
"almond flour, arrowroot starch, organic coconut flour, organic coconut sugar, sea salt, cream of tartar, baking soda.",Snacks
"vegetable oils, eggs, water, white distilled vinegar, parmesan cheese, salt, spices, basil, high fructose corn syrup, garlic, lemon juice, basil oil, xanthan gum, calcium disodium edta, caramel color, yellow no., blue no., citric acid.",Condiments
"organic almondmilk, sea salt, tricalcium phosphate, gellan gum, organic locust bean gum, vitamin a palmitate, ergocalciferol, dlalphatocopherol acetate, cyanocobalamin . contains almonds .",Plant-based foods and beverages
"carbonated water, high fructose corn syrup, citric acid, natural and artificial flavors, potassium benzoate, quinine.",Beverages
"organic yellow corn, expeller pressed canola oil and/or safflower oil and/or sunflower oil, sea salt.",Snacks
"sugar, corn syrup, gelatin, pectin, artificial flavor, color added .",Snacks
"shrimp, water, sodium bisulfite and sodium tripolyphosphate",Seafood
"sugar, wafer, hydrogenated coconut oil, hydrogenated palm kernel oil, corn syrup, maltodextrin, nonfat milk, toasted coconut, cocoa processed with alkali, less than of glycerin, high oleic canola oil, salt, carrageenan, natural flavor, emulsifiers, dairy product solids, paprika color, ground peanuts.",Snacks
"almond mylk, oats organic date, vanilla, sea salt.",Plant-based foods and beverages
"ketchup, apple cider vinegar, brown sugar, water, mustard, unsulphured molasses, hot sauce, worcestershire powder, sugar, hickory smoke, white vinegar, cayenne pepper, minced onion, salt, xanthan gum, and black pepper.",Condiments
"pink and/or keta salmon, water, soybean oil, sweet chili sauce, vinegar powder, paprika extract, monascus color, natural flavor, disodium 'ribonuclectides), red bell pepper, parsley flakes.",Seafood
"water, beans, tomato paste, beef fat, modified cornstarch, contains or less of hydrolyzed soy protein, dehydrated onions, chili powder, salt, textured vegetable protein, garlic powder, sugar, spice, malted barley extract .",Condiments
"water, organic coconut meat.",Plant-based foods and beverages
red lentil flour.,Plant-based foods and beverages
"milk, corn syrup, sugar, almonds, cream, less than of whey, butter, canola oil, vegetable gums, mono and diglycerides, salt, natural flavors, vitamin a palmitate.",Desserts
"pork, pork back fat, sugar, soy sauce, water, salt, cooking wine, monosodium glutamate, grain alcohol, spices, sodium nitrite.",Meats and their products
"manzanilla olives, water, minced pimiento, salt, lactic acid, citric acid, and ascorbic acid.",Salted snacks
"unbleached wheat flour, water, rolled oats, organic honey, cane sugar, wheat gluten, steelcut oats, oat bran, oat flour, yeast, contains or less of the following cultured wheat flour, expeller pressed canola oil and/or expeller pressed soybean oil, salt, wheat starch, soy lecithin, organic distilled white vinegar, organic canola oil, ascorbic acid, microbial enzymes, organic soy lecithin . contains wheat and soy ingredients.",Plant-based foods and beverages
"degerminated yellow cornmeal, salt, dextrose, garlic powder, ground chili peppers, onion powder, caramel color, spices, soybean oil, and parsley.",Condiments
"boneless skinless chicken breast with rib meat, water, salt.",Meats and their products
"whole grain oat flour, wheat starch, sugar, modified corn starch, oat fiber, salt, oat extract, dicalcium phosphate, tripotassium phosphate, mixed tocopherols added to preserve freshness. vitamins and minerals calcium carbonate, reduced iron and zinc oxide, sodium ascorbate, niacinamide, vitamin a palmitate, pyridoxine hydrochloride, riboflavin, thiamine mononitrate, folic acid, cholecalciferol, cyanocobalamin.",Plant-based foods and beverages
"milk, cream, sugar, buttermilk, whey, corn syrup, chocolate flakes, mono and diglycerides, guar gum, natural and artificial flavors, sodium phosphate, cellulose gum, sodium citrate, poly",Desserts
"popover wheat flour, egg white, vegetable oil, water, whole egg, skimmed milk powder, salt, filling water, mozzarella cheese blue cheese sauce mix, nonfat dry milk, disodium phosphate], modified food starch, whey, cheddar cheese blend [ whey, cheddar cheese, reduced lactose whey, maltodextrin, canola oil, salt, disodium phosphate, blue cheese, nonfat dry milk, citric acid], coconut oil, corn syrup solids, salt, less than of each of the following yeast extract, sodium caseinate, maltodextrin, potassium and sodium phosphate, sugar, mono & diglycerides, guar gum, natural flavor, lactic acid, soy lecithin ) topping bacon",Frozen foods
"filtered water; sugar; pear, grape and orange juice concentrates; citric acid; pineapple and apple juice concentrates; natural flavor.",Plant-based foods and beverages
"organic unsalted butter, organic cane sugar, organic unbleached flour, organic eggs, organic vanilla extract, salt.",Snacks
"enriched wheat flour, cheddar cheese, canola and/or sunflower oils, contains or less of salt, yeast, autolyzed yeast, sugar, spices, celery, onion powder, baking soda, monocalcium phosphate, colors .",Snacks
"semolina, durum flour, niacin, ferrous sulfate, thiamin mononitrate, riboflavin, folic acid.",Plant-based foods and beverages
"cream cheese, soluble corn fiber, glycerin, wheat flour bleached, invert sugar, fructose, whole wheat flour, sugar, vegetable oil, dried egg white, brown sugar, modified corn starch, butter, dried cream cheese . contains or less of dried buttermilk, dried sour cream, lactose, honey, refiner's syrup, cream of tartar, maltodextrin, strawberry puree concentrate, nonfat milk solids, modified tapioca starch, baking soda, salt, natural flavor, apple powder, corn starch, cellulose gel, lactic acid, locust bean gum, nonfat dry milk, soy lecithin, caramel color, sodium phosphate, cellulose gum, calcium lactate, red, blue . citric acid and tocopherols added to retain freshness.",Snacks
"organic apple puree, organic blackberry puree, water, organic purple carrot puree, organic nonfat greek yogurt, organic whole oat flour, organic ground chia seeds, organic lemon juice concentrate. contains milk .",Dairies
"organic enriched wheat flour, organic cane sugar, organic palm oil and/or organic canola oil and/or organic sunflower oil, organic cane sugar, syrup, sea salt, baking soda, organic soy lecithin, organic vanilla extract.",Snacks
"water, organic cane sugar, citric acid, natural flavor, sodium hexametaphosphate, vitamin e acetate, salt, ascorbic acid, potassium sorbate, purified stevia leaf extract, potassium citrate, sodium citrate, niacinamide, calcium disodium edta, calcium pantothenate, pyridoxine hydrochloride .",Beverages
"grade a fat free milk, vitamin a palmitate, vitamin d.",Dairies
"chicken breast, mozzarella cheese, pasteurized milk, cheese cultures, salt, enzymes, powdered cellulose, artichokes, artichoke, water, salt, citric acid, spinach, parmesan cheese, pasteurized partskim milk, cheese cultures, salt, enzymes, powdered cellulose, breadcrumbs, wheat flour, natural cane sugar, yeast, sea salt, canola oil, caramelized onions, onions, canola oil, pomace olive oil, garlic, seasoning, sea salt, maltodextrin, spices, mustard, vinegar, paprika, salt, dehydrated garlic, spices, turmeric, dehydrated onion, sugar, dehydrated bell pepper, sunflower oil, parsley flakes, spice extractives",Meals
"rice, seasonings silicon dioxide, turmeric powder, chili oleoresin). coconut milk powder, mono and diglyceride, dipotassium phosphate, silicon dioxide ), basil .",Meals
"water, high fructose corn syrup, concentrated orange juice, concentrated mango puree, concentrated passion fruit juice, citric acid, natural flavor, guar gum, annatto color.",Plant-based foods and beverages
"organic lowfat pasteurized milk, organic fruit, lactase enzyme, pectin, flourish live and active cultures.",Dairies
"whole grain brown rice, whole grain quinoa, pumpkin seeds, sunflower seeds, black sesame seeds, brown flax seeds, filtered water, sea salt, cilantro flakes, dulse seaweed, garlic powder, cayenne pepper.",Snacks
"modified tapioca starch, sugar, salt, onion, maltodextrin, modified corn starch, paprika, romano cheese, spices, garlic, citric acid, green bell pepper, and beet powder .",Condiments
"cultured nonfat yogurt, water, soybean oil, pineapple concentrate, sweet pickle relish, tomato paste, distilled vinegar, contains less than salt, buttermilk powder, egg yolks, onion powder, garlic powder, dried onion, ground mustard, natural flavors, paprika extract, xanthan gum.",Condiments
"pasteurized milk, bacterial cultures, salt and enzymes.",Dairies
"brownie brittle mix (enriched wheat flour bleached [flour, niacin, iron, thiamine mononitrate, riboflavin, folic acid], palm oil, cocoa processed with alkali, corn syrup solids, soybean oil, cornstarch, contains or less of egg whites, leavening [bakin",Snacks
"organic wheat flour, organic canola oil, organic whole rye flour, organic seasoning blend, contains less than of each of the following yeast, salt, organic dried cane syrup, organic malt syrup blend, sea salt, organic caramel color, natural flavors, baking soda, sodium hydroxide.",Snacks
"soybean oil, water, buttermilk, vinegar, sugar, egg yolks, salt, contains less than of whey, dried onions, modified food starch, phosphoric acid, monosodium glutamate, xanthan gum, dried garlic, spice, polysorbate, natural flavor, sorbic acid and calcium disodium edta contains milk, egg .",Condiments
"grade a lowfat milk, vitamin a palmitate, vitamin d.",Dairies
"water, cream, beef stock, madeira wine, rice starch. beef fat, onion, butter, beef extract, yeast extract, bourbon, sugar, garlic, lentil flour, black pepper, spice.",Condiments
"carbonated water, carnosynⓡ betaalanine, betapower® betaine anhydrous, citric acid, potassium citrate, malic acid, natural & artificial flavors, caffeine anhydrous, potassium benzoate, sodium citrate, sucralose, acesulfame potassium, cyanocobalamin .",Beverages
"protein blend, glucose syrup, fructose, sugar, cocoa, water, fractionated palm kernel oil, coconut oil, contains or less cocoa, whey, nonfat milk, natural flavor, soy lecithin, maltodextrin, guar gum, salt, carrageenan, tocopherols added to protect flavor. vitamins and minerals calcium phosphate, magnesium oxide, ascorbic acid, ferrous fumarate, alphatocopherol acetate, niacinamide, zinc oxide, copper gluconate, calcium pantothenate, pyridoxine hydrochloride, riboflavin, thiamine hydrochloride, vitamin a palmitate, folic acid, biotin, potassium iodide, vitamin b.",Snacks
"apples, high fructose corn syrup, corn syrup, water, ascorbic acid .",Plant-based foods and beverages
"whole grain rolled oats, sugar, semisweet chocolate chips, vanilla extract), almond flour, almonds, coconut, cocoa, salt, natural flavor.",Plant-based foods and beverages
"sugar, peanuts, corn syrup, artificial colors, natural & artificial flavor, confectioners glaze, carnauba wax.",Snacks
"sugar, almond paste, semisweet chocolate, cage free egg whites, lemon zest",Snacks
"organic tomato puree, organic diced tomatoes, organic onions, orgainc dried garlic, organic fire roasted garlic, organic evaporated cane juice organic extra virgin olive oil, sea salt, organic spices.",Condiments
"tomato concentrate, high fructose corn syrup, distilled vinegar, corn syrup, salt, less than of spice, onion powder, natural flavors.",Condiments
"gummy bears corn syrup, sugar, gelatin, citric acid, natural and artificial flavors, white grape juice, hydrogenated coconut oil, carnauba wax, artificial colors including and beeswax.",Snacks
"cream cheese [cultured cream and milk, salt, xanthan, carob bean and guar gums], sugar, whole wheat flour, margarine [palm oil, water, soybean oil, salt, natural flavor, soy lecithin, beta carotene, vitamin a palmitate], milk, canola and/or palm oil, enriched wheat flour [ wheat flour, niacin, reduced iron, thiamin mononitrate, riboflavin, folic acid], sour cream [cultured milk, cream, enzymes], soybean oil, glucose, brown sugar, eggs, natural flavor, xanthan gum, locust bean gum, guar gum, salt, invert sugar, molasses and caramel color, baking soda, cinnamon, apocarotenal .",Snacks
"pure cane sugar, dehydrated peach powder, dehydrates, apple powder, malic acid, silicone dioxide, aspartame",Beverages
"blue swimming crab meat, sodium acid pyrophosphate .",Seafood
"organic cocoa beans, organic cane sugar, organic cocoa butter, organic sunflower lecithin .",Snacks
"water, sugar, corn syrup, milk, whey, red raspberry puree, skim milk, contains or less of natural and artificial flavors, citric acid, hydroxypropyl methylcellulose, guar gum, cellulose gum, xanthan gum, beet juice for color, red, blue .",Desserts
"unbromated unbleached enriched wheat flour, water, sugar, yeast, soybean oil, contains percent or less of wheat gluten, salt, wheat flour, natural flavors, nonfat milk, sodium stearoyl lactylate and datem, mono and diglycerides, calcium propionate and sorbic acid to retard spoilage, yellow corn flour, cellulose gum, malted barley flour, baking soda, soy lecithin, sucralose, annatto and turmeric extracts for color, sesame seeds .",Plant-based foods and beverages
"unbleached wheat flour, concentrated butter, dark chocolate, water, sugar, yeast, salt, wheat gluten, natural flavors, mono and diglycerides of fatty acids, microbial enzyme, locust bean gum, nonfat milk powder, deactivated yeast, milk proteins, calcium carbonate, cellulose gum, ascorbic acid, betacarotene .",Snacks
"contains carbonated water, high fructose corn syrup, natural and artificial flavors, citric acid, sodium benzoate and artificial colors .",Beverages
"water, sugar, vegetable oil, red wine vinegar, distilled vinegar, contains less than salt, red raspberry juice concentrate, xanthan gum, citric acid, dried onion, spice, poppy seed, natural flavor, oleoresin paprika, potassium sorbate and calcium disodium edta",Condiments
"sugar, corn syrup, coconut, invert sugar, cocoa powder, palm kernel and palm oil, nonfat dry milk, soy lecithin, egg albumen, corn starch, invertase, salt, vanilla, natural & artificial flavors, and sodium metabisulfite .",Snacks
"pink beans, water and salt, calcium chloride and disodium edta",Plant-based foods and beverages
"potatoes, vegetable oil, seasoning, salt.",Snacks
"icing sugar, sugar, water, shortening, enriched wheat flour, egg, soybean and canola oil, glucose, cocoa powder, skim mix powder, modified corn starch, whey powder, mono and diglycerides, leavening, soybean lecithin, wheat gluten, salt, butter, artificial flavor, diacetyl tartaric acid esters of mono and diglycerides, palm kernel oil, corn starch, confectioner's glaze, gum arabic, color, polysorbate .",Snacks
"whole wheat flour, , wheat flour, palm oil, yeast, sugar, malt extract, salt, malted wheat flour.",Snacks
"enriched unbleached wheat flour, water, yeast, high fructose corn syrup, dextrose, contains or less of each of the following vital wheat gluten, salt, vegetable oil, corn meal, distilled vinegar, yeast nutrient, dough conditioners, calcium sulfate, enzymes, calcium propionate and potassium sorbate .",Plant-based foods and beverages
"sugar, corn syrup, modified food starch, high fructose corn syrup/dextrose, cornstarch, carnauba wax, mineral oil, natural and artificial flavors, artificial colors .",Snacks
"cultured pasteurized grade a cream, nonfat milk solids, enzyme.",Dairies
"red sliced jalapeno peppers, water, vinegar, carrots, salt, onions, sugar, canola oil, spices and garlic.",Salted snacks
"cooked brown rice, grilled seasoned chicken, bell peppers, broccoli, carrots, snap peas, water, tamari sauce, light brown sugar, honey, corn starch, ginger puree, garlic.",Frozen foods
"dry roasted cashews, sunflower oil.",Plant-based foods and beverages
"sugar, food starch modified, dehydrated greek yogurt, contains or less of the following disodium phosphate, tetrasodium pyrophosphate, artificial flavor, salt, monoand diglycerides, calcium sulfate, cottonseed oil, yellow, yellow, tbhq and citric acid to preserve freshness.",Desserts
"potatoes, dressing, water, sugar, mustard, eggs, celery, red peppers, onions, sweet pickle relish, salt, potassium sorbate and sodium benzoate, celery seed, white pepper, yellow # .",Salted snacks
"sugar, corn syrup, malic acid, and less than of sodium lactate, natural and artificial flavors, acetic acid, color added, blue, red, yellow .",Snacks
"sugar, corn syrup, gelatin, citric acid, pectin, contains less than . of the following natural and artificial flavor, potassium sorbate, carnauba wax.",Snacks
"unbleached bread flour, water, contains or less of salt, sugar, palm oil, vinegar, yeast, ascorbic acid added as dough conditioner, enzymes, cultured wheat starch, wheat flour, citric acid.",Plant-based foods and beverages
"sugar, vegetable oil, hazelnuts, sweet chocolate, glucose syrup, whey powder, sorbitol humectant, condensed skim milk, condensed whey, lactose, contains or less of cocoa, cane sugar syrup, soy lecithin emulsifier, salt, natural and artificial flavors.",Snacks
"tomato puree, honey, white wine vinegar, salt, onion powder, spices.",Condiments
"water, sugar, vegetable oil, and less than of sodium caseinate, monoand diglycerides, dipotassium phosphate, natural and artificial flavors, cellulose gel, cellulose gum, carrageenan, caramel color, tbhq .",Plant-based foods and beverages
"almondmilk, cane sugar, contains or less of vitamin and mineral blend, sea salt, natural flavor, sunflower lecithin, locust bean gum, gellan gum, ascorbic acid .",Plant-based foods and beverages
"popcorn section contains popping corn, salt, artificial flavor, riboflavin .oil section contains coconut oil, artificial flavor, beta carotene .",Snacks
"ackees, water and salt.",Plant-based foods and beverages
"water, high fructose corn syrup, concentrated pineapple, orange, grapefruit and lemon juices, citric acid, natural and artificial flavors, gum acacia, red, yellow .",Plant-based foods and beverages
"water, cooked ham and water product of weight added ingredients ground and formed natural hickory smoke flavor added, whole wheat flour, enriched flour, reduced fat cheddar cheese, seasoning, whey, maltodextrin, whey protein concentrate, buttermilk, modified cornstarch, salt, garlic powder, potato maltodextrin, disodium phosphate, onion powder, citric acid), bleached enriched wheat flour [ wheat flour, benzoyl peroxide, amylase, ascorbic acid, niacin, iron, thiamine mononitrate, riboflavin, folic acid], salt, sugar, seasoning [cornstarch, propylene glycol, extractives of turmeric and annatto, polysorbate, natural flavor], annatto color, methylcellulose, lactic acid, calcium lactate), margarine, or less of sugar, whey, modified food starch, nonfat milk, fractionated palm oil, dough conditioner blend, egg yolks, yeast, salt, methylcellulose, soy flour, egg white .",Frozen foods
"sugar, cocoa butter, chocolate liquor, milk, corn flour, lactose, corn, skim milk, butterfat, palm oil, sunflower oil, soy lecithin, salt, natural bourbon vanilla flavor, rosemary extract.",Snacks
"skinless chicken thigh, dehydrated apples, water, brown sugar, contains or less of salt, spices, flavoring, cinnamon, in a natural pork casing.",Meats and their products
extra virgin olive oil.,Plant-based foods and beverages
"cured with water, honey, contains or less of salt, potassium lactate, sugar, dextrose, sodium phosphate, sodium diacetate, sodium erythorbate, sodium nitrite.",Meats and their products
"toasted rice cereal, marshmallow, fructose, margarine, corn syrup solids, contains two percent or less of dextrose, glycerin, salt, niacinamide, pyridoxine hydrochloride, thiamin hydrochloride, riboflavin, soy lecithin .",Snacks
"apples, enriched flour, vegetable shortening, sugar, water, modified tapioca starch, dextrose, salt, food starchmodified, sodium propionate, spices, potassium sorbate, lemon juice from concentrate, tapioca dextrin.",Snacks
"waffle style bread, vitamin b, folic acid], sugar, water, soybean oil, yeast, wheat starch, yellow corn flour, brown sugar [sugar, molasses], salt, natural flavors, nonfat milk, buttermilk solids, modified corn starch, fructose, dough conditioner [isolated soy protein, mono and diglycerides, modified cellulose, soy lecithin ], dried molasses, carrot juice concentrate for color, apple juice concentrate for color), baked egg patty, fully cooked ham water added chunked and formed, pasteurized process cheese .",Meals
"coconut oil, sugar, cocoa, whey, soy lecithin, vanilla.",Desserts
"dough enriched flour, sugar, partially hydrogenated soybean and cottonseed oil, nonfat milk, salt, mono and diglycerides, calcium stearoyl, lactylate, azodicarbonamide, soy flour, egg ), water, sugar, pasteurized sugar yolk, salt, lesoft, sausage .",Frozen foods
"precooked white rice long grain, parboiled white rice, vegetables tomatoes, celery, onions, green bell peppers, creole sauce, water, tomatoes, modified food starch, lemon juice powder, spices, salt, lemon peel, citric acid, dehydrated bell peppers, parsley, potassium sorbate ., sodium benzoate . as preservatives, shrimp uncooked shrimp, water, sodium phosphate.",Frozen foods
"grade a lowfat milk, vitamin a palmitate and vitamin d",Dairies
"peanuts, sesame sticks, corn sticks, pretzels, vegetable oil, cheddar and sour cream seasoning, cheddar seasoning .",Snacks
"milk chocolate cacao, caramelized hazelnuts, modified starch and sucrose, powdered sugar, confectioner's glaze.",Snacks
"a tastefully gathered blend of purified water, brewed hibiscus herbal tea, natural flavors and fruit juice concentrate.",Beverages
"filtered water, concentrated orange juice, tricalcium phosphate, calcium lactate, vitamin d.",Plant-based foods and beverages
"durum wheat semolina, water, tomato powder, black carrot powder.",Plant-based foods and beverages
"wheat flour, water, salt, eggs .",Plant-based foods and beverages
"vinegar, water, canola or soybean oil, roasted garlic, spices, sea salt, garlic, cane sugar, corn starch, onion, lemon juice concentrate, red bell peppers, natural flavor, soybean lecithin, xanthan gum, natural vitamin e added to protect flavor.",Condiments
"flour, sugar, margarine, water and/or whole egg, honey, salt, natural & artificial flavors, fd&c yellow #. fruit filling high fructose corn syrup, water, apricots, apricot puree, sugar, dehyd rated and/or evaporated apples, raspberry juice, seedless raspberry puree, modified food starch, gellan gum, locust bean gum, citric acid, pectin, sodium citrate. prune filling . poppy filling, fd&c yellow #, blue #, #, red #.",Snacks
"keta salmon, salt, onion, brown sugar, spices, garlic, corn maltodextrin, red bell pepper, modified corn starch, soybean oil, tomato, vinegar, ascorbic acid, natural flavor, and extractives of turmeric.",Seafood
"water, organic mango puree, organic red bell peppers, organic sugar, organic tomato paste, less than of salt, organic habanero pepper, organic vegetable oil, organic red bell pepper, organic spices, organic cultured dextrose, organic maltodextrin, natural flavor, organic distilled vinegar, xanthan gum, organic garlic, organic onion.",Condiments
"wheat flour, niacin, reduced iron, thiamine mononitrate, riboflavin, folic acid, water, vegetable shortening, soybean oil, hydrogenated soybean oil, contains or less of sugar, salt, calcium propionate, monoglycerides, vegetable gums, corn starch, gum arabic, guar gum, xanthan gum, pizza sauce, water, tomato paste, herbs, spices, modified food starch, salt, sugar, citric acid, sodium benzoate and potassium sorbate, garlic powder, potassium chloride, onion powder, natural flavor, lowmoisture partskim mozzarella cheese, pasteurized milk, cheese cultures, salt, enzymes, starch and powdered cellulose added to prevent caking, natamycin, pepperoni flavored sausage, pork, mechanically separated turkey, beef, salt, contains or less of spices, dextrose, natural flavors, oleoresin of paprika, flavorings, oleoresin of paprika, lactic acid starter culture, sodium erythorbate, sodium nitrite, bha, bht, citric acid, soy lecithin, soy flour, rice flour, sugar, barley malt, salt",Meals
"popcorn, sunflower oil, himalayan crystal salt, nutritional yeast, spinach, spirulina, chlorella, garlic, dill, cumin, lemon peel, freeze dried kale, black pepper, spices, live probiotics cultures and chilies.",Snacks
"sugar, water, bleached enriched wheat flour, soybean and palm oil, cocoa, bleached wheat flour, eggs, food starchmodified, leavening, cornstarch, nonfat milk, corn syrup solids, whey, salt, corn syrup, dextrose, monoand diglycerides, potassium sorbate, soy lecithin, guar gum, high fructose corn syrup, natural & artificial flavors, polyglycerol esters of fatty acids, xanthan gum, isolated soy protein, caramel color, calcium sulfate, sodium carboxymethylcellulose, chocolate liquor, gum arabic, polysorbate, datem.",Snacks
"ultrafiltered skim milk, water, heavy whipping cream, sugar, milk protein isolate, cocoa powder, natural flavors, gellan gum, vitamin d.",Dairies
"tempura chicken fried in vegetable oil, ), sauce, sugar, water, rice vinegar, dehydrated garlic, salt, cornstarch), distilled white vinegar, soy sauce, cornstarch, contains or less of red chili peppers, ginger, dehydrated garlic, garlic powder, salt, extractive of paprika, xanthan gum, onion powder).",Frozen foods
"organic pasteurized part skim milk, cheese cultures, salt, enzymes.",Dairies
"pasteurized milk, lactic cultures, sorbic acid, salt, rennet, natamycin.",Dairies
milk chocolate,Snacks
"water, sugar syrup, milk and skim milk, mango puree concentrate, corn syrup, high fructose corn syrup, locust bean gum, mono and diglycerides, methyl cellulose, guar gum, polysorbate, pectin, natural flavor, citric acid, yellow, red .",Desserts
"diced tomatoes, chicken breast, potatoes, red bell pepper, zucchini squash, red onion, panko bread crumbs [ wheat flour, sugar, yeast, soybean oil, salt], parmesan cheese, rosemary.",Meals
"roasted peanuts, sugar, contains or less of molasses, fully hydrogenated vegetable oils, and salt.",Plant-based foods and beverages
"cacao mass, sugar, cacao butter, whole milk, skimmed milk, emulsifier soya lecithin, vanilla extract.",Snacks
extra virgin sesame oil.,Plant-based foods and beverages
"organic cultured pasteurized partskim milk, salt, microbial enzymes.",Dairies
"water, enriched wheat flour, lowmoisture partskim mozzarella cheese, spinach blend, tomato paste, creme fraiche sauce, parmesan, asiago, and romano cheeses made from cow's milk, contains less than of shortening, bread crumbs, vegetable oil, yeast, reduced sodium salt blend, seasoning blend, baking powder, sugar, mono and diglycerides, extra virgin olive oil.",Meals
"organic popcorn, organic sunflower and/or safflower oil, organic cheddar cheese, organic tapioca solids, contains one or more of, himalayan salt, organic evaporated cane sugar, organic cheese flavor, natural flavor, citric acid.",Snacks
"sugar, contains less than of the following modified food starch, artificial flavor, carnauba wax, acacia, titanium dioxide, red lake.",Snacks
"filtered water, kombucha culture, beet, ginger, and cane sugar.",Beverages
"peanut butter, honey, nonfat dry milk, dark chocolate, cane sugar, cocoa butter, dried whole egg powder, rice protein, sea salt, dried whole food powders, flax seed oil, sesame seed oil, olive oil, pumpkin seed oil",Snacks
"strawberries, carrot juice from concentrate, water, organic agave nectar, lemon juice from concentrate, organic beet powder, natural vegetable stabilizer .",Desserts
organic refined coconut oil,Plant-based foods and beverages
"enriched wheat flour, water, sugar, soybean oil, yeast, dough softener, salt, conditioner {sodium stearoyl lactylate, calcium sulfate, ascorbic acid and or less of each of the following; ammonium sulfate, silicon dioxide, calcium peroxide, azodicarbonamide, enmzymes .}, calcium propionate as mold inhibitor.",Plant-based foods and beverages
"filtered water, high fructose corn syrup, pear juice concentrate, citric acid, natural and artificial flavors, acacia gum, red",Plant-based foods and beverages
"extra virgin olive oil, garlic and chili infused cold pressed canola oil, roasted chili pepper and toasted garlic",Plant-based foods and beverages
"pumpkin seeds, oil, salt.",Snacks
"whole grain oats, invert cane syrup, rice crisps, sunflower butter, expeller pressed sunflower oil, cashews, pecans, almonds, dried sweet potato, blackstrap molasses, brown rice syrup, sunflower seeds, dried cane syrup, sea salt, cinnamon, rosemary extract for freshness.",Plant-based foods and beverages
"beef sirloin steak, water, salt, hydrolyzed corn protein, sodium lactate, maltodextrin, sodium phosphates, autolyzed yeast extract, natural flavors, , beef extract, citric acid, bha, bht, propyl gallate, papain.",Meats and their products
"apricots, corn syrup, high fructose corn syrup, modified corn starch, vinegar, salt, spice, water, potassium sorbate and sodium benzoate and natural flavor.",Condiments
"almonds, cottonseed oil, salt.",Snacks
"pumpkin seeds, peanuts, chicory root fiber, sunflower seeds, cane sugar, dried cranberries, almonds, honey, palm kernel oil, glucose syrup, rice flour, dried raspberries, unsweetened chocolate, alkalized cocoa, soy lecithin, sea salt, natural flavor, rosemary extract, cocoa butter, allergen information contains peanuts, almonds and soy, may contain tree nuts, may contain nut shell fragments, brought to you by kind llc p, o, box midtown station ny, ny, , kind kindsnacks, com made in u, s, a, with domestic and imported ingredients",Snacks
"cashews, sea salt, peanut oil.",Snacks
"fresh handpicked crab meat, water, sea salt and disodium phosphate with citric acid for color retention.",Seafood
"white chocolate, vanilla ), almonds, confectioner's coating ), cream, tapioca dextrin, natural lemon flavor, color added, confectioners glaze.",Snacks
"smoked trout, cream cheese, barbeque sauce, garlic, horseradish, lemon juice, worcestershire sauce, nonfat dried milk, dried vinegar, potassium sorbate, sodium benzoate, parsley, black pepper and spices.",Condiments
"roasted peanuts, milk chocolate flavored coating, maltitol syrup, whey protein isolate, inulin, polydextrose, salted butter, water, peanut butter [ peanuts, mono and diglycerides, salt, mixed tocopherols ], contains less than of palm kernel oil, milk protein isolate, nonfat dry milk, peanut oil, vitamin mineral mix, salt, soy lecithin, sucralose, vitamin mineral mix magnesium oxide, sodium ascorbate, ascorbic acid, dlalphatocopheryl acetate, niacinamide, zinc oxide, dcalcium pantothenate, vitamin a palmitate, thiamin mononitrate, pyridoxine hydrochloride, riboflavin, chromium amino acid chelate, folic acid, biotin, sodium selenite, phylloquinone, cyanocobalamin",Snacks
"vegetables, sauce, sugar, soybean oil, sesame oil, water, onion powder, dehydrated garlic, ginger, spice extractives, sugarcane molasses, corn syrup, polysorbate, caramel color), teriyaki seasoning, corn starch, canola oil, garlic, ginger puree [ginger, high fructose corn syrup], spice, natural flavors, maple flavor [maltodextrin, glycerin, modified corn starch, natural flavors, malt extract, invert sugar, molasses], xanthan gum, spices), cooked whole grain brown rice, cooked maple teriyaki pork water and binder product ], sodium phosphates, natural flavors [maltodextrin, sugar, modified food starch, propylene glycol, maple syrup, natural flavor, brown sugar, gum arabic], autolyzed yeast extract, caramel color, onion powder).",Frozen foods
"long grain white rice, nongmo corn, carrots, onions, red bell peppers, potatoes, celery, chives",Meals
"enriched wheat flour, sugar, water, raisins, brown sugar, frozen apple slices, yeast, contains or less of soy oil, salt, cinnamon, monodiglycerides with propionic acid and phosphoric acid, calcium propionate, calcium sulfate, enzymes, corn syrup, shortening, calcium carbonate, dextrose, agar, titanium dioxide, monoglycerides, natural and artificial flavors, ascorbic acid, fd&c yellow #, cerelose, red #",Plant-based foods and beverages
"carbonated water, citric acid, pear juice concentrate, natural flavor, potassium benzoate and potassium sorbate, sucralose, gum acacia, green tea, ester gum, calcium disodium edta, niacinamide, dcalcium pantothenate, pyridoxine hydrochloride, biotin, cholecalciferol, cyanocobalamin .",Beverages
"cauliflower, red peppers, carrots, celery, pepperoncini, water, vinegar, salt, citric acid, sodium bisulfite, sodium benzoate, oleoresin capsicum, fd&c yellow #.",Salted snacks
"water, pork, beans, beef, seasoning blend, wheat flour . contains or less of textured vegetable protein, salt, soy lecithin .",Meals
"faba bean protein, pea protein, rolled oats, raisins, raw sugar, water, evaporated cane sugar, palm oil, wheat flour, natural vanilla extract, food starchmodified, fructose, contains less than of baking soda, maltodextrine, cinnamon, natural flavors, salt, guar gum, glycerine, citric acid.",Snacks
"prepared black beans, water, salt.",Plant-based foods and beverages
"milk chocolate confectionery coating, skim milk, cocoa powder, whole milk, soribitan tristearate, and soy lecithin, salt, natural and artifial flavors), r&s cashews .",Snacks
"organic hass avocados, contains or less of water, organic dehydrated onion, organic distilled vinegar, salt, organic granulated garlic.",Plant-based foods and beverages
"light corn syrup, evaporated milk, sugar, butter, vanilla extract, cocoa powder, sea salt.",Snacks
"shrimp, salt, sodium tripolyphosphate, sodium bisulfite",Seafood
"enriched flour, whole wheat flour, water, soybean oil, brown sugar, flax, whole soy flour, whole rye flour, yeast, oat bran, salt, sesame seed, black sesame seed, poppy seed, pretzel salt.",Plant-based foods and beverages
"organic whole wheat flour, filtered water grade aa butter, organic potatoes, organic carrots, organic tofu, organic palm oil, organic onions, organic sweet rice flour, organic peas, organic tamari, rice flour, sea salt, honey, spices, black pepper, yeast extract, turmeric",Meals
"nonfat milk, cream, sugar, corn syrup, whey, artificial flavor, guar gum, monoglycerides, xanthan gum, carrageenan, red, citric acid.",Desserts
"organic tomatoes, organic tomato puree, organic onions, organic green bell peppers, organic sugar, organic jalapeno peppers, salt, organic garlic, organic white vinegar, organic cilantro, organic cumin, organic chipotle powder, organic black pepper.",Condiments
"milk, cream, sugar, corn syrup, egg yolks, sodium citrate, guar gum, disodium phosphate, carrageenan, spices, natural & artificial flavors and annattoturmeric .",Dairies
"filtered water, lime juice concentrate, sodium benzoate and sodium bisulfite to preserve freshness.",Plant-based foods and beverages
"sugar, corn syrup, modified food starch, citric acid, sodium citrate, oil of orange, artificial color .",Snacks
"salt, maltodextrin, dextrose, modified food starch, sugar, onion, hydrolyzed corn protein, natural and artificial flavors, oleoresin, turmeric.",Meals
"sugar, creamer, dipotassium phosphate, sugar, mono and diglycerides, sodium silicoaluminate, sodium stearoyl lactylate, soy lecithin, artificial colors, artificial flavors), whey, dutch cocoa, salt, natural flavors, cellulose gum, sodium citrate.",Beverages
"almond milk, cane sugar, organic tapioca starch, caramel, natural flavor, salt, locust bean gum, citric acid, xanthan gum, agar, live active cultures s thermophilus, l bulgaricus, l acidophilus, bifidobacteria.",Plant-based foods and beverages
"enriched wheat flour, water, high fructose corn syrup, yeast, poppy seed, contains or less of the following soybean oil, salt, dough conditioners, sugar, calcium propionate, yeast nutrients, wheat starch, soy lecithin .",Plant-based foods and beverages
"organic farro wheat flour, water",Plant-based foods and beverages
"water, textured soy flour, contains or less of yeast extract, maltodextrin, arabic gum, sunflower oil, natural flavor, salt, vitamins and minerals [, zinc, vitamin b, vitamin b, vitamin b, vitamin b, vitamin b ], potassium chloride.",Meats and their products
"enriched wheat flour [flour, malted barley flour, reduced iron, niacin, thiamin mononitrate, riboflavin, folic acid], water, yeast, sea salt, wheat gluten, soybean oil, sugar, cultured wheat flour, soy lecithin, fermented wheat flour, salt, citric acid, grain vinegar.",Plant-based foods and beverages
"enriched flour, water, sugar, cinnamon, partially hydrogenated soybean & cottonseed oil, yeast, contains or less of the following soy flour, salt, eggs, corn syrup, calcium carbonate, calcium sulfate, mono & diglycerides, whey, baking soda, sodium acid pyrophosphate, dextrose, cocoa, nonfat milk, modified food starch, natural & artificial flavor, sodium aluminum phosphate, propylene glycol mono & diesters, cellulose, tetra sodium pyrophosphate, sodium stearoyl lactylate, caramel color, polysorbate, xanthan gum, agar, calcium stearoyl lactylate, red, guar gum, locust bean gum, lcysteine, dicalcium phosphate, sodium hexametaphosphate, lecithin, beta carotene, maltol, citric acid, cornmeal.",Snacks
"cultured grade a non fat milk, water, modified food starch, cane sugar, contains less than of kosher gelatin, natural and artificial flavors, malic acid, sucralose, acesulfame potassium, sodium citrate, vitamin a palmitate, vitamin d.",Dairies
"toppings cheeses, pepperoni, sauce . crust wheat flour, water, soybean oil, palm oil with natural flavor colored with beta carotene, yeast, preservative, dextrose, salt, white cornmeal, lcysteine.",Meals
"pasteurized whole milk, salt, culture, enzymes, powdered cellulose .",Dairies
"jalapeno peppers, water, vinegar, carrots, salt, onions, canola oil, sugar, spices and garlic.",Salted snacks
"carbonated water, high fructose corn syrup, caramel color, phosphoric acid, natural and artificial flavors, sodium benzoate, caffeine",Beverages
"nonfat milk, cream, sugar, fudge swirl, milk, corn syrup, peanut butter cups, whey, vanilla extract, tara gum, tapioca starch, mono and diglycerides, guar gum, polysorbate, cellulose gum, xanthan gum, dextrose, carrageenan.",Desserts
"carbonated water, glucose syrup, raspberry juice, natural flavors, raw wi honey, sodium benzoate, citric acid, malic acid, quillaia/yucca extract.",Beverages
"water, whole wheat flour, enriched bleached wheat flour, wheat gluten, oat fiber, cream yeast, contains or less of the following fiber base, grain base, wheat muffin base, dough enhancer, salt, soybean oil, ascorbic acid as a dough improver, fumaric acid, degerminated yellow corn flour, degerminated yellow corn meal, calcium propionate, potassium sorbate and soy lecithin .",Plant-based foods and beverages
"beets, water, cane sugar, vinegar, beet juice, natural flavors, vanilla extract.",Plant-based foods and beverages
"cucumbers, peppers, water, sugar, vinegar, salt, garlic, alum, natural flavor, turmeric, and, / of sodium benzoate as a preservative.",Salted snacks
"milk, cream, skim milk, sugar, corn syrup, cocoa, whey protein concentrate, whey, buttermilk, natural flavor, guar gum, mono and diglycerides, xanthan gum, carrageenan.",Desserts
"boneless skinless chicken breast with rib meat, water, contains or less of vinegar, salt, carrageenan, chicken broth, potato dextrin, maltodextrin, rice starch, tapioca dextrin, natural flavoring, chicken fat, rosemary extract, soybean oil",Meats and their products
"enriched degerminated white corn meal, enriched bleached wheat flour, salt, sodium bicarbonate, sodium aluminium phosphate, monocalcium phosphate, calcium carbonate, malted barley flour, niacin, iron, thiamine mononitrate, riboflavin, folic acid.",Plant-based foods and beverages
"water, garbanzo beans, salt disodium edta, sodium metabisulfite",Plant-based foods and beverages
"water, tamari, cane sugar, distilled vinegar, honey, cornstarch, ginger, canola or soybean oil, garlic, spice, sesame oil, xanthan gum.",Condiments
"carbonated water, pure cane sugar, natural lemon and lime oils, artificial flavors, citric acid, blue #, sodium citrate, and sodium benzoate .",Beverages
"sweet peas, water, sugar, salt.",Plant-based foods and beverages
"soybeans, sunflower seed oil, salt.",Snacks
"reduced fat milk, vitamin a palmitate and vitamin d.",Dairies
"sardines olive oil, salt.",Seafood
"skim milk, chocolate powder, caramel, cream, food starchmodified, milk mineral concentrate, sugar, xanthan gum, sodium citrate, rebaudioside a.",Desserts
"enriched bleached flour, sugar, poppy seeds, food starchmodified, leavening, defatted soy flour, dextrose, salt, soybean oil, arabic gum, tapioca starch, natural flavor, guar gum, xanthan gum, ground almonds",Snacks
"tart cherries, sugar, sunflower oil",Snacks
"boneless, skinless chicken breasts with rib meat, wheat flour, water, contains or less of the following dextrose, dried yeast, extractives of paprika, garlic powder, onion powder, salt, soybean oil, spices, sugar, torula yeast, wheat gluten, yellow corn flour, breading set in vegetable oil",Meats and their products
"yellow hot chili pepper, soybean oil, water, maltodextrin, pasteurized process cheese [ricotta cheese, interesterified soybean oil, water, whey protein concentrate, sodium phosphate, maltodextrin, cheddar cheese, skim milk, contains or less of corn syrup solids, whey, salt, lactic acid, pregelatinized corn flour, modified com starch, sortic nisin as preservatives], lactose, skim milk powder, natural and artificial flavors, milk proteins, salt, sodium lactate as acidity regulator, titanium dio color, potassium sorbate as preservative, carboxymethylcellulose as stabilizer. contains milk and dairy products. v",Condiments
"carbonated water, high fructose corn syrup, citric acid, natural and artificial flavor, malic acid, potassium benzoate, gum acacia, ester gum, yellow, blue .",Beverages
"water, partially hydrogenated soybean oil, casein, sodium citrate, salt, modified corn and potato starch, lactic acid, sodium phosphate, sorbic acid, carrageenan, locust bean gum, annatto and bapo'carotenal, dextrose and calcium sulfate added to prevent caking, natamycin .",Dairies
"raspberry, sugar, jalapeno peppers, apple cider vinegar, salt, chipotle peppers, garlic powder, natural mesquite smoke flavor, pectin.",Condiments
"organic almond milk, organic quinoa powder, organic coconut sugar, organic oats, organic pea protein, organic coconut syrup, organic maca powder, organic vanilla extract, himalayan pink salt.",Plant-based foods and beverages
"rice mix, enchilada sauce, corn tortilla, cooked beef, refried beans, monterey jack cheese, onion, cheddar cheese, green chiles, jalapeno peppers .",Frozen foods
"cream, skim milk, sugar, caramel swirl, brownies, caramel flavor, contains less than of egg yolks, carob bean gum, guar gum, carrageenan.",Desserts
"black beans, water, salt and calcium chloride .",Plant-based foods and beverages
"water, corn syrup and or less of each of the following concentrated juices, natural and artificial flavor, citric acid, malic acid, ascorbic acid, thiamin hydrochloride, modified cornstarch, canola oil, cellulose gum, sucralose, sodium hexametaphosphate, potassium sorbate to protect flavor, yellow #, yellow #.",Plant-based foods and beverages
"cousin willie's mauve popcorn, sunflower oil, sea salt, natural butter flavor, butter, beta carotene .",Snacks
"onions, enriched flour, sunflower, safflower and/or canola oil, salt.",Condiments
"cultured cream, skim milk, and enzymes",Dairies
"sardines, water, vinegar, chili peppers, tomato paste, soy bean oil, salt",Seafood
"milkfat and nonfat milk, sweet cream buttermilk, caramel, sugar, corn syrup, butter caramel flavor, high fructose corn syrup, milk chocolaty toffee pieces, praline peanuts, whey, mono and diglycerides, guar cum, calcium sulfate, carob bean gum, carrageenan.",Desserts
"milk chocolate, enriched wheat flour, sugar, palm oil, corn syrup, skim milk, dextrose, less than of salt, cocoa, soy lecithin, modified cornstarch, baking soda, artificial flavor",Snacks
"milk chocolate, cereal . vitamins and minerals iron . niacinamide, vitamin b, vitamin b, vitamin b, folic acid, vitamin d, vitamin b. contains milk, soy . may contain wheat, peanut and tree nuts . contains bioengineered food ingredients. manufactured by frankford candy llc philadelphia, pa usa visit us at www.frankfordcandy.com frankford. kellogg's and affiliated marks are trademarks of kellogg na co., used with permission. safety warning d",Snacks
"cultured pasteurized milk and skim milk, buttermilk, milkfat, salt, contains less than of sodium and potassium citrate, tricalcium phosphate, milk protein concentrate, lactic acid, sorbic acid, apocarotenal and betacarotene, enzymes, soy lecithin and soybean oil blend.",Dairies
"sliced cucumbers, high fructose corn sweetener, vinegar, sugar, onion, spices, salt, yellow .",Plant-based foods and beverages
"king arthur artisan wheat flour, butter, sugar, semisweet chocolate chunks, salt), milk chocolate chips, cage free eggs, dutch cocoa powder, baking powder, salt.",Snacks
"organic whole rolled oats, organic naturally milled sugar, organic expeller pressed canola oil, organic raisins, organic coconut, organic almonds, organic cranberries with organic sugar, organic oat flour, organic walnuts, organic honey, organic rice syrup, organic maple syrup, organic flax meal, organic sesame seeds.",Plant-based foods and beverages
"potatoes, safflower and/or sunflower and/or canola oil, maltodextrin, sugar, salt, red bell pepper powder, spices, garlic powder, paprika, vinegar, natural flavors, dried red pepper sauce, paprika extract.",Snacks
"water, soy flour, expeller pressed canola oil, vinegar, yeast extract, orange juice, cumin, sea salt, xanthan gum, garlic granulated, lime juice, caramel color, oregano.",Meats and their products
"whole grain wheat, raisins, wheat bran, sugar, corn syrup, contains or less of malt extract, molasses, salt, annatto . vitamins & minerals vitamin b, vitamin b, niacin, vitamin b, folic acid, vitamin b, vitamin a palmitate, vitamin d, reduced iron, zinc .",Plant-based foods and beverages
"potatoes, safflower and/or sunflower and/or canola oil, maltodextrin, salt, garlic powder, vinegar, sugar, yeast extract, onion powder, natural flavor, spice, citric acid, parsley.",Snacks
"sugar, enriched wheat flour bleached, eggs, water, soybean oil, modified food starch, dry whey, propylene glycol mono & diesters with bht & citric acid, leavening, vital wheat gluten, salt, contains or less of corn oil, calcium acetate, soy flour, calcium silicate, mono & diglycerides, corn starch, sorbitan monostearate, sodium stearyl lactylate, nonfat milk solids, dextrose, calcium propionate & sodium propionate, guar gum, xanthan gum, polysorbate, soy lecithin, natural & artificial flavor, wheat starch, calcium carbonate, agar, beta carotene.",Snacks
"cultured milk, salt, enzymes, natural wood smoke.",Dairies
"organic cucumbers, organic cane sugar, water, organic distilled vinegar, salt, organic dehydrated peppers, calcium chloride, xanthan gum, organic natural spice flavors, organic gum arabic.",Salted snacks
"turkey breast, sugar, reduced sodium glutenfree soy sauce, vinegar, pineapple juice, molasses, tomato paste, cayenne pepper, dried garlic, dried onion, black pepper, natural hops flavor.",Snacks
"dry roasted cashews, virgin coconut oil, organic honey, cinnamon, ground vanilla beans, sea salt",Plant-based foods and beverages
"coffee, caramelized sugar.",Plant-based foods and beverages
"water, high fructose corn syrup, enriched flour, corn syrup, palm oil, sugar, whole eggs, contains less than of hydrogenated vegetable oil, food starchmodified, margarine, milk solids, alkalized cocoa, chocolate liquor, semisweet chocolate, nonfat dry milk, salt, dextrose, carbohydrate gum, polysorbate, sodium caseinate, soy protein concentrate, natural and artificial flavors, polyglycerol esters of fatty acids, soy lecithin, hydroxypropylcellulose, sodium citrate, sodium stearoyl lactylate, sorbitan monostearate, xanthan gum, corn starch, carob bean gum, agar, cellulose gum, maltodextrin, sorbic acid, calcium propionate, potassium sorbate, apple cider vinegar, citric acid.",Snacks
"lupini beans, water, vinegar, sea salt, garlic puree, lactic acid, rosemary.",Plant-based foods and beverages
"soy sauce, vinegar, honey, cornstarch, water, sugar, sesame oil minced fresh garlic, sherry wine, crushed red pepper, soybean oil, dehydrated onions, ground ginger, tomato paste, corn syrup.",Condiments
"sugar, water, bleached wheat flour, soybean oil, eggs, food starchmodified, whey, contains less than of each of the following partially hydrogenated soybean and/or cottonseed oils, enriched flour bleached, wheat flour, palm oil, nonfat milk, salt, natural and artificial flavors, mono and diglycerides, sodium aluminum phosphate, baking soda, wheat gluten, egg whites, dextrose, cornstarch, soy lecithin, soy flour, sodium propionate preservative, calcium sulfate, cellulose gum, sodium stearoyl lactylate, buttermik powder, betacarotene color, egg yolks, potassium sorbate, preservative, coconut oil, leavening, maltodextrins, adipic acid, xanthan gum, gum tragacanth, annatto extract color, citric acid, sodium benzoate preservative, turmeric color, enzymes.",Snacks
"colby cheese, monterey jack cheese .",Dairies
"tomato puree, diced tomatoes in juice, sugar, onions, citric acid, garlic, parsley flakes, salt, soybean oil, spices",Condiments
"enriched flour, vegetable shortening, water, sugar, soybean oil, contains less than of each of the following nonfat milk, leavening, defatted soy flour, dextrose, wheat starch, egg whites, corn syrup solids, wheat gluten, salt, wheat flour, mono and diglycerides, xanthan gum, soy lecithin, potassium sorbate, cellulose gum, tapioca starch, dextrin, toasted wheat germ, guar gum, natural and artificial flavor, enzymes, modified cellulose gum, turmeric, annato extract, karaya gum, eggs .",Snacks
"enriched flour, sugar, chocolate, rainbow sprinkles, folic acid), sugar, chocolate, rainbow sprinkles, cocoa butter, cocoa processed with alkali, milk fat, water, salt, malt, soy lecithin, canola oil, lactose, pgpr, natural flavor, dextrose, milk, yeast, bromelain, soda.",Snacks
"tomatoes, canola and extra virgin olive oil, fresh garlic, fresh basil, salt.",Condiments
"distilled white vinegar, tomato puree, high fructose corn syrup, raisin paste, molasses, salt, lemon juice concentrate, orange juice concentrate, onion powder, dehydrated apples, apple fiber, onions, anchovies, sugar, spices, corn syrup, tamarind extract, xanthan gum, garlic powder, garlic, grapefruit juice concentrate, potassium sorbate and sodium benzoate as preservatives, natural flavors, citric acid, pectin, caramel color.",Condiments
"jalapeno pepper mash, vinegar, salt, xanthan gum.",Condiments
"water, enriched flour, invert sugar, semisweet chocolate, butter, high fructose corn syrup, vegetable oil, eggs, sugar, milk chocolate coating, egg white blend, stabilizer blend, salt, dextrose, coffee extract, glucono deltalactone to preserve freshness, xanthan gum, turmeric extract color and annatto extract color, nonfat dry milk fortified with vitamins a and d, calcium propionate to retard spoilage.",Snacks
"whole organic cultured pasteurized grade a milk, organic cane sugar, organic wild blueberries, organic nonfat milk, water, organic natural flavor, pectin, citric acid, live active cultures .",Dairies
"pork, sugar, soy sauce, water, hoisin sauce, salt, sodium phosphate, grain alcohol, sodium nitrite, fd&c red #, fd&c yellow #, fd&c yellow #.",Meals
"each piece contains one or more of the following organic melk chocolate, organic rice syrup, organic evaporated cane juice, organic cocoa butter, organic peanuts, organic coconut oil, organic sunflower oil, organic coconut, organic cashews, organic almonds, organic lemon oil, organic pecans, organic dried cherry, organic hazelnut, organic rice flour, sea salt, organic chipotle chilli peppers, organic tapioca flour.",Snacks
"canola oil, water, olive oil, parmesan cheese, red wine vinegar, lemon juice, salt, natural flavors, worcestershire sauce, , spice, garlic, onion, lactic acid, propylene glycol alginate, potassium sorbate, polysorbate, sodium alginate, sodium benzoate, calcium disodium edta.",Condiments
"tomato, onion, jalapeno chili pepper, cilantro, salt, lime juice, dehydrated garlic, calcium chloride, sodium benzoate and potassium sorbate.",Condiments
"beans, peas, lentils, barley, chili powder, salt, garlic, onion, spices.",Meals
"colby cheese, monterey jack cheese .",Dairies
extra virgin olive oil,Plant-based foods and beverages
"skipjack light tuna, water.",Seafood
"potatoes, canola oil, maltodextrin, sea salt, vinegar powder, malic acid, citric acid, salt, dextrose, acetic acid, sugar, apple cider vinegar powder.",Snacks
"whole grain wheat, sugar, rice, raisins, wheat bran, corn syrup, whole grain rolled oats, glycerin, salt, expeller pressed canola oil, barley malt extract, rice syrup, molasses, honey, cinnamon. vitamins and minerals reduced iron, niacinamide, thiamine mononitrate, zinc oxide, pyridoxine hydrochloride, folic acid. contains wheat .",Plant-based foods and beverages
fish roe and sea salt. smoked roe contains natural wood smoke.,Seafood
"whole wheat flour, unbromated unbleached enriched wheat flour, water, high fructose corn syrup, yeast, multigrain blend, soybean oil, contains percent or less of whey, salt, butter, wheat bran, mono and diglycerides, sodium stearoyl lactylate, citric acid, calcium propionate and sorbic acid to retard spoilage, malted barley flour, wheat gluten, soy lecithin",Plant-based foods and beverages
"tomato puree, heavy cream, water, tomato paste, contains or less of butternut squash, sugar, onions, chicken base, butter, modified food starch, extra virgin olive oil, nonfat dry milk, garlic, organic tomato base concentrate, basil, cultured dextrose, tomato concentrate, spice, citric acid, annatto .",Meals
"salt, sugar, monosodium glutamate, anistar.",Condiments
"milkfat, and nonfat milk, sugar, high fructose corn syrup, marshmallow sauce base, sweet cream buttermilk, corn syrup, almonds, cocoa, whey, mono and diglycerides, guar gum, calcium sulfate, locust bean gum, carrageenan.",Desserts
"baking mix wheat flour, sugar, dried glucose syrup, salt, cocoa glaze hydrogenated vegetable palm fat, sugar, low fat cocoa, sunflower lecithin, flavors",Snacks
"cultured pasteurized milk, citric acid, lactic acid, salt, microbial enzymes.",Dairies
"tomato juice from concentrate, high fructose corn syrup, corn syrup, distilled vinegar, molasses, salt, less than of natural flavors including smoke, honey, mustard bran, tomato fiber, onion powder, spices, guar gum, pectin, carob bean gum, citric acid.",Condiments
"enriched unbleached flour [ wheat flour, malted barley flour, reduced iron, thiamine mononitrate, riboflavin, niacin, folic acid], water, yeast, cane sugar, buttermilk, nongmo soybean oil, potato flour, sea salt, cultured wheat flour, barley malt, wheat gluten, calcium sulfate, vinegar, citric acid, ascorbic acid, soy lecithin .",Plant-based foods and beverages
"pinto beans, water, vinegar, corn oil, maltodextrin, contains or less seasoning modified food starch, salt, cayenne pepper.",Condiments
"sugar, wheat flour, corn syrup, and less than of water, citric acid, sorbitol, maltodextrin, sodium citrate, glycerin, malic acid, natural flavors, gelatin, salt, vegetable juice color, betacarotene color, confectioner's glaze .",Snacks
"pasteurized cream, natural flavorings.",Dairies
"organic beef, contains or less sea salt, organic dextrose, organic jalapeno flakes, organic spices, celery powder, lactic acid starter culture.",Meats and their products
"cooked jasmine rice, fully cooked diced chicken breast strips with rib meat, sauce, carrots, onions, scrambled eggs, green onions, sesame seeds .",Frozen foods
"fat free milk, sugar, natural and artificial flavor, red #, red #, blue #, vitamin a palmitate, vitamin d.",Beverages
"wheat flour, butter, sugar, eggs, desiccated coconut, currants, milk powder, salt, leavening agent, vanillin.",Snacks
"apricots, sugar, pectin, citric acid.",Plant-based foods and beverages
"dried cane syrup, eggs, water, semisweet chocolate chips, tapioca starch, brown rice flour, canola oil, cocoa powder, palm oil, baking powder, lemon zest, salt, sunflower lecithin, vanilla extract, xanthan gum",Snacks
"pasteurized organic cows milk, salt, cheese cultures and enzymes.",Dairies
"water, nonfat milk, soy protein isolate, sugar, contains or less of canola oil, polydextrose, cocoa processed with alkali, coffee extract, gellan gum, natural and artificial flavors, potassium citrate, cellulose gum, dipotassium phosphate, caffeine, sucralose, acesulfame potassium. vitamins and minerals magnesium phosphate, tricalcium phosphate, vitamin c, vitamin e, vitamin a palmitate, niacinamide, iron, calcium pantothenate, zinc sulfate, vitamin d, manganese sulfate, vitamin k, vitamin b, vitamin b, vitamin b, potassium iodide, folic acid, biotin, chromium chloride, sodium molybdate, sodium selenite, vitamin b.",Beverages
"carbonated water, high fructose corn syrup, caramel color, citric acid, natural and artificial flavors, sodium benzoate, phosphoric acid, caffeine, red #.",Beverages
"sunflower oil, extra virgin olive oil, sun dried tomatoes, garlic, parmesan cheese, basil, black pepper, salt, pine nuts.",Condiments
"prepared black beans, water, salt.",Plant-based foods and beverages
"tomatoes, tomato puree, onions, roasted garlic, extra virgin olive oil, salt, basil, garlic, sugar, spices, citric acid.",Condiments
"filtered water, sugar, lemon juice from concentrate, citric acid, lemon fruit pulp, natural flavor, modified food starch, betacarotene, edta to protect color.",Beverages
"enriched bromated wheat flour bleached, water, olive oil, sugar, asiago cheese, salt, yeast, garlic powder.",Plant-based foods and beverages
"american cheese, water, skim milk cheese, whey, milk protein concentrate, sodium citrate, tricalcium phosphate, salt, sorbic acid, lactic acid, vitamin a palmitate.",Dairies
"roasted peanuts, corn syrup, sugar, whole grain oats, palm kernel oil, rice flour, whole grain wheat, vegetable glycerin, whey, peanut butter, fructose, canola oil, salt, soy lecithin, peanut flour, corn starch, barley malt extract, honey roasted almond butter, baking soda, natural flavor, vitamin e added to retain freshness.",Plant-based foods and beverages
"pasteurized milk, cheese culture, salt, enzymes, annatto",Dairies
chick pea flour,Plant-based foods and beverages
"icing sugar, sugar, cream cheese, shortening, enriched wheat flour, water, soybean and canola oil, egg, chocolate liquor, modified corn starch, whey powder, sprinkles [sugar, color, confectioners glaze, carnauba wax], wheat gluten, soybean lecithin, leavening, salt, color, cocoa powder, diacetyl tartaric acid esters of mono and.diglycerides, polysorbate .",Snacks
"organic brewed green tea, organic fair trade cane sugar, organic citrus black currant flavor with other natural flavors, organic lemon juice, ascorbic acid, organic ashwagandha extract, organic hibiscus flower, organic chamomile, organic indian gooseberry extract, organic elderflower extract, organic stevia, organic maitake mushroom powder.",Beverages
"enriched bleached flour [ wheat flour, niacin, iron, thiamin mononitrate, riboflavin, folic acid], water, dextrose, vegetable oil, sugar, leavening contains or less of each of the following salt, wheat gluten, hydrogenated cottonseed oil, xanthan gum, potassium sorbate, ascorbic acid.",Plant-based foods and beverages
"green jalapeno, water, tomatillo, vinegar, lemon juice, lime juice, spices, garlic, onion powder, xanthan gum, cane sugar and citric acid.",Condiments
"skim milk, caramel swirl [corn syrup, water, butter, condensed skim milk, sugar, salt, carrageenan, natural flavor, sodium bicarbonate], snickers pieces [milk chocolate, peanuts, corn syrup, sugar, palm oil, skim milk, lactose, salt, egg whites, artificial flavor], sugar, corn syrup, cream, high fructose corn syrup, chocolatey coated peanuts [roasted peanuts, chocolate flavored coating ], less than of whey, vegetable gums, mono and diglycerides, natural flavors, annatto, vitamin a palmitate.",Desserts
"organic raspberries, organic cane sugar, pectin solution, ascorbic acid, citric acid.",Plant-based foods and beverages
"water, cane sugar, prickly pear puree, pectin, citric acid, natural flavor",Desserts
"filling organic ricotta cheese, organic romano cheese, organic breadcrumbs, organic mozzarella cheese, organic potato flakes, organic cream, organic sunflower oil, salt. pasta organic soft wheat flour and organic durum wheat semolina mix, organic egg, water.",Plant-based foods and beverages
"sugar, corn flour, enriched bleached flour, whole oat flour, contains or less of salt, calcium carbonate, apple juice concentrate, corn cereal, color, dehydrated apple, vitamin c, corn syrup, cinnamon, soybean oil, vitamin a, niacinamide, zinc, reduced iron, modified cornstarch, vitamin b, vitamin b, vitamin d, vitamin b, folic acid, vitamin b, bht added to packaging to help preserve freshness.",Plant-based foods and beverages
"bacon cured with water, salt, sugar, sodium phosphate, sodium erythorbate, sodium nitrite",Condiments
"stoneground whole corn masa treated with lime, sunflower, safflower, and/or canola oil, seasoning, corn germ.",Snacks
"sugar, corn syrup, water, citric acid, lactic acid, sodium lactate, corn starch, gelatin, titanium dioxide, artificial flavors and artificial colors .",Snacks
"peanut butter, corn grits, sunflower oil, salt. contains peanuts . may contain soy .",Snacks
milk chocolate and roasted almonds .,Snacks
"boneless duck breast, water, seasoning, yeast extract, garlic powder, corn starch, paprika, dehydrated red and green bell pepper, spice extractives).",Meats and their products
"soy sauce, wine, sugar, water, salt, vinegar, sodium benzoate less than / of as a preservative, onion powder, natural flavors, succinic acid, garlic powder",Condiments
organic extra virgin olive oil,Plant-based foods and beverages
"rice whole grain wheat, sugar, honey coated sliced almonds, wheat bran, soluble wheat fiber, salt, corn syrup, malt syrup, sodium ascorbate, natural and artificial flavor, alpha tocopherol acetate, reduced iron, niacinamide, vitamin a palmitate, pyridoxine hydrochloride, riboflavin, thiamine mononitrate, bht, folic acid, vitamin b, vitamin d.",Plant-based foods and beverages
"water, organic soybeans, calcium sulfate, calcium chloride.",Meats and their products
"sugar, durum wheat, corn syrup, honey, salt, color, vitamin c, vitamin a, iron, niacinamide, vitamin b, vitamin b, vitamin b, vitamin d, folic acid.",Plant-based foods and beverages
"orange juice concentrate, water.",Plant-based foods and beverages
"whole grain oats, sugar, corn starch, strawberry puree concentrate, canola oil, salt, corn syrup, trisodium phosphate, vegetable and fruit juice color, natural flavor. vitamin e added to preserve freshness.vitamins and minerals calcium carbonate, zinc and iron, vitamin c, a b vitamin, vitamin b, vitamin b, vitamin b, vitamin a, a b vitamin, vitamin b, vitamin d.",Plant-based foods and beverages
"peanuts, sugar, hydrogenated vegetable oil, , salt and molasses.",Plant-based foods and beverages
"yellow corn masa, flax seeds, soybean oil, salt.",Snacks
"pasteurized goat milk, honey, refined sucrose, salt, cheese cultures, vegetable rennet.",Dairies
"balsamic vinegar of modena, sugar, dehydrated glucose syrup, modified corn starch, blood orange juice, xanthan gum stabilizer, natural orange flavor.",Condiments
croissant ; sausage patty ; egg patty ; pasteurized process american cheese .,Meals
"coconut water, water, sugar, coconut pulp, citric acid, sodium metabisulfite.",Plant-based foods and beverages
"organic flours, water, organic cane sugar, organic cracked whole wheat, organic canola oil, organic wheat gluten, sea salt, yeast, organic cultured wheat flour, organic vinegar, organic acerola cherry power, enzymes",Plant-based foods and beverages
"cooked enriched macaroni product, water, diced tomatoes, tomato paste, beef, reduced fat mozzarella cheese, less than of onions, sugar, parmesan cheese, garlic, canola oil, asiago cheese, romano cheese, beef broth flavor, salt, burgundy wine, grated cheese blend, granulated garlic, tomato powder, tomato paste flavor, spices, toasted onion powder, cellulose, modified food starch, xanthan gum, maltodextrin and natural flavor.",Frozen foods
"cucumbers, high fructose corn syrup, water, vinegar, salt, mustard seeds, onion flakes, calcium chloride, sodium benzoate, celery seeds, yellow .",Salted snacks
"organic vegetable oil, organic balsamic vinegar, water, organic distilled vinegar, organic cane sugar, salt, contains or less of organic garlic puree, organic spices, organic red bell pepper, organic onion, organic gum acacia, xanthan gum.",Condiments
"distilled vinegar and water, mustard seed, horseradish, salt, spice, turmeric, jack daniel's old no. tennessee whiskey",Condiments
"tomatoes, peppers, filtered water, onions, olive oil, tomato paste, garlic, sugar, calabrian chili peppers, basil, spice, italian seasonings.",Condiments
"cultured milk and cream, butter, food starch modified, locust bean gum, carrageenan, sea salt, sodium citrate, annatto, vitamin d",Dairies
"enriched wheat flour bleached, vegetable shortening, sugar, water, soybean oil, contains or less of agar, alpha tocopherol as preservative, ascorbic acid, beta carotene, calcium carbonate, calcium sulfate, cellulose gum, citric acid, corn oil, corn syrup, corn syrup solids, cornstarch, dextrose, eggs, leavening, locust bean gum, maltodextrin, mono and diglycerides, natural and artificial flavor, salt, sodium stearoyl lactylate, soy flour, soy lecithin, whey, yeast.",Snacks
"white tuna, water, vegetable broth, salt, pyrophosphate.",Seafood
durum wheat semolina.,Plant-based foods and beverages
"enriched wheat flour bleached, powdered sugar, sugar, palm kernel, palm oil, cocoa processed with alkali, whey powder, corn syrup solids, soybean oil, dry egg whites, salt, dextrose, leavening, soy lecithin, natural flavor, nonfat dry milk, vanilla.",Snacks
"expeller pressed non gmo canola oil, extra virgin olive oil, white cooking wine, greek oregano, lemon juice, granulated garlic, salt, white pepper.",Condiments
"milk chocolate [sugar; cocoa butter; chocolate; skim milk; milk fat; lactose ; lecithin ; pgpr]; peanuts ; sugar; dextrose; salt; tbhq and citric acid, to maintain freshness.",Snacks
"canola or soybean oil, water, red wine vinegar, apple cider vinegar, cane sugar, garlic, sea salt, extra virgin olive oil, dijon mustard, natural flavor, spice, lemon juice concentrate, onion, xanthan gum, citric acid, natural vitamin e added to protect flavor.",Condiments
"contains water, high fructose corn syrup and or less of each of the following concentrated juices, citric acid, malic acid, ascorbic acid, thiamin hydrochloride, natural & artificial flavors, modified cornstarch, canola oil, cellulose gum, sucralose, sodium hexametaphosphate, potassium sorbate to protect flavor, yellow #, yellow #, red #.",Plant-based foods and beverages
"sparkling filtered water, organic evaporated cane juice, organic raspberry puree, organic lemon juice concentrate, organic lemon juice, organic natural flavors.",Plant-based foods and beverages
"salt, spices, dextrose, natural flavor, soy lecithin, extractives of paprika, and lemon juice solids.",Condiments
"apples, water, strawberry puree, vegetable and fruit juices, ascorbic acid, natural flavors.",Plant-based foods and beverages
"juice from apple, pomegranate, jujube fruit, pear, raspberry and goji juice concentrates natural flavors, citric acid, vegetable color, ascorbic acid, grape skin extract, vitamin a palmitate, vitamin e acetate.",Plant-based foods and beverages
"enriched wheat flour, french vanilla cream [sugar, water, egg, margarine [palm oil, canola oil, coconut oil, water, salt, mono & diglyceride, citric acid, flavor, vitamin a), heavy cream, modified food starch, egg yolk, sweet condensed milk, corn syrup, whey protein concentrate, canola oil, glycerol, natural & artificial flavor, guar gum, citric acid, locust bean gum, potassium sorbate ], margarine, water, sugar, high fructose corn syrup, yeast, egg, non fat milk powder, sweet whey, salt, monoglyceride, guar gum, sodium stearoyl lactylate, artificial yellow color, calcium propionate, natural & artificial flavor, enzyme.",Snacks
"coating, enriched bleached wheat flour, pumpkin, sugar, soybean oil, eggs, contains or less of food starchmodified, candy corn crunchlet, topping, salt, leavening, spice, natural flavors, corn starch, whey, sodium propionate, silicon dioxide.",Snacks
"cured with water, contains or less of the following dextrose, salt, potassium lactate, sodium phosphate, sodium diacetate, flavoring sodium erythorabate, sodium nitrite, favoring",Meats and their products
"enriched bleached wheat flour, candies, vanilla], sugar, artificial coloring [includes yellow ], gum arabic, corn syrup, confectioner's glaze), margarine, brown sugar, sugar, eggs, invert sugar, contains or less of modified food starch, leavening, natural flavors, salt, whey, corn starch.",Snacks
"whole grain rolled oats, invert sugar, sugar, whole grain rolled wheat, corn syrup solids, nonfat dry milk, crisp rice, glycerin, semisweet chocolate chips, crisp rice, honey, yogurt flavored coating, sunflower oil, sorbitol, water, salt, natural and artificial flavor, soy lecithin, tocopherols .",Snacks
"water, sugar, vinegar, canola oil, salt, dried vegetables, spices, lime crystals, xanthan gum, natural flavors, preservatives, citric acid",Condiments
"icing sugar, sugar, water, shortening, enriched wheat flour, egg, soybean and canola oil, strawberries, glucose, modified corn starch, whey powder, pectin, citric acid, skim milk powder, leavening, soybean lecithin, wheat gluten, mono and diglycerides, butter, salt, natural and artificial flavor, diacetyl tartaric acid esters of mono and diglycerides, color, xanthan gum, sodium citrate, carob bean gum, carrageenan, potassium sorbate and sodium benzoate, polysorbate .",Snacks
"enriched parboiled rice [long grain rice, niacin, iron, thiamin, folate ]; whole grain parboiled brown rice; enriched orzo [durum wheat semolina, natural flavor, niacin, iron, thiamin, riboflavin, folate ]; salt; maltodextrin; yeast extract; onion powder; garlic powder; sunflower oil; turmeric .",Meals
"water, tomato paste, modified corn starch, salt, onion powder, ground chili pepper, soybean oil, spices, garlic powder, citric acid, hydrolyzed corn, soy and wheat gluten proteins, torula yeast, soy flour .",Condiments
"enriched wheat flour [flour, malted barley flour, reduced iron, niacin, thiamin mononitrate, riboflavin, folic acid], water, high fructose corn syrup, yeast, soybean oil, salt, wheat gluten, monoglycerides, calcium propionate, calcium sulfate, datem, grain vinegar, citric acid, potassium iodate, soy lecithin .",Plant-based foods and beverages
"whole grain oats, sugar, corn flour, whole grain wheat, rice flour, salt, trisodium phosphate, yellow, yellow . vitamin e and bht to preserve freshness. vitamins and minerals dicalcium phosphate, calcium carbonate, reduced iron, zinc oxide, folic acid, niacinamide, pyridoxine hydrochloride, riboflavin, thiamin mononitrate .",Plant-based foods and beverages
"sugar, corn syrup, gelatin, wheat starch, artificial flavors, preservatives, artificial colors, blue ) and corn starch.",Snacks
"enriched wheat flour, sugar, raisins, vegetable oil margarine [vegetable oils, eater, salt, whey powder, soy lecithin, soy mono and diglycerides, natural flavor, vitamin a palmitate, vitamin d], rolled oats, invert sugar, liquid whole egg, fructose, water, spice, natural flavor, leavening sodium bicarbonate, modified cornstarch, salt, dextrose, dextrin, carrot fiber.",Snacks
"nonfat milk, vitamin a palmitate, vitamin d.",Dairies
"enriched flour, vegetable oil, cheese made with skim milk . contains or less of salt, paprika, yeast, paprika extract color, soy lecithin .",Snacks
"milk chocolate, corn syrup, sugar, baking soda, gelatin, orange oil.",Snacks
"ground white corn, vegetable oil, salt.",Snacks
"salt, citric acid, dehydrated onion, spices includ dehydrated garlic, silicon dioxide (to prevent caking and",Condiments
"pasteurized milk, culture, salt, enzymes, cellulose added to prevent caking.",Dairies
"enriched flour, water, cooked grill marked white meat chicken strips, broccoli, cheddar cheese, imitation cheddar cheese, or less of margarine, modified food starch, palm oil, sugar, maltodextrin, soybean oil, fractionated palm oil, chicken fat, salt, whey, bread crumbs, seasoning, dough conditioner blend, yeast, seasoning, potassium chloride, soy lecithin, yeast extract, dried onions, seasoning, dried garlic, seasoning, spice, seasoning, color added, soy flour, egg whites .",Frozen foods
"whole grain oats, sugar, raisins, dates, walnuts coated with rosemary extract, salt, cinnamon",Plant-based foods and beverages
"tortilla, charbroiled white meat chicken, ranchero sauce, reduced fat cheddar cheese, monterey jack cheese, red bell peppers, fire roasted onions, roasted poblano chiles, green bell peppers, modified food starch.",Frozen foods
"water, nonfat milk, sugar, modified corn starch, partially hydrogenated palm oil, less than of calcium carbonate, salt, color added, sodium stearoyl lactylate, disodium phosphate, natural and artificial flavors.contains milk",Desserts
cultured pasteurized milk,Dairies
"enriched wheat flour, butter, water, sugar, yeast, skim milk powder, salt, diacetyl tartaric acid esters of mono and diglycerides, wheat gluten, xanthan gum, calcium carbonate, betacarotene .",Snacks
"milk chocolate coating [sugar, chocolate, cocoa butter, milk, milkfat, pgpr and soy lecithin, vanilla extract], milk, caramel sauce [water, sugar, corn syrup, high fructose corn syrup, nonfat dry milk, coconut oil, modified corn starch, caramel color, salt, mono, diglycerides, carrageenan, soybean oil, modified tapioca starch, sodium citrate, potassium sorbate, carob bean gum and natural flavor], cream, chocolatey coating [coconut oil, sugar, cocoa, soy lecithin, vanilla extract], sugar, corn syrup, less than of whey, mono and diglycerides, locust bean gum, water, guar gum, natural flavor, carrageenan, caramel and annatto extract",Desserts
"corn maltodextrin, spices, sugar, salt, red bell pepper, sodium diacetate, onion, garlic, cayenne pepper sauce, natural flavor, extractives of paprika, vinegar solids & sugar cane fiber.",Condiments
"mac & cheese, thiamine mononitrate, riboflavin, folic acid}], water, cheddar club cheese [pasteurized cultured milk, salt, enzymes, annatto], maltodextrin, soybean oil, contains or less of ), breaded tendershaped chicken breast patty, garlic powder}], breader [ wheat flour, monosodium glutamate, salt, spices, leavening {sodium acid pyrophosphate, sodium bicarbonate, corn starch, monocalcium phosphate}, garlic powder], textured soy protein concentrate, potassium chloride, autolyzed yeast extract, sodium tripolyphosphate, salt, flavoring).",Frozen foods
"sugar, roasted peanuts, corn syrup, hydrogenated palm kernel and coconut oil, nonfat milk, high fructose corn syrup, cocoa, dextrose, and less than of glycerin, dairy product solids salt, natural flavor, soy lecithin, soybean oil, carrageenan, tbhq and citric acid, lactic acid esters.",Snacks
"water, mango puree, high fructose corn syrup, sugar, vinegar, modified food starch, less than of dried garlic, dried onion, dried red bell pepper, spices, salt, citric acid, potassium sorbate and sodium benzoate as preservatives, xanthan gum, natural flavor, caramel color.",Condiments
"water, soy protein concentrate, wheat gluten, vegetable oil, calcium caseinate, egg whites, onion powder. contains or less of cornstarch, onion and carrot juice concentrate, methylcellulose, natural flavors, salt, soy sauce, soy protein isolate, sugar, garlic powder, spices, whey, xanthan gum, yeast extract, tomato paste .",Plant-based foods and beverages
"peanuts, peanuts oil, salt chili powder, citric acid, pumpkin seed, soy oil, sea salt, glutinous rice, soy sauce, modified food starch, chili, artificial color fd&c yellow #.",Snacks
"sugar, enriched flour, palm and/or palm kernel oil, invert sugar, pumpkin powder, cream cheese powder, wheat starch, whey powder, sodium bicarbonate, salt, cinnamon, soy lecithin, ginger, nutmeg, citric acid, natural flavor, betacarotene.",Snacks
"enriched wheat flour bleached, white confectionery chunk, margarine, sugar, cranberries, invert sugar, enriched wheat flour, water, fructose, whey protein concentrate, soy lecithin, leavening, salt, sodium aluminum phosphate, natural flavors, distilled monoglycerides, eggs, whole algalin flour, xanthan gum, annatto extract color, maltodextrin, sodium carbonate.",Snacks
"organic parsley, organic apple powder, organic spinach, organic lime juice powder, organic lemon powder, organic kale, organic spirulina, natural flavors, organic alfalfa, citric acid, organic wheat grass, organic broccoli sprouts, organic stevia extract, organic holy basil, organic chlorella.",Beverages
"ham, water, less than of salt, dextrose, carrageenan, potassium lactate, sodium phosphate, sodium diacetate, sodium erythorbate, sodium nitrite, honey, caramel color.",Meats and their products
"sugar, enriched wheat flour, whole eggs, soybean oil, water, modified food starch, shortening . contains or less of maltodextrin, salt, vital wheat gluten, mono and diglycerides, leavening, artificial flavor, dextrose, corn starch, polysorbate, sodium stearoyl lactylate, cellulose gum, guar gum, xanthan gum, calcium acetate, natural and artificial cinnamon flavor/color.",Snacks
"sugar, citric acid, natural lemon flavor, sodium citrate, partially hydrogenated soybean oil, magnesium oxide, acesulfame potassium, sodium acid pyrophosphate, ascorbic acid . titanium dioxide, f.d & c yellow #.",Beverages
"sardines, water, tomato sauce, salt.",Seafood
"meat ingredients, water, tomato puree, whole rolled oats, chili pepper, contains less than of salt, spices, jalapeno pepper, sugar, garlic powder, soy lecithin, caramel color, sodium phosphate.",Meals
"sugar, corn syrup, contains or less of the following salt, glycerine, egg whites, confectioner's glaze, natural & artificial flavor, mineral oil, honey, carnauba wax, coconut oil, artificial colors .",Snacks
"light tuna, spring water, salt.",Seafood
"yellow stoneground corn, trace of lime, salt, vegetable oil, water, seasoning sugar, salt, paprika, spices, onion and garlic powder, sodium diacetate, hydrolyzed soy protein, yeast extract, citric acid, disodium inosinate and disodium guanylate, natural flavors, extractives of paprika, and silicon dioxide and calcium stearate added to prevent caking.",Snacks
"sugar, glucosefructose, water, concentrated fruit juice, citric acid, lactic acid, natural flavors, natural colors, ascorbic acid, thiamine mononitrate, riboflavin, vitamin b, biotin, pantothenic acid, vitamin e, folic acid, maltodextrin.",Snacks
"kale, sesame seeds, apple cider vinegar, tamari, leeks, lemon, nutritional yeast, garlic, flaxseed.",Snacks
"tomatoes, tomato juice, less than of salt, calcium chloride, citric acid.",Plant-based foods and beverages
"strawberry sugar, corn syrup, dried corn syrup, pear puree concentrate, modified corn starch, fructose, maltodextrin, palm oil. contains or less of cottonseed oil, glycerin, grape juice concentrate, carrageenan, citric acid, monoglycerides, sodium citrate, malic acid, vitamin c, natural flavor, potassium citrate, agaragar, red, xanthan gum. tropical sugar, corn syrup, dried corn syrup, pear puree concentrate, modified corn starch, fructose, maltodextrin, palm oil. contains or less of cottonseed oil, glycerin, grape juice concentrate, carrageenan, citric acid, monoglycerides, sodium citrate, malic acid, vitamin c, natural flavor, potassium citrate, agaragar, xanthan gum, color .",Snacks
"enriched wheat flour, water, lowmoisture partskim mozzarella cheese, cooked italian sausage, genoa salami, tomato paste, or less of extra virgin olive oil, shortening, salt, sugar, herb blend, yeast, malted barley flour, garlic puree, spices, bread crumbs .",Meals
"filtered water, potato maltodextrin, rice maltodextrin, canola oil, pea protein, tricalcium phosphate, carrageenan, sea salt, natural vegan flavors, mono & diglycerides, sodium polyphosphates, lactic acid, sunflower lecithin.",Dairies
"sugar, enriched bleached wheat flour, blueberries, egg whites, eggs, cream cheese, soybean oil, margarine, vegetable shortening, contains less than of the following water, soybean oil, skim milk, modified cornstarch, palm and palm kernel oils, leavening, mono and diglycerides, salt, milk, wheat starch, modified whey, modified tapioca starch, sodium stearoyl lactylate, propylene glycol mono and diesters of fats and fatty acids, natural flavor, whey, dextrose, sorbitan monostearate, soy lecithin, calcium acetate, xanthan gum, guar gum, natural and artificial flavor, sodium caseinate, polysorbate, wheat gluten, color, soy flour .",Snacks
"purified water, aloe vera gel, sugar, calcium lactate, citric acid, sodium citrate, gellan gum, vitamin c, beta carotene, mango flavor",Plant-based foods and beverages
"raisins, expeller pressed sunflower seed oil.",Plant-based foods and beverages
"ketchup, prepared mustard, cane sugar, distilled white vinegar, lemon juice, worcestershire sauce, water, black pepper and spices.",Condiments
"filtered water, organic orange juice concentrate, organic apple juice concentrate, organic white grape juice concentrate, organic pineapple juice concentrate, organic strawberry puree, organic banana puree, natural flavors, ascorbic acid .",Plant-based foods and beverages
"carbonated water, natural flavor.",Beverages
"white cake mix, water, powdered sugar with corn starch, icingbase, soybean oil, lemon flavor .",Snacks
"organic tortilla, organic pinto beans, organic brown rice, organic white mild cheddar cheese, organic yellow cheddar cheese, and enzymes), organic green chile, water, organic jalapeno, organic tomato paste, organic canola oil, organic onions, sea salt, organic garlic, organic white pepper",Frozen foods
"pasteurized milk, salt, citric acid, lactic acid, microbial enzymes.",Dairies
"beef and pork, chicken, water, textured soy protein concentrate, soy protein concentrate, salt, dehydrated onions, white pepper, garlic powder, romano cheese, parsley.",Meats and their products
"sugar, chocolate liquor, almonds, cocoa butter, milkfat, soya lecithinan emulsifier, natural and artificial flavor",Snacks
"potatoes, vegetable oil, organic dried cane sugar, salt, sugar, maltodextrin, paprika, onion powder, yeast extract, tomato powder, torula yeast, garlic powder, chili pepper, natural flavor, citric acid.",Snacks
"cucumbers, water, onion, red peppers, dill, garlic, vinegar, sugar, salt, charlock.",Salted snacks
"mayonnaise, acidified sour cream, shredded cheddar cheese, ranch seasoning ), bacon bits, cheese buds, potassium sorbate as a preservative, sodium benzoate as a preservative, savory bacon flavor, xanthan gum, guar gum, bacon flavor, black pepper.",Condiments
"purified water, calcium chloride, sodium bicarbonate, magnesium sulfate",Beverages
extra virgin olive oil.,Plant-based foods and beverages
"red chiles, jalapenos, fresno, rice vinegar, water and salt.",Condiments
"pork, water, imitation maple flavor",Meals
"organic soybean oil, water, organic cider vinegar, organic soy sauce, , organic cane sugar, organic orange juice concentrate, organic dijon mustard, organic toasted sesame oil, organic ginger, organic garlic, citric acid, organic black pepper, organic oregano, xanthan gum.",Condiments
"imported organic italian tomatoes, organic onions, organic extra virgin olive oil, sea salt, organic basil, organic garlic, organic white pepper, organic black pepper.",Condiments
"tortilla wheat enriched flour, water, palm oil, sugar, leavening, sea salt, distilled monoglycerides, monodiglyc",Frozen foods
"cassava, sunflower protein, maple syrup, coconut oil, strawberries, blueberries, vanilla extract, lemon extract",Plant-based foods and beverages
"sugar, corn syrup, citric acid, natural lemon flavor, yellow .",Snacks
"water, high fructose corn syrup, contains less than of the following natural and artificial flavors, citric acid, red, aspartame and acesulfame potassium, sodium benzoate and potassium sorbate .",Beverages
"corn syrup, sugar, gelatin, fruit juice, sorbitol, citric acid, anticaking agent, artificial flavors, artificial colors .",Snacks
"enriched flour bleached, water, vegetable shortening, sugar, baking powder . contains or less of vital wheat gluten, monoglycerides, dextrose, salt, potassium chloride, xanthan gum, annatto extract .",Plant-based foods and beverages
"whole grain oat flour, whole grain wheat flour, brown sugar, sugar, maltodextrin, malted barley extract, molasses, salt, sodium bicarbonate, mixed tocopherols, caramel color, turmeric oleoresin, annatto extract, natural flavor. vitamins and minerals calcium carbonate, reduced iron, sodium ascorbate, niacinamide, zinc oxide, alpha tocopherol acetate, pyridoxine hydrochloride, riboflavin, thiamin mononitrate, folic acid, vitamin a palmitate, vitamin d, vitamin b.",Plant-based foods and beverages
"lowmoisture partskim mozzarella cheese, water, enriched wheat flour, tomato paste, pepperoni made with pork, chicken and beef, vegetable oil, contains less than of sugar, seasoning blend, yeast, salt, lcysteine hydrochloride.",Meals
"water, mustard seed, distilled vinegar, salt, flavoring, white wine, wasabi, citric acid, tartaric, spices, fd&c yellow #, fd&c blue #",Condiments
"white corn, vegetable oil, oat fiber, salt.",Snacks
"cashews, honey crystals, peanut and/or sunflower oil, water, tapioca dextrin, salt.",Snacks
"beef, beef hearts, water, textured vegetable protein, soy protein concentrate, seasoning .",Meats and their products
"water, vegetable oil, chopped pickles, high fructose corn syrup, distilled vinegar, egg yolks, modified food starch, contains less than of salt, phosphoric acid, onions, artificial color, sodium benzoate as preservative, xanthan gum, lemon juice concentrate, calcium disodium edta to protect flavor.",Condiments
"sugar, wheat flour bleached, cocoa processed with alkali, soybean oil, whole eggs, water, invert syrup, corn syrup, malted barley flour, contains less than of each of the following powder sugar, glycerin, sodium propionate and potassium sorbate, salt, leavening, artificial flavor.",Snacks
"citric acid, calcium phosphate, maltodextrin, ascorbic acid, aspartame, natural flavor, contains less than of calcium carbonate, magnesium oxide, gum arabic, acesulfame potassium, xanthan gum, cellulose gum, soy lecithin, artificial color, calcium silicate, yellow lake, yellow, red .",Beverages
"filtered water, bai proprietary sweetener blend, natural flavors, citric acid, watermelon juice concentrate, vegetable juice, coffeefruit extract, white tea extract, malic acid, vitamin c, sodium citrate.",Beverages
"polyglycitol syrup, butter, palm oil, sodium caseinate, mono & diglycerides, soy lecithin, artificial flavor, color added and sucralose.",Snacks
"filtered water, organic sugar, organic lemon juice concentrate, organic mango puree, organic natural flavors, beta carotene",Beverages
"filtered water, organic cranberry juice concentrate, organic evaporated cane juice and citric acid.",Plant-based foods and beverages
"carbonated water, white grape concentrate, concord grape concentrate and citric acid.",Plant-based foods and beverages
"contains carbonated water, cane sugar and/or high fructose corn syrup, natural and artificial flavors, citric acid, acacia gum, fd&c yellow #, ester gum, brominated vegetable oil, preserved with sodium benzoate.",Beverages
"water, tomato, habanero pepper, salt, dehydrated carrot, acetic acid, dehydrated onion, xanthan gum, dehydrated coriander, condiments and spices, sodium benzoate and potassium sorbate, ascorbic acid, artificial colors fd&c red no. and fd&c yellow no..",Condiments
"enriched wheat flour, peanut butter, salt.",Snacks
"salt, potassium iodide, dextrose, sodium bicarbonate, yellow prussiate of soda.",Condiments
"cane sugar, tapioca starch, ginger, coconut fat",Snacks
"icing sugar, sugar, water, shortening . enriched wheat flour, soybean and sunflower oil, egg, glucose, cocoa powder, butter, whey powder, skim milk powder, modified corn starch, salt, leavening, wheat starch, natural flavor, rice flour, polyglycerol esters of fatty acids, polysorbate .",Snacks
"chicken breast; onions; black beans ; bbq sauce;chicken broth, low sodium; fresh garlic; paprika ; cumin; salt; black pepper. dough unbleached, unbromated wheat flour ; filtered water; vegetable shortening; salt. painted with egg wash.",Snacks
"corn syrup, sugar, gelatin, citric acid, sorbitol, natural & artificial flavors fd&c blue, vegetable oil, carnauba wax, canola oil, soy lecithin, water, rosemary extract.",Snacks
"water, tomatoes, black beans, onions, kale, rice flour, potato starch, carrots, celery, jalapeno peppers, roasted poblano peppers, chile powder, apple cider vinegar, sea salt, cumin, roasted garlic puree, cayenne pepper, salt, garlic powder",Plant-based foods and beverages
"rice, sugar, salt, molasses, mixed tocopherols . vitamins and minerals calcium carbonate, sodium ascorbate, reduced iron, niacinamide, zinc oxide, pyridoxine hydrochloride, riboflavin, thiamin mononitrate, vitamin a palmitate, folic acid, vitamin d, vitamin b.",Plant-based foods and beverages
"dehydrated vegetables, salt, spices, demerara sugar, citric acid, paprika, natural flavors.",Plant-based foods and beverages
"radish, water, sugar, salt, vinegar, chili pepper, artificial coloring .",Salted snacks
"sugar, water, tomato paste, salt, fermented soybean paste, sesame paste, modified corn starch, spices, sesame oil, dehydrated garlic, acetic acid, caramel color, xanthan gum, red .",Condiments
"degermed yellow cornmeal, vegetable oil, potato flour, salt, partially hydrogenated soybean & cottonseed oil, whey, monosodium glutamate, reduced lactose whey, lactose, corn maltodextrin, cheddar cheese, torula yeast, modified cornstarch, dextrose, sweet cream, onion powder, yellow corn flour, disodium phosphate, blue cheese, natural and artificial flavors, rendered bacon fat, sugar, autolyzed yeast extract, artificial colors, extractives of turmeric and paprika, citric acid, disodium inosinate, disodium guanylate, garlic powder, nonfat dry milk, spice, lactic acid, soy lecithin .",Snacks
"ultrafiltered whole milk, lactase enzyme, vitamin d.",Dairies
"pork, water, salt, honey, corn syrup solids, sodium phosphate, brown sugar, sodium erythorbate, sodium nitrite.",Meats and their products
"water, tomato paste, iodized salt, modified corn starch, citric acid, onion powder, cayenne pepper and garlic powder.",Plant-based foods and beverages
"corn syrup, sugar, modified corn starch, corn starch, artificial flavor, artificial colors red, blue, yellow, yellow .",Snacks
"fried out pork fat with attached skin, salt, monosodium glutamate, soy milk powder, citric acid, sugar, hydrolyzed soy protein, red pepper, natural lime flavors, disodium guanylate and disodium inosinate.",Snacks
"carbonated water, high fructose corn syrup, citric acid, potassium benzoate, gum acacia, natural and artificial flavor, ester gum, red, brominated vegetable oil, caramel color, yellow .",Beverages
"soybean oil, water, high fructose corn syrup, distilled and cider vinegar, modified food starch, egg yolks, salt, corn syrup, spice, paprika, natural flavors, calcium disodium edta added to protect flavor.",Condiments
"crust;, topping tomato pulp, mozzarella cheese, dressed red and yellow peppers, dressed diced mushrooms, diced artichokes, diced black olives, diced eggplants, diced zucchini.",Meals
"apple juice concentrate, filtered water, malic acid, ascorbic acid .",Beverages
"tomatoes, tomato juice, less than of salt, calcium chloride, citric acid.",Plant-based foods and beverages
"carbonated water, high fructose corn syrup, caramel color, phosphoric acid, caffeine, natural flavors, acacia gum.",Beverages
"peppers, water, distilled vinegar, salt.",Salted snacks
"roasted peanuts, soy protein isolate, chicory root extract, semisweet chocolate chips, vegetable oils, sugar, corn syrup, whey protein concentrate, fructose, peanut butter, cocoa, vegetable glycerin, rice starch, soy lecithin, salt, corn starch, natural flavor. contains peanut, soy and milk ingredients.",Snacks
"enriched flour, water, sugar, whole wheat flour, liquid sugar, grain blend, butter, yeast, honey, invert syrup, contains less than of the following eggs, wheat gluten, wheat starch, potato flour, soy flour, whey, nonfat milk, datem, sodium stearoyl lactylate, salt, degerminated yellow corn flour, sorbic acid perservative, calcium stearate, monocalcium phosphate, wheat flour, calcium sulfate, ascorbic acid added as a dough conditioner, sodium silicoaluminate, enzymes, ammonium sulfate, calcium silicate, sorbitan monostearate, mono, diglycerides, microcrystalline cellulose",Plant-based foods and beverages
"carbonated water, organic agave, phosphoric acid, caramel extracts of vanilla, lemon, lime, orange, cinnamon, cloves, nutmeg, coriander, and kola nut. citric acid. caffeine.",Beverages
"fruit juices from concentrates, corn syrup, sugar, modified corn starch, fruit purees, fish gelatin, citric acid, lactic acid, natural and artificial flavors, ascorbic acid, alpha tocopherol acetate, vitamin a palmitate, sodium citrate, coconut oil, carnuba wax, and red .",Snacks
"potatoes, vegetable oil, salt, rice flour, sugar, soy flour, torula yeast, monosodium glutamate, hydrolyzed corn & soy proteins, caramel color, natural mesquite smoke flavor, dextrose, natural & artificial flavors, onion, soybean oil, citric acid, garlic, red # lake.",Snacks
"all natural unbleached wheat flour, butter, cream cheese, chocolate filling, chocolate chips, organic evaporated cane juice, almonds . honey, water, sea salt, chocolate coating, soy lecithin, vanilla extract.",Snacks
"alaska pollock, water, egg whites, corn starch, sugar, sorbitol, contains or less of king crab meat, natural and artificial flavor, refined fish oil, rice wine, modified tapioca starch, sea salt, carrageenan, yam flour, potassium chloride, disodium inosinate, sodium pyrophosphate, soy lecithin, carmine, paprika, color added.",Seafood
"sugar, soybean oil, carrots, enriched wheat flour, eggs, pasteurized milk and cream, pineapples, palm oil, water, contains or less of the following leavening, pecans, soy lecithin, corn starch, salt, pineapple juice, artificial flavor, mono and diglycerides, nonfat milk, cinnamon, cheese culture, carob bean gum, sodium benzoate, guar gum, beta carotene, vitamin a palmitate.",Snacks
"enriched wheat flour, water, high fructose corn syrup, yeast, soybean oil, wheat gluten, salt, monoglycerides, calcium propionate (pr",Plant-based foods and beverages
"pasteurized cultured milk, microbial rennet, salt, microbial enzymes, annatto",Dairies
"imitation crab, soybean oil, salt, natural crab flavor, modified food starch, potassium chloride, egg whites, citric acid, paprika oleoresin, lycopene, soy lecithin, color added.), water, sushi rice, sushi ebi l, sweet chili sauce, seasoned vinegar, french fried onions, teriyaki sauce, mayonnaise, mayonnaise, cajun spice blend w salt, dried hoshi nori, chili sauce, lemon juice .",Meals
"sugar, peaches, cinnamon, nutmeg, lemon zest, bourbon, pectin",Plant-based foods and beverages
"pretzel roll, datem, canola oil, dextrose, ascorbic acid, lcysteine, and enzymes], vital wheat gluten, yeast, sour flavor [ wheat flour, fumaric acid with partially hydrogenated soybean oil, sodium diacetate, lactic acid], natural flavor, xanthan gum, calcium propionate, sodium hydroxide), pastrami, pasteurized process swiss cheese, dijon mustard .",Frozen foods
"tomato & cumin sauce water, diced tomatoes, diced onion, tomato puree, modified corn starch, chopped coriander, garlic puree, ginger puree, sugar, salt, canola oil, spices, ghee, lactic acid, cumin. spice blend ground cumin, kashmiri chili, cumin seeds, ground cardamom, ground turmeric, ground clove, ground bay leaf, fenugreek leaf.",Condiments
"cassava flour, potato starch, palm oil, tapioca starch, faba bean protein, tapioca syrup, salt, milled flax, sunflower lecithin.",Snacks
"mechanically separated chicken, water, pork, dextrose, modified corn starch, salt, contains or less of the following beef, corn syrup, flavorings, sodium phosphates, potassium lactate, potassium acetate, sodium diacetate, sodium erythorbate, oleoresin of paprika, sodium nitrite, smoke flavoring.",Meats and their products
"enriched flour, degermed yellow corn meal, whole wheat, sugar, vegetable oil . contains or less of brown sugar, salt, dextrose, molasses, natural and artificial flavor, yeast, baking soda, distilled monoglycerides, maltodextrin, dried molasses, trisodium phosphate, yellow corn flour, calcium carbonate, corn starch, dried honey, freshness preserved by bht, barley malt syrup, nonfat milk, soy lecithin .",Snacks
"tomatoes, tomato juice, contains less than of dried onion, salt, dried garlic, calcium chloride, dried parsley, natural flavor, citric acid.",Plant-based foods and beverages
"enriched flour, sugar, vegetable oil, corn syrup, dextrose, contains two percent or less of corn flour, cornstarch, salt, leavening, soy lecithin, artificial colors, citric acid, natural and artificial flavors.",Snacks
"hot sauce, water, white vinegar, canola oil, butter, garlic powder, fruit and vegetable juices, salt, natural butter flavor, cayenne pepper powder, xanthan gum.",Condiments
"corn, vegetable oil, salt, trace of lime.",Snacks
"skim milk, cream, sugar, chocolate chunks, english walnuts, banana fruit flavor, contains or less of mono and diglycerides, guar gum, locust bean gum, calcium sulfate, carrageenan.",Desserts
"dehydrated garlic, spices including peppercorns, salt, crushed chili, natural flavor .",Meats and their products
"gingerbread enriched wheat flour, invert sugar, sugar, palm oil shortening, molasses, cinnamon, salt, propylene glycol, cornstarch, cocoa powder processed with alkali, soy lecithin, ginger, eggs, cloves, milk . white icing sugar, corn syrup, water, fructose, canola oil, modified palm oil, maltodextrin, cornstarch, dextrose, modified cornstarch, glycerin, titanium dioxide, salt, preservatives, agaragar, carrageenan, phosphoric acid, mono and diglycerides, artificial flavor, blue, sorbitol, sodium metabisulfite. green icing sugar, corn syrup, water, fructose, canola oil, modified palm oil, maltodextrin, cornstarch, dextrose, modified cornstarch, glycerin, titanium dioxide, salt, preservatives, agaragar, carrageenan, phosphoric acid, mono and diglycerides, artificial flavor, yellow, blue, sorbitol, sodium metabisulfite. artificially flavored gummies sugar, glucose, modified cornstarch, citric acid, natural & artificial flavors, artificial colors, yellow, yellow, red, red, blue, blue . ninja stars dextrose, corn syrup, citric acid, calcium stearate, tapioca dextrin, titanium dioxide, shellac, carnauba wax, artificial flavors, red, yellow, yellow, blue . gummy pizza sugar, corn syrup, water, cornstarch, gelatin, sorbitol, malic acid, citric acid, sodium citrate, artificial flavors, blue, red, red, yellow, yellow, titanium dioxide, potassium sorbate.",Snacks
"made from enriched wheat flour, sugar, butter, corn syrup, high fructose corn syrup, strawberry puree, cornstarch, palm and/or soybean and hydrogenated soybean oils, contains or less of strawberry juice concentrate, eggs, pectin, nonfat milk, soy protein, baking soda, citric acid, strawberry seeds, salt, cream of tartar, sodium citrate, caramel color. contains wheat, milk, eggs, soy .",Snacks
"glucose syrup, sugar, gelatin, citric acid, natural",Snacks
"broccoli, old fashioned coleslaw dressing, cauliflower, sunflower kernels, red cabbage, carrot, dried cranberries, uncured baconno nitrites or nitrates added except those naturally found in sea salt and cultured celery juice contains egg .",Plant-based foods and beverages
"salad salad ingredients may contain organic romaine lettuce, organic tango lettuce, organic radicchio, organic frisee, organic red cabbage, organic dressing water, organic pomegranate juice concentrate, organic soybean oil, organic cane sugar, organic distilled vinegar, organic lemon juice concentrate, sea salt, organic acacia gum, organic hibiscus, xanthan gum, organic dried onion, organic rosemary extract, organic parsley, organic dried cranberries organic cranberries, organic evaporated cane juice, organic sunflower oil, organic pita chips organic wheat flour, organic sunflower oil, water, sea salt, yeast, organic oat fiber, organic quinoa.",Plant-based foods and beverages
"tomatoes, tomatoes, tomato paste, light cream, vodka, unsalted butter, romano cheese, onion, balsamic vinegar, basil, olive oil, salt, lactic acid, spices",Condiments
"turkey breast, turkey broth, contains or less of vinegar, salt, rice starch, sodium phosphates, natural flavor.",Meats and their products
"water, nonfat milk, sugar, modified corn starch, palm oil, less than of calcium carbonate, salt, sodium stearoyl lactylate, disodium phosphate, natural and artificial flavors, color added .",Desserts
"organic rolled oats, organic whole wheat flour, dark chocolate chunks, organic bananas, peanut butter, wildflower honey, sunflower oil, cultured dextrose",Snacks
"enriched wheat flour [flour, malted barley flour, reduced iron, niacin, thiamin mononitrate, riboflavin, folic acid], water, sugar, yeast, salt, soybean oil, wheat gluten, potato flakes, preservatives, datem, corn flour, ethoxylated mono and diglycerides, cellulose gum, monoglycerides, reb a, sucralose, spice, coloring, citric acid, grain vinegar, calcium sulfate, potassium iodate, monocalcium phosphate, soy lecithin",Plant-based foods and beverages
"enriched unbleached flour [ wheat flour, malted barley flour, reduced iron, thiamine mononitrate, riboflavin, niacin, folic acid], water, high fructose corn syrup, yeast, natural oil blend, wheat gluten, wheat protein isolate, salt, natural and artificial flavors, yellow corn flour, monoglycerides, spice oils, calcium propionate and potassium sorbate, dextrose, lactic acid, sodium stearoyl lactylate, calcium sulfate, citric acid, ascorbic acid, vitamin a palmitate and beta carotene, corn starch, diglycerides.",Plant-based foods and beverages
"coconut milk frozen dessert organic coconut cream, water, organic cane sugar, organic tapioca syrup, organic chocolate flakes, fructan, organic acacia gum, organic coconut sugar, natural mint flavor, organic sunflower lecithin, organic vanilla extract, organic locust bean gum, organic guar gum.",Desserts
"unbleached enriched flour, sugar, high fructose corn syrup, potato starch, canola oil, salt, leavening",Snacks
"rice, sugar, coconut milk powder, mung bean, modified food starch, non fat dry milk, guar gum, salt, natural flavor.",Snacks
"rice, sugar, hydrogenated vegetable oil, cocoa, salt, caramel color, natural and artificial flavor. vitamins and minerals niacinamide, reduced iron, zinc oxide, vitamin b, vitamin a palmitate, riboflavin, thiamin mononitrate, folic acid, vitamin b, vitamin d.",Plant-based foods and beverages
"cranberries, sugar, cherry juice concentrate, citric acid, natural flavor, elderberry juice concentrate .",Snacks
"carbonated water, high fructose corn syrup, citric acid, natural & artificial flavors, natural constituents of orange, ester of wood rosin, sodium benzoate, fd&c yellow #, fd&c yellow #",Beverages
"water, cream cheese spread [pasteurized cream and skim milk, salt, lactic acid, guar gum, locust bean gum, sodium phosphate, carrageenan, natural flavors], sugar, lemon juice from concentrate, modified corn starch, distilled vinegar, natural and artificia",Condiments
"whole grain wheat, rice, sugar, whole grain rolled oats, brown sugar, canola oil, corn syrup, wheat flour, corn meal, malted barley flour, salt, whey, wildflower honey, caramel color, natural and artificial flavor. vitamins and minerals reduced iron, niacinamide, zinc oxide, vitamin a palmitate, vitamin b, riboflavin, thiamin mononitrate, folic acid, vitamin d, vitamin b.",Plant-based foods and beverages
"made of sorbitol, gum base, glycerol, natural and artificial flavors; less than of hydrogenated starch hydrolysate, aspartameacesulfame, soy lecithin, mannitol, sucralose, color, acesulfame k, bht .",Snacks
"brown rice, carrot juice, sunflower seeds, cashews, organic coconut amino acids ), freshorganic basil, fresh organic oregano, fresh organic cilantro, fresh italian parsley, organic garlic powder, organic onion powder, organic sea salt, organic black pepper.",Plant-based foods and beverages
"chicken, breaded with wheat flour, water, parmesan cheese, soybean oil, bleached wheat flour, contains or less of nonfat milk, salt, natural flavorings, maltodextrin, sugar, natural smoke flavor, yeast, whey, dehydrated parsley, enzyme modified parmesan cheese, modified corn starch, leavening, dehydrated garlic, mono and diglycerides, dehydrated onion, cultured dextrose.",Meats and their products
"enriched unbleached wheat flour, granulated sugar, palm oil shortening, whole eggs, natural peach flavor, powdered milk, salt, ammonium bicarbonate, powdered sugar, natural peach powder, baking powder, citric acid.",Snacks
"enriched macaroni product, cheese sauce .",Meals
"milk chocolate, sugar, peanuts, cornstarch, less than corn syrup, dextrin, coloring, gum acacia.",Snacks
"cane sugar, artificial color, artificial flavor.",Snacks
"water, corn syrup, distilled vinegar, buttermilk . contains or less of modified corn starch, sugar, salt, onion juice, garlic juice, natural flavor, cellulose gel, soybean oil, xanthan gum, monosodium glutamate, onion, color added, garlic, cellulose gum, spice, modified gum acacia, lemon juice concentrate, dlalphatocopherol acetate, disodium inosinate, disodium guanylate, phosphoric acid and sodium benzoate and sorbic acid and calcium disodium edta .",Condiments
"yogurt water, shallots, carrots, celery, cayenne peppers, sea salt, blue cheese, evaporated cane sugar, tapioca flour, fruit pectin, white wine vinegar, natural flavor, parsley, garlic powder, sunflower lecithin, yeast extract, guar gum, lemon juice concentrate. contains live and active cultures s. thermophilus, l. bulgaricus, l. acidophilus, bifidus and l. casei.",Condiments
"ground white corn, canola and/or sunflower oil, sea salt.",Snacks
"corn syrup, sugar, sunflower oil, artificial colors, natural flavor.",Snacks
"aged peppers, vinegar, salt",Condiments
"potatoes, dressing, dextrose, starch, spices, lemon juice, natural flavors, xanthan gum, propylene glycol alginate, disodium phosphate and calcium disodium edta added to protect flavor), eggs, celery and onion.",Salted snacks
"pasteurized cows milk, bacterial culture, cream, salt, vegetable fiber, starch, garlic, herbs, garlic flavor, sorbic acid, citric acid, rosemary.",Dairies
durum whole wheat flour.,Plant-based foods and beverages
"white corn, vegetable oil, salt.",Snacks
"pork, salt, flavors, spices, garlic, sodium ascorbate, sodium nitrite.",Meats and their products
"sea salt caramel wafer, licorice, sucrose, contains or less of the following cornstarch, modified starch, corn syrup, confectioner's glaze.",Snacks
"potatoes, vegetable oil, sugar, dextrose, brown sugar, spice, torula yeast, fructose, monosodium glutamate, salt, onion powder, spice and coloring, garlic powder, natural flavors, yeast extract, sucralose.",Snacks
"milk chocolate, sugar, cornstarch, less than corn syrup, dextrin, coloring, gum acacia.",Snacks
"enriched wheat flour [ wheat flour, niacin, reduced iron, thiamin mononitrate, riboflavin, folic acid], sugar, high fructose corn syrup, corn syrup, palm oil, whey permeate, cocoa processed with alkali, modified corn starch, salt, precooked yellow corn meal, leavening, color added, sorbitol, potassium sorbate, natural and artificial flavor, gelatin, yellow corn flour, modified soy protein, vitamin a palmitate, reduced iron, niacinamide, pyridoxine hydrochloride, riboflavin, thiamin mononitrate .",Snacks
"whole grain rolled oats, maltodextrin, sugar, salt, calcium carbonate, natural and artificial flavors, guar gum, oat flour, sucralose, caramel color, maple sugar, brown sugar, ferric phosphate, niacinamide, pyridoxine hydrochloride, riboflavin, vitamin a palmitate, thiamin mononitrate, folic acid.",Plant-based foods and beverages
"almond milk, liquid sugar, coconut oil, sugar, corn syrup solids, wheat flour, soybean oil, corn syrup, pea protein, brown sugar, molasses, cinnamon, sunflower lecithin, soy lecithin, salt, baking soda, natural flavor, guar gum, locust bean gum.",Desserts
"carbonated water, citric acid, potassium citrate, gum acacia, aspartame, potassium benzoate, acesulfame potassium, natural flavor, ester gum, yellow, red .",Beverages
"metamyosyn vpp protein blend, chocolate flavored coating, dark fudge layer, hydrolyzed collagen, glycerin, water, dark chocolate flavored chips, maltitol syrup, natural flavors, canola oil, cocoa, vitamin and mineral blend, sucralose, fructooligosaccharides, peanut flour, almond butter.",Snacks
"whole grain rolled oats, sugar, salt, natural flavors, calcium carbonate, caramel color, guar gum, sucralose, reduced iron, niacinamide, pyridoxine hydrochloride, vitamin a palmitate, riboflavin, thiamin mononitrate, folic acid, vitamin d.",Plant-based foods and beverages
"xylitol, gum base, maltitol syrup, mannitol, contains or less of natural & artificial flavor, malic acid, maltodextrin, maltitol, citric acid, lecithin, artificial color, aspartame, gum acacia, acesulfame potassium, bht, neotame. contains soy . phenylketonurics contains phenylalanine.",Snacks
"sugar, corn syrup, adipic acid, hydrogenated palm kernel & palm oils and soybean oil mono & diglycerides, natural & artificial flavors, artificial colors fd&c red, yellow, yellow, blue .",Snacks
"apple juice contains pure filtered water, concentrated apple juice, less than . of calcium citrate, vitamin c, potassium phosphate. produced for the cocacola company atlanta, ga u.s.a. contains apple juice concentrate from the u.s.a., argentina, austria, chile, china, germany and turkey.",Plant-based foods and beverages
"sugar, water, apple cider vinegar, lime juice, jalapeno peppers, natural fruit pectin, salt, citric acid.",Plant-based foods and beverages
"filtered water cane and/or beet sugar, lemon juice from concentrate, natural flavors, citric acid, sodium citrate, canola oil, lemon fruit pulp, modified food starch, fd&c red and edta to protect color",Beverages
"corn meal, evaporated cane juice, brown rice, expeller pressed canola oil, sunflower seeds, raisins, almonds, sesame seed, flax seed, coconut, walnuts, hazelnuts, dried cranberries, corn starch, brazil nuts, rice bran extract, natural flavors, pecans, caramel color, sea salt",Plant-based foods and beverages
"vegetables, dressing, modified corn starch), wonton strips, almonds .",Plant-based foods and beverages
"sugar, corn syrup, citric acid in fruit flavor, natural and or artificial color to include one or more of the following .",Snacks
"fortified wheat flour, sugar corn starch, vegetable oil, grated strawberry, invert sugar, soy lecithin sodium bicarbonate, sodium acid, pyrophosphate, antioxidant bht.",Snacks
"tomatillos, jalapeno peppers, roasted tomatoes, water, onions, salt, contains or less vinegar, cilantro, garlic, lime juice concentrate, spice, capsicum.",Condiments
"xylitol, coffee, cream of tartar, organic natural flavors, calcium stearate, coffee extract.",Snacks
"chicken stock, cornstarch, onion, butter, heavy cream, contains or less of carrots, celery, mushroom flavor, enriched wheat flour, salt, paprika poultry seasoning, spices.",Condiments
"filtered water, citric acid, tea, aspartame, potassium citrate, natural flavors, malic acid.",Plant-based foods and beverages
"organic tomato puree, sea salt, organic onion powder, organic garlic powder, citric acid.",Plant-based foods and beverages
"cultured skim milk, blueberry base, corn starchmodified, carrageenan, pectin, tricalcium phosphate, potassium sorbate, natural flavor, vitamin d, live and active culture.",Dairies
"chicken breast with rib meat, water, seasoning, dehydrated vinegar, soybean oil, natural flavor.",Meats and their products
"water, sugar, strawberry lemonade concentrate .",Beverages
"sugar, glucose syrup solids, cocoa, partially hydrogenated vegetable oil, nonfat dry milk, modified whey, maltodextrin, salt, natural and artificial flavors, cellulose gum, sodium caseinate, cornstarch, lactose, dipotassium phosphate, sucralose, mono and diglycerides, silicon dioxide, soy lecithin, artificial color.",Beverages
organic extravirgin olive oil. nitrogenflushed to maintain freshness.,Plant-based foods and beverages
"organic white arborio rice, organic parmesan cheese, sea salt, organic cheddar cheese, organic cream, organic yeast extract, organic sugar, organic",Plant-based foods and beverages
"dried potato, yellow corn, sunflower and/or safflower oil, seasoning, rice flour, potato starch.",Snacks
"water, citric acid, natural flavor, sodium citrate, salt, monopotassium phosphate, modified food starch, mixed triglycerides, sucralose, glycerol ester of rosin, acesulfame potassium.",Beverages
"ground during wheat, eggs, water, salt",Plant-based foods and beverages
"tomatoes, tomato juice, spices, sugar, dried onions, salt, citric acid, calcium chloride.",Plant-based foods and beverages
"corn syrup, sugar, gelatin, modified starch, dextrose, citric acid, tartaric acid, fumaric acid, artificial flavors, pectin, sodium citrate, artificial colors .",Snacks
"water, enriched flour, sugar, palm oil, blackberries, corn syrup, blueberries, raspberries, food starchmodified, contains less than of salt, apples, eggs, dextrose, carob bean gum, agar, sorbic acid, apple cider vinegar, calcium propionate.",Snacks
"wheat flour, soybean oil, canola oil, sesame seeds, bulgur wheat, honey mustard & onion seasoning, salt, honey coating, malted barley flour, whey, lactose, dextrose monohydrate, dried honey, vegetable fiber, corn oil, malt, honey, yeast, soda, onion powder, spice, wheat starch, garlic powder, maltodextrin, xanthan gum, safflower oil, beet powder, sodium diacetate, citric acid, horseradish powder, turmeric, natural flavor .",Snacks
"organic grassfed beef, organic honey, organic dried cranberries, organic sunflower seeds, sea salt, organic spices, cultured celery powder, organic garlic powder, lactic acid starter culture.",Snacks
"asparagus, water, salt, citric acid.",Plant-based foods and beverages
"mashed potatoes, cream, salt, flavoring), corn, meat loaf, tomato paste, salt, brown sugar, beef base, gravy, lactic acid). tomato paste, salt, burgundy wine, caramel color scan here for more food information sugar, canola oil, garlic, butter [ cream, salt), mushroom powder, flavoring). contains milk, wheat, soy .",Frozen foods
"organic rolled oats, hazelnuts, local honey, peanut oil, almonds, organic pumpkin seeds, brown sugar, coffee beans, organic dark chocolate, organic coconut flakes, organic vanilla extract, cinnamon, salt.",Plant-based foods and beverages
"potatoes, avocado oil, whey, salt, dextrose, lime juice powder, sugar, vinegar powder, citric acid, buttermilk powder, spices, malic acid.",Snacks
"water, sugar, white distilled vinegar, cucumbers, peppers, mustard seeds, tomato paste, salt, onions, honey, wheat flour, soybean oil, xanthan gum, spices, citric acid, calcium chloride, natural flavors, turmeric, lemon juice, garlic, eggs, calcium disodium edta, paprika, sodium benzoate, annatto, high fructose corn syrup.",Condiments
"water, apple juice concentrate, ascorbic acid .",Beverages
"milk, cream, water, sodium citrate, salt, cheese culture, sorbic acid, citric acid, enzymes, soy lecithin, apo carotenal and beta carotene .",Dairies
"organic pasta, cheddar cheese, skim milk, cream, whey, sodium phosphate, salt, natural butter and cheese flavor, sodium alginate, lactic acid, organic annatto extract, xanthan gum.",Plant-based foods and beverages
"sugar, corn syrup, gelatin, fumaric acid, citric acid, pectin, contains less than . of the following natural and artificial flavor, potassium sorbate, red #, red #, carnauba wax.",Snacks
"sugar, corn syrup, citric acid, natural and artificial flavor, confectioner’s glaze, acacia, lemon juice concentrate, corn starch, carnauba wax, yellow .",Snacks
"carbonated vapor distilled water, calcium chloride and magnesium chloride and potassium bicarbonate",Beverages
"vegetables, pasta with garlic sauce, soybean oil, whey powder, salt, garlic seasoning, natural flavor, enriched wheat flour ), shrimp .",Frozen foods
"freshly ground peanut butter, whey protein isolate, honey, organic brown rice syrup, organic oats, organic raisins, peanuts, organic flax seed meal, organic tapioca flour, organic coconut oil, organic coconut sugar crystals, nongmo sunflower lecithin, sea salt, organic vanilla extract, organic cinnamon.",Snacks
"white wine vinegar, natural tarragon flavor, tarragon sprig, potassium bisulphite as a preservative. adjusted with water to acidity.",Condiments
"eggplant, piquillo peppers, zucchini, sunflower oil, vinegar, salt, sugar, spices, citric acid.",Salted snacks
"tomato puree, soybean oil, cooked ground beef, salt, dehydrated onions, sugar, extra virgin olive oil, spices, citric acid, natural flavors.",Condiments
"nonfat milk, sugar, bleached wheat flour, palm oil, corn syrup, cream, chocolate liquor, corn syrup solids, corn syrup, whey, less than of molasses, baking powder, cocoa butter, soy lecithin, natural and artificial flavor, dextrose, high fructose corn syrup, salt, mono and diglycerides, locust bean gum, guar gum, vanillin, caramel color, vitamin a palmitate, carrageenan.",Desserts
"vegetable oil, sugar, cocoa powder processed with alkali, whey powder, candy cane pieces, emulsifier soy lecithin, vanilla extract.",Snacks
"organic tomato puree, sea salt, citric acid, organic spice.",Plant-based foods and beverages
"milkfat and nonfat milk, sugar, corn syrup, high fructose corn syrup, sweetcream buttermilk, whey, contains less than of strawberries, cocoa, guar gum, mono & diglycerides, xanthan gum, polysorbate, cellulose gum, carrageenan, locust bean gum, natural and artificial flavors, citric acid, red #, annatto .",Desserts
"sugar, nriched bleached wheat flour [flour, malted barley flour, reduced iron, ""b"" vitamins, riboflavin, folic acid)], whole eggs, canola oil, water, chocolate liquor, corn syrup, egg whites, cocoa butter, soy lecithin . contains or less of modified corn starch, mono and diglycerides, whey, sodium stearoyl lactylate, leavenings, soybean oil, salt, wheat gluten, polysorbate, glucose, natural and artificial flavor, nonfat milk solids, xanthan gum, calcium acetate, dextrose, guar gum, citric acid, sorbic acid",Snacks
milk chocolate,Beverages
"pasteurized milk, cheese cultures, salt, enzymes, and colored with annatto.",Dairies
"cassava flour, tapioca starch, sunflower and/or canola oil, seasoning, sugar, salt.",Snacks
"fresh eggs, sugar, wheat flour, rapeseed oil, palm fat, soy flour, whey powder, salt, emulsifier soy lecithin, natural flavour",Snacks
"carrots, peas, whole oats, zucchini, edamame, corn, string beans, spinach, corn meal, onions, potato starch, soy protein flour, organic wheatfree tamari, chickpeas, dried onion, salt, canola oil, red peppers, broccoli, granulated garlic, parsley.",Meats and their products
"spices, garlic, onion, lime juice solids, citric acid, lime peel, rice concentrate.",Condiments
"milk chocolate, white nonpareils .",Snacks
"tomatoes, tomato juice, citric acid, calcium chloride.",Plant-based foods and beverages
"potatoes, vegetable oil, salt, whey, sugar, dextrose, spices, onion powder, garlic powder, monosodium glutamate, natural and artificial flavors, green bell pepper powder, torula yeast, sodium diacetate, dried parsley, citric acid, partially hydrogenated soybean and/or cottonseed oil, modified corn starch, disodium inosinate and disodium guanylate, lactic acid, and spice extractives.",Snacks
"organic whole rolled oats, organic milled cane sugar, organic rice flour, organic expeller pressed canola oil, organic whole oat flour, organic molasses, organic almonds, organic honey, organic natural flavor, salt, organic barley malt syrup, mixed tocopherols",Plant-based foods and beverages
"tomato puree, diced tomatoes in tomato juice, sugar, canola oil, contains less than of salt, dehydrated onions, spice, citric acid, dehydrated garlic, onion extract, garlic extract.",Condiments
"cornmeal, vegetable oil, seasoning .",Snacks
"enriched flour, peanuts, vegetable oil, dextrose, sugar, leavening, malt syrup, salt, soy lecithin .",Snacks
"spices, sea salt, cane sugar, dehydrated lemon peel granules, natural lemon juice flavor, citric acid, dehydrated garlic, turmeric, silicon dioxide .",Condiments
"sugar, orange pulp, orange peel, fruit pectin, citric acid, sulfur dioxide .",Plant-based foods and beverages
"potatoes, hydrogenated coconut oil, sea salt.",Snacks
"aged red habanero peppers, distilled vinegar, salt, xanthan gum, granulated garlic.",Condiments
"organic wheat flour, organic dried cane syrup, organic high oleic safflower oil, organic whole wheat flour, organic molasses, organic honey, cane syrup, sea salt, baking soda, ammonium bicarbonate, cream of tartar, citric acid preservative.",Snacks
"olive oil, natural extracts o basil, spinach extract.",Plant-based foods and beverages
"whole grain blend, enriched flour [ wheat flour, niacin, reduced iron, thiamin mononitrate, riboflavin, folic acid], sugar, canola oil, whole grain wheat flour, dried cranberries, invert sugar, malt syrup, baking soda, salt, dried orange peel, soy lecithin, natural flavor, disodium pyrophosphate, datem, ferric orthophosphate, niacinamide, pyridoxine hydrochloride, riboflavin, thiamin mononitrate .",Snacks
"milk chocolate, dark chocolate, white chocolate, filling .",Snacks
"swai, water, sodium tripolyphosphate, citric acid, potassium citrate and salt.",Seafood
"hydrated wheat gluten, hydrated soy flour, mushrooms, water chestnuts, onion, carrots, cooked brown rice, whole grain oats, corn oil, egg whites, calcium caseinate, green peppers, soy sauce, red bell peppers, contains two percent or less of soy protein concentrate, water, onion powder, cornstarch, black olives, sugar, soy protein isolate, hydrolyzed corn protein, salt, spices, hydrolyzed wheat protein, hydrolyzed soy protein, yeast extract, garlic powder, thiamin hydrochloride, jalapeno pepper, natural flavor, dextrose, caramel color, celery extract.",Plant-based foods and beverages
"white tuna, water, vegetable broth, salt, pyrophosphate added.",Seafood
extra virgin olive oil.,Plant-based foods and beverages
"tomato puree, water, enriched macaroni, beef, contains less than high fructose corn syrup, salt, food starchmodified, potassium chloride, natural flavor, yeast extract, enzyme modified romano cheese, spice extract, citric acid, spice, caramel color.",Meals
"premier protein bar protein blend, glycerin, hydrolyzed gelatin, sugar, partially defatted peanut flour, water, peanut butter, palm kernel oil, inulin, contains or less of the following cocoa powder, tapioca starch, natural and artificial flavors, whey powder, nonfat dry milk, salt, soy lecithin, peanut extract, sucralose.",Snacks
"organic cane sugar, organic rice syrup, citric acid, ascorbic acid, natural flavors, for color.",Snacks
"tomato puree, diced tomatoes in tomato juice, canola oil, contains less than of salt, dehydrated onions, dehy drated garlic, spice, citric acid, dehydrated parsley.",Condiments
"pasta durum wheat semolina, water, eggs, egg yolks, tomato powder, spinach powder, paprika. filling cheese, toasted wheat crumbs, whey powder, canola oil, parmesan cheese flavor, salt, garlic powder, onion powder.",Meals
"filling chicken, water, onion, green onion, soy sauce, ginger, gelatin, sugar, cooking rice wine, sesame oil, soybean oil, salt, autolyzed yeast extract, white pepper, chicken flavored powder, yeast extract, dough enriched wheat flour, water, wheat flour, modified tapioca starch, salt, soybean oil.",Frozen foods
"filtered water, sugar, citric acid, sodium benzoate, potassium sorbate, ascorbic acid, natural and artificial flavor, sucralose, calcium disodium edta, and fd&c blue no. .",Beverages
"organic california red seedless raisins, less than organic sunflower oil",Plant-based foods and beverages
"fresh cucumbers, water, vinegar, salt, calcium chloride, natural flavors, polysorbate, yellow .",Salted snacks
"cheese [ milk, distilled filling, sea salt, canola oil, parsley, black pepper, allspice, cinnamon, clove, nutmeg), pasta .",Meals
"natural mineral water, carbon dioxide .",Beverages
"cultured grade a pasteurized whole milk, salt, enzymes.",Dairies
"milk, cream, buttermilk, corn syrup, whey, high fructose corn syrup, sugar, mono & diglycerides, guar gum, sodium phosphate, cellulose gum, sodium citrate, polysorbate, carrageenan, vanilla extract, artificial flavor, annatto .",Desserts
"wheat flour, salt, caramel color, hydrolyzed corn protein, onion and celery powder, corn starch, dextrose, monosodium glutamate, food starchmodified and spices.",Condiments
"cucumbers, water, vinegar, salt, calcium chloride, spices, red pepper, garlic, natural flavorings, yellow #, polysorbate .",Salted snacks
"filtered water, high fructose corn syrup, orange juice concentrate, apple juice concentrate, natural flavors, citric acid, pectin, ascorbic acid, sucralose, acesulfame potassium, yellow, yellow .",Plant-based foods and beverages
"milk chocolate, raisins, sugar, corn syrup, sugar, tapioca syrup, tapioca dextrin, confectioner's glaze.",Snacks
"sugar, corn syrup, confectioner's glaze, salt, honey, dextrose, artificial flavor, gelatin, titanium dioxide color, fd&c coloring, sesame oil",Snacks
"water, sugar, pomegranate juice concentrate, soybean oil, distilled vinegar, blueberry juice concentrate, extra virgin olive oil, contains less than of corn starch, salt, citric acid, xanthan gum, spice, shallots.",Condiments
"water, meyer lemon juice, honey, living bacterial culture",Condiments
"tilapia, water, roasted garlic, olive oil, contains or less of lemon peel, salt, spices, dehydrated chives, vinegar, sugar, dehydrated green onion, dehydrated parsley, natural flavor, citric acid, xanthan gum, maltodextrin, soy lecithin .",Seafood
"corn syrup, sugar, gelatin, white grape juice concentrate, lactic acid, natural & art flavor, hydrogenated coconut oil, carnauba / beeswax, citric acid, art color, titanium dioxide, yellow &, red, blue",Snacks
"onion, spices garlic, cumin, parsley, basil, oregano, celery, lemon peel, red pepper, bay leaf, chipotle, habanero, mustard, & stevia",Plant-based foods and beverages
"water, resistant wheat starch, wheat glutent, wheat protein isolatet, yeast, oat fibert, alluloset, inulint, soybean oil, salt, vinegar, calcium propionate, guar gum, calcium phosphate, ascorbic acid, sorbic acid, soybean oil, natamycin, sesame . tadds a trivial amount of sugar. contains wheat and sesame ingredients. produced on a line that processes milk ingredients.",Plant-based foods and beverages
"cashews, peanut and/or canola and/or cottonseed oil, sea salt.",Snacks
"water, high fructose corn syrup, contains or less of the following malic acid, citric acid, natural and artificial flavors, sodium benzoate and potassium sorbate, red, yellow, sucralose, acesulfame potassium, blue .",Desserts
"bleached wheat flour, sugar, soy flour, leavening, whey powder, contains or less of dextrose, vegetable oil shortening, salt, dried whole eggs, calcium carbonate, natural and artificial flavor, nonfat dry milk, sodium caseinate, mono and diglycerides.",Snacks
"whole grain wheat, contains or less of bht for freshness. vitamins and minerals reduced iron, niacinamide, vitamin b, vitamin b, vitamin b, folic acid, zinc oxide, vitamin b.",Plant-based foods and beverages
"olives, water, sea salt, and ferrous gluconate .",Salted snacks
"bread crumbs, yellow corn flour, yellow corn meal, sugar, sunflower oil, yeast, sea salt), sunflower oil, yellow corn meal, sugar, onion, salt, spices, garlic, natural flavor, and extractives of turmeric.",Condiments
"mustard seed, distilled vinegar water, horseradish, sea salt.",Condiments
"milk chocolate [sugar cocoa butter, milk, chocolate liquor, soy lecithin, vanillin ], peanuts .",Snacks
"sunflower oil, yolk, mustard, truffle aroma, breakings of truffle, water, white wine vinegar, lemon, salt",Condiments
"glutenfree crust, mozzarella and feta style cheeze blend, white sauce, kale, mushroom, caramelized onion, fig, thyme.",Frozen foods
"enriched flour, vegetable oil sugar, pecans, eggs, salt, leavening, soy lecithin .",Snacks
"water, whole wheat flour, vital wheat gluten, oat fiber, grain blend, flax seed meal, soybean oil, yeast, contains less than of each of the following maltitol, sugar, liquid brown sugar, sodium acid pyrophosphate, baking soda, wheat protein isolate, fumaric acid, preservatives, cellulose gum, guar gum, calcium sulfate, xanthan gum, salt, calcium peroxide, enzymes.",Plant-based foods and beverages
"water, organic cane sugar, organic pear juice concentrate, citric acid, ascorbic acid, natural flavor.",Plant-based foods and beverages
"water, sugar, apple cider vinegar, distilled vinegar, bacon, onion, modified corn starch, salt, canola oil, spices, natural smoke flavor, xanthan gum.",Condiments
"carbonated water, lime juice from concentrate, cane sugar, natural lime flavor, ester gum, ascorbic acid .",Beverages
"red jalapeno peppers, water, carrots, onions, vinegar, iodized salt, soybean oil, spices.",Salted snacks
"dried teriyaki chicken strips [chicken breast, soy sauce, brown sugar, water, sunflower oil, vinegar, cultured cane sugar, pineapple juice concentrate, spices and natural flavorings, sodium phosphates, yeast extract, maltodextrin, carrageenan, salt], pumpkin seeds, tree nuts, dried cranberries, sunflower seeds, dried mango, dark chocolate pieces [, sugar, gum arabic, tapioca dextrin, carnauba wax, caramel color].",Snacks
"unbleached enriched wheat flour [flour, barley malt, niacin, iron, thiamin mononitrate, riboflavin, folic acid ], water, sugar, yeast, wheat gluten, contains or less of the following soybean oil, salt, dough conditioners, calcium propionate and sorbic acid, soy flour, yeast nutrients, wheat starch, hydrogenated vegetable oil, soy lecithin .",Plant-based foods and beverages
"corn, corn oil, citric acid, salt.",Snacks
"parmesan cheese, powdered cellulose, potassium sorbate .",Dairies
"sugar, enriched wheat flour bleached, margarine and shortening, leavening, food starchmodified, sucrose maltodextrin, high fructose corn syrup, water, red raspberries, red raspberry seeds, egg whites, whole eggs, contains or less of dextrose, propylene glycol mono & diesters of fatty acids, mono & diglycerides with bht & citric acid as preservatives, salt, nonfat milk solids, sorbitan monostearate, soy lecithin, xanthan gum, cellulose gum, polysorbate, wheat starch, propylene glycol, silicon dioxide palm kernel oil, whey lactose, milk fat, buttermilk, sodium caseinate, partially hydrogenated palm oil, propylene glycol monoesters, monodiglycerides sodium stearoyl lactylate, calcium silicate, citric acid, oranges, lemons, glycerin vanilla, lecithin, phospholipids of soybean guar gum, triethyl citrate, sodium benzoate, gellan gum, red, blue, natural and artificial flavor.",Snacks
"cultured pasteurized reduced fat milk, salt, enzymes, annatto color, vitamin a palmitate.",Dairies
"granola, almonds . contains wheat, almond, milk and coconut ingredients.",Plant-based foods and beverages
"enriched wheat flour, malted barley flour, brown sugar, eggs, butter, pecans, pumpkin puree, pumpkin spice, aluminum free baking powder, and natural vanilla cream flavor.",Snacks
"water, tomatoes, tomato paste, pink beans, kidney beans, onions, green bell peppers, red bell peppers, soy protein concentrate, vegetable broth",Meals
"wheat flour, sugar, cottonseed oil, eggs, water, corn syrup, xanthan gum, glycerin, pecans, sorbitol, nonfat milk, leavening, mono & diglycerides, polyglycerol esters of fatty acids, modified cornstarch, salt, preservatives, propylene glycol, vanilla extract, enrichment .",Snacks
"purified water, green tea, ascorbic acid .",Plant-based foods and beverages
"tomatoes, serrano peppers, onions, tomato juice, cilantro, salt, green onion, garlic powder, citric acid, sodium metabisulfite and potassium sorbate, spice, xanthan gum, calcium chloride.",Condiments
"grassfed beef, bbq sauce, onion, natural smoke flavor), worcestershire sauce, apple cider vinegar, brown sugar, liquid hickory smoke, chipotle pepper, salt, garlic, paprika, black pepper.",Snacks
"sprouted organic pumpkin seeds, himalayan crystal salt and organic unfiltered olive oil.",Plant-based foods and beverages
"organic pasteurized cultured whole and skim milk, salt, enzymes.",Dairies
"water, pear juice concentrate, contains . or less of the following vitamins and minerals, natural flavors, paprika oleoresin .",Beverages
"rice, sugar, salt, malted barley syrup, vitamins and minerals sodium ascorbate, reduced iron, alpha tocopherol acetate, niacinamide, vitamin a palmitate, pyridoxine hydrochloride, thiamin mononitrate, riboflavin, folic acid, vitamin d, vitamin b.",Plant-based foods and beverages
"water, contains or less of sea salt, evaporated cane syrup, celery juice powder, natural smoke flavor.",Meats and their products
"water, whole wheat flour, wheat gluten, golden flax seed flour, oat fiber, nongmo soybean oil, soy flour, tapioca flour, yeast, oat bran, whole grain blend, cultured wheat starch with citric acid, mono and diglycerides, salt, sugar, ascorbic acid, enzymes .",Plant-based foods and beverages
"cabbage, sugar, mayonnaise, carrots, vinegar, onion, salt, ascorbic acid, modified corn starch, sodium erythorbate, citric acid, xanthan gum, sodium benzoate, potassium sorbate, celery seed, white pepper.",Snacks
"nutrition facts amount/serving dv amount/serving dv total fat g total carb. g serving per container sat. fat g fiber og trans fat g total sugars g cholest. mg incl.g added sugars serving size .az sodium mg protein g calories vit. d calcium iron potas. vit.a per ngredients skyr, fruits, cane sugar, thermophilus islandicus"") pectin, natural flavors. contains milk lactobacillus bulgaricus, bifidobacterium stributed by icelandic provisions, new york, ny . grade a d made in the usa with domestic and imported ingredients. www.icelandicprovisions.com cording to the fda, no significant difference has been found hello@icelandicprovisions.com between milk from rbsttreated and nonbst treated cows. skyr",Dairies
"cookie whole grains, sugar, vegetable oil shortening, enriched flour, inulin, raisin paste, wheat gluten, oat fiber, high fructose corn syrup, milk ingredient, molasses, corn syrup, corn starch, leavening, salt, potassium sorbate, natural flavor, cinnamon, xanthan gum, lactic acid, sulfite, soy lecithin . filling sugar, corn syrup, water, blueberry puree, apple puree, yogurt powder, milk ingredient, sorbitol, pectin, citric acid, natural flavor, calcium citrate, blueberry juice concentrate, locust bean gum, potassium sorbate, titanium dioxide color, sulfite, malic acid.",Snacks
"water, sugar, distilled white vinegar, modified food starch, salt, natural sriracha chili sauce flavor, spice, dehydrated garlic, dehydrated onion, natural spice extractives, sodium benzoate and potassium sorbate, citric acid, xanthan gum.",Condiments
"spring water, co, natural flavors.",Beverages
"reducedfat milk, brewed starbucks espresso coffee, sugar, natural flavors, ascorbic acid .",Beverages
organic extra virgin olive oil.,Plant-based foods and beverages
"water, aloe vera pulp, aloe vera juice, pure cane sugar, honey, pure cane juice, citric acid, all natural flavor, stevia.",Plant-based foods and beverages
"sweet peas, water, sugar, salt",Plant-based foods and beverages
"cabbage, salt, and water.",Salted snacks
"milk chocolate {sugar, whole milk, cocoa butter, chocolate, soy lecithin, vanillin }, pecans, corn syrup, dairy cream, condensed milk, sugar, invert sugar, partially hydrogenated palm kernel oil, honey, brown sugar, salt, natural flavors, and soy lecithin .",Snacks
"shrimp, salt, sodium tripolyphosphate.",Seafood
"milk chocolate, sugar, cornstarch, less than corn syrup, dextrin, coloring, artificial and natural flavors, gum acacia.",Snacks
"parmesan cheese made from cow's milk, powdered cellulose, potassium sorbate .",Dairies
"sugar, corn syrup, dextrose, glycerin, gelatin, vegetable gums, artificial flavor, artificial colors .",Snacks
"milk, cream, liquid sugar, white mint fudge swirls [sugar, corn oil, corn starch, nonfat dry milk, mixed triglycerides, salt, natural flavoring, soy lecithin, titanium dioxide ], dark chocolate flavored base [sugar, water, cocoa, corn syrup, cocoa, milkfat, whey, chocolate liquor, egg yolks, monoand diglycerides, cellulose gum, guar gum, carrageenan, dextrose.",Desserts
"water, dextrose, modified corn starch, or less of the following salt, potassium lactate, potassium acetate, sodium diacetate, sodium phosphates, potassium chloride, flavorings, sodium erythorbate, sodium nitrite, caramel colored.",Meats and their products
"pasteurized partskim milk, cheese culture, salt, enzymes.",Dairies
"tomatoes, green onions, green chiles, jalapeno peppers, black olives, habanero peppers, olive oil, vinegar, garlic salt, crushed red peppers.",Condiments
"reduced fat ice cream, wafers .",Desserts
"tomato concentrate, high fructose corn syrup, distilled vinegar, corn syrup, salt, less than of spice, onion powder, natural flavors.",Condiments
"water, high fructose corn syrup, contains or less of the following apple and pear juice from concentrate, citric acid, natural and artificial flavors, sodium benzoate and potassium sorbate, red, yellow, yellow, blue,",Desserts
"sugar, corn syrup, palm oil, condensed skim milk, whey, artificial flavor, soy lecithin .",Snacks
"peanuts, almonds, cashews, filberts, pecans, brazils, vegetable oil, sea salt.",Snacks
"wheat flour, shortening ) powder sugar sugar corn syrup, flat peach puree, egg, corn syrup, grain products, condensed milk dextrin, cheese powder, salt, amide pectin, lecithin ammonium bicarbonate, peach flavor butter flavor sodium bicarbonate, citric acid, dl malic acid, purple sweet potato color defoaming agent .",Snacks
"cultured grade a non fat milk, chicory root fiber, contains less than of water, natural flavors, malic acid, vegetable juice concentrate and beta carotene, stevia leaf extract, sea salt, vitamin d, sodium citrate.",Dairies
"cured with water, salt, sugar, sodium phosphate, natural flavor, sodium erythorbate, sodium nitrite.",Meats and their products
"isomalt, hydrogenated starch hydrolysate, butter, heavy cream salt, natural and artificial flavors, soy lecithin, caramel color, sucralose, acesulfame potassium, soybean oil .",Snacks
"cream, milk, sugar, egg yolks, nonfat dry milk powder, strawberries, vanilla bean paste [sugar, water, vanilla extract, vanilla beans, gum tragacanth ], lemon juice, sea salt, locust bean gum, guar gum, xanthan gum.",Desserts
"filling cooked white meat chicken, water, spinach, tomatoes, artichokes, reduced fat mozzarella cheese, asiago cheese, seasoning, parmesan, asiago and romano cheese blend, isolated soy protein, garlic powder, modified rice starch, chicken flavor, salt, sodium phosphate, oregano, spice, ascorbic acid, citric acid. bread bread, garlic parmesan flavored soybean oil .",Frozen foods
"pasteurized milk, cheese culture, salt, enzymes, annatto .",Dairies
"enriched flour . water. salt, yeast, natural flavor, vitamin e added to preserve freshness, soda.",Snacks
"orville redenbacher's gourmet popping corn, hydrogenated soybean oil, butter, salt, natural and artificial flavours, sucralose, tbhq, citric acid.",Snacks
"roasted peanuts and sugar, molasses, fully hydrogenated rapeseed oil, fully hydrogenated soybean oil, mono and diglycerides, salt",Plant-based foods and beverages
"enriched wheat flour, sugar, salt, vegetable oils, skim milk, lactose, malt, sodium bicarbonate, yeast, titanium dioxide, distilled monoglyceride, cocoa, whey, corn meal, corn bran, whole grain oat flour, molasses, potassium chloride, wheat starch, modified cornstarch, oat fiber, oat extract, dicalcium phosphate, tripotassium phosphate, artificial colors, corn syrup, soy lecithin, wax, dextrin, vanillin, vitamin e added to preserve freshness.",Snacks
"sugar, gelatin, artificial flavoring, sucralose, red, red, blue and acesulfame potassium.",Desserts
"water, apple juice from concentrate, contains or less of the following maltodextrin, citric acid, natural flavors, sodium benzoate and potassium sorbate, stevia extract.",Desserts
"fructose corn syrup, apples, sugar, modified corn starch, salt, soybean and canola oil, cinnamon artificial flavor",Snacks
"chocolate granola clusters, cranberries, honey cinnamon almonds, dark chocolate almonds, soy lecithin, vanilla], almonds, confectioner's glaze, salt).",Snacks
"almonds, spicy dill seasoning, acetic acid), vegetable oil ( almond, canola and or safije contains almonds . peanut free scientific evidence suggests, but does not prove, that eating . ounces per day of most wit diet low in saturated fat and cholesterol may reduce the risk of heart disease see nutriti nutrition amount/serving daily value amount/serving sodium mg total carbohydrate dietary fiber g total sugars g incl. <g added sugars ax protein g calcium mg iron mg",Plant-based foods and beverages
refined peanut oil.,Plant-based foods and beverages
"enriched wheat flour, sugar, shortening, nestle toll house morsels, pink and yellow colored morsels, water, or less of corn syrup solids, eggs, molasses, salt, baking soda, sodium aluminum phosphate, natural flavor, vanilla extract.",Plant-based foods and beverages
"tomato puree, tomatoes, jalapeno peppers, fresh onions, distilled vinegar, salt, dehydrated garlic, natural flavor.",Condiments
organic green pea flour.,Plant-based foods and beverages
"organic nonfat dry milk, vitamin a palmitate, vitamin d.",Plant-based foods and beverages
"tomato concentrate, high fructose corn syrup, distilled vinegar, corn syrup, salt, less than of spice, onion powder, natural flavors.",Condiments
"dark chocolate . sweetened condensed milk, corn syrup, invert sugar, butter, evaporated milk, honey, vanilla extract, salt, natural flavor.",Snacks
"organic wheat flour, water, organic wheat gluten, or less of each sea salt, organic whole wheat flour, organic barley malt extract, yeast",Plant-based foods and beverages
"white grape juice concentrate, strawberries, water, fruit pectin, citric acid, calcium.",Plant-based foods and beverages
"spirit vinegar, red chili, green chili, yellow chili, salt, sodium benzoate, sodium sulfite, citric acid, and potassium sorbate.",Condiments
"sea salt, mustard seed, paprika, granulated garlic, aniseed, black pepper, dehydrated minced onion, fennel seed, coriander seed, sage, thyme, rosemary.",Plant-based foods and beverages
"almonds, sunflower seeds, pumpkin seeds, maple syrup, cashew kernels, seedless raisins, flaxseed, cinnamon, coconut oil, desiccated coconut, vanilla extract",Plant-based foods and beverages
"sugar, corn syrup, peppermint oil, red, red lake.",Snacks
"pasteurized cultured milk and cream, onion, leeks, chive, salt, sugar, cilantro, rice starch, vinegar, molasses, tomato, horseradish, spices, paprika turmeric . guar gum, sorbic acid, carob bean gum.",Dairies
"basil, extra virgin olive oil, canola oil, parmesan cheese, lemon juice, garlic, pine nuts, salt, spices.",Condiments
"chicken broth, carrots, cooked white chicken meat, cooked wild rice, cooked rice, tomatoes, celery, contains less than of corn protein, water, modified food starch, salt, carrot puree, potassium chloride, onion powder, sugar, soy protein isolate, tomato extract, sodium phosphate, garlic powder, dried parsley, calcium chloride, citric acid, maltodextrin, flavoring, natural flavor, beta carotene",Meals
"enriched corn meal, vegetable oil, cheddar jalapeno seasoning, and salt. contains milk ingredients.",Snacks
"filtered water, high fructose corn syrup, passion fruit juice from concentrate, lemon juice from concentrate, grape juice from concentrate, citric acid, natural flavor, ascorbic acid, beta carotene .",Beverages
"cheddar cheese, water, cream, whey, sodium phosphate, bacon, calcium propionate, apocarotenal for color.",Dairies
"enriched flour, water, yeast, sugar, contains or less of the following soybean oil, salt, wheat gluten, calcium sulfate, cultured wheat flour, wheat flour, vinegar, guar gum, calcium carbonate, datem, monoglycerides, dried yeast, enzymes, ascorbic acid, ascorbic acid, citric acid .",Plant-based foods and beverages
"corn starch, rice flour, palm oil, sunflower lecithin, dried cane syrup, dextrose, salt, inactived yeast, xanthan gum, cellulose powder, guar gum, baking soda, monocalcium phosphate",Snacks
"water, mustard seed, distilled white vinegar, salt.",Condiments
"pork, sea salt, contains less than of the following natural flavoring, turbinado sugar, garlic, lactic acid starter culture, celery powder, wine.",Snacks
"albacore tuna, water, sea salt.",Seafood
"partially hydrogenated vegetable oil, sugar, corn syrup solids, instant coffee, sodium caseinate, salt, natural flavors, cocoa, dipotassium phosphate, mono and diglycerides, silicon dioxide, soy lecithin, artificial color, sucralose.",Beverages
"water, grapefruit juice, sugar, cranberry juice, citric acid, natural flavors, ascorbic acid, fruit and vegetable juice .",Plant-based foods and beverages
"unbleached enriched wheat flour [ wheat flour, malted barley flour, niacin, iron, thiamin mononitrate, riboflavin, folic acid], water, cornmeal, canola oil, wheat bran, red onions, salt, garlic, olive oil, basil, vitamin e",Snacks
"organic corn, water",Plant-based foods and beverages
"cultured pasteurized goat milk, salt and microbial enzymes.",Dairies
"water, sugar, whey, high fructose corn syrup, corn syrup, cream, fruit purees, citric acid, dextrose, guar gum, carbohydrate gum, carob bean gum, polysorbate, yellow, yellow, blue .",Desserts
"wheat flour, water, salt.",Plant-based foods and beverages
"milk, skim milk, cream, sugar, chocolaty chips, corn syrup, contains or less of carob bean gum, guar gum, mono & diglycerides, carrageenan, cellulose gum, cellulose gel, redistilled oil of peppermint, yellow, blue .",Desserts
"water, black mustard seeds, vinegar, salt, citric acid.",Condiments
"corn syrup, sugar, gelatin, citric acid, sorbitol, natural and artificial flavors, titanium dioxide, fd&c red #, vegetable oil, carnauba wax .",Snacks
"water. sugar, distilled mfacts sacts vinegar, modified corn starch, less than of salt, pineapple juice concentratë. seorteiner dried red bell peppers, oleoresin paprika a delicos ki crispy sie hsp g)",Condiments
"chicken breast, water, sugar, sunflower oil, tomato paste, cultured cane sugar, less than of honey, tomato powder, salt, dried vinegar, dextrose, molasses powder, sodium phosphates, carrageenan, vinegar, lactic acid starter culture, flavor, spices and natural flavorings.",Snacks
"pasteurized skim milk, organic agave nectar, madagascar bourbon vanilla, fruit pectin, live active cultures",Dairies
"pasteurized nonfat milk, sugar, salted butter caramel sauce, expeller pressed coconut oil, dextrose, glucose syrup, dulce de leche, organic guar gum, organic locust bean gum, salt, caramelized sugar, natural flavor.",Desserts
"coconut extract, water",Plant-based foods and beverages
"heavy cream, milk, contains less than . of monoand diglycerides, polysorbate, carrageenan.",Dairies
"boneless fried white meat chicken patties, mashed potatoes, corn, brownie, seasoned sauce . contains wheat, soy, milk, eggs .",Meats and their products
"whole grain rolled oats, sugar, cranberries, milled flaxseed, salt, calcium carbonate, guar gum, natural flavors, reduced iron, niacinamide, vitamin a palmitate, pyridoxine hydrochloride, riboflavin, thiamin mononitrate, folic acid.",Plant-based foods and beverages
"roasted peanuts, sugar, hydrogenated vegetable oil, salt, dextrose.",Plant-based foods and beverages
"wheat flour, malted barley flour, niacin, reduced iron, thiamine mononitrate, riboflavin, folic acid, sugar, soybean oil, palm oil, egg whites, mono and diglycerides, sodium benzoate, vitamin a palmitate, beta carotene, sprinkles, nonpareils, corn starch, corn syrup, citric acid, soy lecithin, vanillin, confectioners glaze, carnauba wax, chocolate fudge, water, cocoa, natural and artificial flavors, salt, whey [from milk] and colors includes yellow #, red # blue #, yellow #, red # and blue #].",Snacks
"pumpkin seeds, potato starch, salt.",Plant-based foods and beverages
"vinegar, water, mustard seed, salt, turmeric, paprika.",Condiments
black on facts servings per container peppercorns.,Plant-based foods and beverages
"filtered water, cane sugar, mango juice concentrate, citric acid, natural flavors, zyn proprietary blend, vitamin c, guar gum, organic stevia leaf extract, vitamin d",Beverages
"tomatillos, roasted jalapeno peppers, roasted tomato puree, water, onions, salt, distilled vinegar, lime juice, cilantro, garlic, cumin, natural flavor.",Condiments
organic virgin coconut oil.,Plant-based foods and beverages
"petite diced tomatoes, tomato paste, water, green peppers, onions, jalapeno peppers, lime juice, apple cider vinegar, garlic, sea salt, garlic powder, cilantro, cumin, parsley, habanero powder.",Condiments
"cooked basmati rice basmati rice, caramelized onion, mint, natural indian style chicken base . masala sauce unpeeled ground tomatoes in puree, water, onion, butternut squash, garlic, ginger, red pepper, salted butter, canola oil, cashews, salt, black pepper, cumin, cinnamon, coriander, green cardamom, cloves, fenugreek, bay leaves. seasoned and roasted chicken thigh meat boneless skinless chicken thighs, seasoning, water, tapioca starch, salt. dry roasted cashews. raita delight freeze dried cucumber, spices, salt, sugar.",Frozen foods
"cultured pasteurized grade a nonfat milk, whey, modified corn starch, salt, tricalcium phosphate, maltodextrin, citric acid, lactic acid, phosphoric acid, potassium chloride, sodium gluconate, carob bean gum, guar gum, carrageenan, vitamin a palmitate.",Dairies
"corn syrup, sugar, vegetable oil, egg whites, salt, natural and artificial flavor, yellow, yellow, red .",Snacks
"roasted peppers, eggplants, salt, oil, stabilizer, sugar, vinegar.",Salted snacks
"soy protein crisps, prebiotic dietary vegetable fiber, gluten free rainbow sprinkles, yogurt coating, milk protein isolate, maize dextrin, canola oil, vegetable glycerine, water, natural flavor, vitamin/mineral blend, soy lecithin, sea salt, xanthan gum, sucralose.",Snacks
"dry roasted peanuts, sugar, hydrogenated rapeseed oil, salt.",Plant-based foods and beverages
"granola, corn syrup, semi sweet chocolate chips, brown crisp rice, invert syrup, corn syrup solids, glycerin, brown sugar, canola oil, sugar, sorbitol, calcium carbonate, salt, soy lecithin, natural and artificial flavors, mixed tocopherols, almond flour, peanut flour, toasted coconut.",Snacks
"water, dairy protein blend, cocoa powder, cream, sunflower oil, soy protein isolate, cellulose gel, natural and artificial flavors, dipotassium phosphate, vitamin mineral mix [calcium phosphate, sodium ascorbate, zinc gluconate, dlalphatocopheryl acetate, niacinamide, manganese gluconate, dcalcium pantothenate, pyridoxine hydrochloride, thiamin hydrochloride, riboflavin, chromium chloride, folic acid, biotin, potassium iodide, sodium molybdate, sodium selenite, phylloquinone, cyanocobalamin, cholecalciferol ], sodium hexametaphosphate, cellulose gum, salt, carrageenan, acesulfame potassium, sucralose.",Beverages
"milk chocolate, sugar, honey, baking soda, sea salt",Snacks
"dehydrated spinach, onion and garlic, maltrodextrin, hydrolyzed soy protein, spinach powder, salt and spice.",Condiments
"dijon mustard, cane sugar, distilled vinegar, water, vidalia onions, onion powder, xanthan gum, natural flavoring, curry powder, turmeric powder.",Condiments
"milk, vitamin d.",Dairies
"whole grain oats, honey, canola oil, light brown sugar, dried blueberries, ground golden flax seed, vanilla extract, cinnamon, salt.",Plant-based foods and beverages
"cultured pasteurized grade a nonfat milk, fruit blend . contains . or less of potassium sorbate, yogurt cultures, natural flavor.",Dairies
"cucumbers, high fructose corn syrup, vinegar, water, salt, calcium chloride, alum, sodium benzoate, natural flavors, polysorbate, yellow .",Salted snacks
"prepared navy beans, water, salt, calcium chloride.",Plant-based foods and beverages
"cauliflower, high oleic sunflower and/or safflower oil, maltodextrin, spices, sea salt, raw cane sugar, onion powder, garlic powder, flavor, yeast extract, white distilled vinegar, tomato powder, lactic acid, citric acid, natural flavor, sunflower oil",Snacks
"water, whole grain parboiled brown rice, red rice less than of natural flavors, spices, parsley, maltodextrin, spinach, sunflower oilt, citric contributes to a daily diet., calories a day is used for general nutrition advice. wild rice, canola oil†, yeast extract, salt, onion, sugar, torula yeast, garlic total sugars incl. added sugars g <g g g protein omcg mg .mg mg omcg mg vitamin d calcium iron mg al™ tm potassium the daily value tells you how much a nutrient in a serving of food contributes to a daily diet., calories a day is used for general nutrion hind d out better, fer wild rice, canola oilt, yeast extract, salt, onion"", sugar, torula yeastd e acid, mushroom, celery . dried. † adds a trivial amount of saturated fat. contains bioengineered food ingredients. may contain wheat . n more. anada dus. llc .",Plant-based foods and beverages
"milk chocolate, hazelnuts, gum acacia, sugar, confectioner's glaze.",Snacks
"peanuts, cashews, almonds, sugar, filberts, pecans, honey, vegetable oil, salt, modified potato starch, maltodextrin, xanthan gum.",Snacks
"organic flax/hemp cream, og brown rice solids, og brown rice syrup, og tapioca, nongmo sunflower lecithin, himalayan salt, og guar gum, xanthan gum.",Plant-based foods and beverages
"contains pure juice from grape and/or apple, pomegranate and red grape juice concentrates, sparkling water, natural flavors, and the following bcomplex vitamins niacinamide and vitamin b. carbonation added.",Plant-based foods and beverages
"corn syrup, sugar, water, modified corn starch, gelatin ; less than of citric acid, natural and artificial flavors, mineral oil, colors, carnauba wax.",Snacks
"white turkey, water, corn syrup, salt, modified corn starch, or less of the following potassium lactate, potassium acetate, sodium diacetate, sodium phosphates, flavorings, sodium erythorbate, sodium nitrite.",Meats and their products
"beef stock, toasted barley, carrots, potatoes, tomato puree, seasoned beef, celery, peas, modified food starch, contains less than of beef stock, salt, seasoned beef crumble, yeast extract, onions, maltodextrin, caramel color, hydrolyzed soy protein, water, beef tallow, flavoring, hydrolyzed wheat gluten, dextrose, onion extract, celery extract, beef fat, beef, garlic extract, beef stock, dried",Meals
"pasteurized milk, cheese culture, salt, enzymes.",Dairies
"organic sesame seeds, salt",Plant-based foods and beverages
"roasted tomatoes, filtered water, mango, diced tomatoes, onion, tomato paste, garlic, salt, habanero, cilantro, organic distilled vinegar, evaporated cane sugar, apple cider vinegar, passion fruit juice concentrate, key lime puree, xanthan gum.",Condiments
"fruit, high fructose corn syrup, corn syrup, sugar, pectin and citric acid.",Plant-based foods and beverages
"prepared black beans, water, salt, onion powder, spices, maltodextrin, garlic powder, and natural flavor.",Plant-based foods and beverages
"cucumbers, water, vinegar, salt, calcium chloride, sodium benzoate, natural flavors, polysorbate, and turmeric",Plant-based foods and beverages
"cacao beans, whole cane sugar, cacao butter, mango, juniper berries, soy lecithin .",Snacks
"potatoes, sunflower oil, tomato, maltodextrin, organic dried cane syrup, dehydrated garlic, salt, spices, paprika, citric acid.",Snacks
"water, banana puree, concentrated pear puree, concentrated juices of apple and pear, concentrated strawberry puree, natural flavor, tomato extract, ascorbic acid, citric acid.",Plant-based foods and beverages
"whole grain nongmo pop corn, partially hydrogenated soybean oil, salt, natural flavors, annatto for coloring, soy lecithin",Snacks
"nonfat milk, sugar, cultured lowfat milk, buttermilk, corn syrup, microcrystalline cellulose mono & diglycerides, natural flavors, guar gum, carrageenan, cellulose gum, cultured with live viable strains of l. bulgaricus and s. thermophilus.",Desserts
"popcorn, sunflower oil, palm oil and sea salt",Snacks
"tomatoes, cooked pasta, water, meatballs, high fructose corn syrup, less than of modified corn starch, salt, dehydrated onion, hydrolyzed corn and wheat gluten and soy protein, citric acid, flavorings, enzyme modified cheese, soybean oil, contains egg, milk, soy, wheat",Plant-based foods and beverages
"sugar, corn flour, corn meal, corn syrup, canola oil, cocoa, calcium carbonate, salt, caramel color, trisodium phosphate, natural and artificial flavor. bht . vitamins and minerals ferric orthophosphate, niacinamide, zinc oxide, thiamin mononitrate, calcium pantothenate, pyridoxine hydrochloride, folic acid.",Plant-based foods and beverages
organic coconut oil.,Plant-based foods and beverages
"reconstituted vegetable juice blend, reconstituted fruit juice blend, mango puree, natural flavors, ascorbic acid, citric acid, pectin, vitamin a palmitate.",Plant-based foods and beverages
"spices, sea salt, orange and lemon peel, dehydrated garlic and onion, citric acid.",Condiments
"enriched bleached flour, sugar, vegetable shortening with preservative, contains or less of leavening, natural and artificial flavor, corn starch, salt.",Snacks
"enriched flour, soybean oil, white cheddar cheese . contains or less of salt, paprika, yeast, baking soda, paprika extract color, turmeric extract color, annatto extract color, soy lecithin . contains wheat, milk and soy ingredients.",Snacks
"enriched wheat flour, peanut butter, salt, contains less than of high oleic canola oil and/or soybean oil, corn syrup, barley malt extract, leavening .",Snacks
"icing, cane sugar, white rice flour, tapioca starch, water, whole eggs, sweet rice flour, nonhydrogenated shortening, fructooligosaccharide, yeast, pea protein, egg whites, xanthan gum, fruit concentrate, salt, rice bran extract, cellulose, leavening, glucono delta lactone, sodium bicarbonate, nutmeg.",Snacks
"soy protein isolate, organic tapioca syrup, organic blue agave syrup, organic dried cane syrup, fractionated palm kernel oil, glycerine, cocoa, organic cocoa, unsweetened chocolate, omega blend, organic agave inulin, high oleic safflower oil, organic soy protein isolate, sugar, natural flavor, tapioca starch, yerba mate extract, salt, soy lecithin, cocoa butter, rosemary extract.",Snacks
"dried potatoes, potato starch, sunflower oil, tomato powder, spinach powder, salt, canola and/or sunflower oil, seasoning, sugar, red beet powder, broccoli powder, carrot powder, nutrients from a proprietary blend of vegetables, paprika, and turmeric.",Snacks
"sugar, roasted peanuts, corn syrup, hydrogenated palm kernel and coconut oil, cocoa, high fructose corn syrup, nonfat milk, glycerin, dairy products solids, and less than of dextrose, salt, soy lecithin, soybean oil, carrageenan, tbhq and citric acid, lactic acid esters.",Snacks
"wax beans, water, salt.",Plant-based foods and beverages
"milk, salt, enzymes",Dairies
"crust, water, reduced fat mozzarella cheese, pepperoni, tomato paste, or less of parmesan, asiago, and romano cheese blend, potato maltodextrin, salt, sugar, modified cornstarch, spices, basil, dried garlic.",Meals
"corn syrup, sugar, modified corn starch, apple juice concentrate, corn starch, high oleic canola oil, contains less than of malic acid, natural and artificial flavors, ascorbic acid, white mineral oil, carnauba wax, red, grape juice concentrate, strawberry juice concentrate, orange juice concentrate, raspberry juice concentrate, blue, yellow, yellow .",Snacks
"sugar, citric acid, instant tea, caramel color, natural lemon flavor with other natural flavors, artificial color .",Beverages
"milk, dipotassium phosphate, carrageenan, vitamin d.",Dairies
"sugar, enriched flour, canola and/or soybean and/or palm oil, cocoa, cornstarch soy lecithin, natural and artificial chocolate flavor, natural and artificial vanilla flavor.",Snacks
"water, tomato paste, red jalapeno peppers, sugar, chipotle peppers, distilled vinegar, garlic, salt, worcestershire sauce, corn starch, lemon juice concentrate, spices, natural flavor.",Condiments
"white pop corn, palm oil salt, natural flavour",Snacks
"sugar, canola oil, whole eggs, chocolate powder, wheat flour, water, glycerol and xanthan gum, cocoa powder, diphosphates and sodium carbonate, wheat starch, potassium sorbate, salt.",Snacks
"enriched unbleached flour, water, high fructose corn syrup, yeast, contains less than of the following soybean oil, salt, wheat gluten, monocalcium phosphate, acetic acid, lactic acid, dough conditioners, calcium propionate .",Plant-based foods and beverages
"beef, water, textured soy protein, soy protein concentrate, romano cheese, dehydrated garlic and onion, contains or less of each of the following cheese powder, natural and artificial flavor, powdered cellulose, salt, spices, sugar, whey powder, yeast extract.",Meats and their products
"partially hydrogenated vegetable oil, sugar, corn syrup solids, instant coffee, sodium caseinate, salt, natural and artificial flavors, cocoa, dipotassium phosphate, cornstarch, monoand diglycerides, silicon dioxide, soy lecithin, artificial color, sucralose.",Beverages
"peanuts, almonds, cashews, filberts, pecans, brazil nuts, vegetable oil, sea salt.",Snacks
"sea salt, chili.",Condiments
"pork, sea salt, contains less than of the following natural flavoring, natural smoke flavor, turbinado sugar, wine, garlic, celery powder, lactic acid starter culture.",Meats and their products
"enriched flour [unbleached wheat flour, malted barley flour, reduced iron, thiamine mononitrate, riboflavin, niacin, folic acid], water, yeast, high fructose corn syrup, wheat bran, wheat gluten, soybean oil, whole grain wheat flour, molasses, whole grain oatmeal, salt, rye flour, barley flakes, vinegar, sodium stearoyl lactylate, calcium propionate, modified whey, monoglycerides, wheat starch, calcium sulfate, citric acid, ascorbic acid, soy lecithin",Plant-based foods and beverages
"icing sugar, sugar, vegetable oil shortening, strawberry filling, bleached enriched wheat flour, soybean and/or canola oil, eggs, strawberry flavor compound, water, corn syrup, pink sugar topping, modified food starch, whey, wheat gluten, baking powder, salt, butter, natural and artificial flavors, datem, red ).",Snacks
"soybean oil, high fructose corn syrup, water, honey, vinegar, sugar, salt, mustard flour, lemon juice concentrate, apple juice concentrate, dehydrated onion, xanthan gum, spices, caramel color, red pepper, less than / of sodium benzoate as a preserv",Condiments
"pasteurized milk, cheese culture, salt, enzymes, annatto",Dairies
"peanuts, pure water, tapioca syrup, grain syrup, vegetable glycerine, dehydrated cane juice, maple syrup, natural bacon flavor, natural colors and flavors, salt, calcium carbonate, lecithin, tocopherol, sodium ascorbate .",Plant-based foods and beverages
"fresh onion, water, tomatoes, tomato paste, compressed canola oil, fresh garlic puree, fresh ginger puree, corinder, ground fennel, turmeric, paprika, onion seeds, fenugreek, cayenne pepper, nutmeg, black pepper, cinnamon, cloves ground, nutmeg, cilantro, salt & citric acid.",Condiments
"matzo meal, onion, salt, paprika, brown sugar, vegetable shortening, potato starch, garlic, white pepper, parsley, citric acid, celery seed.",Condiments
"mussels, water, sunflower oil, palm shortening, garlic, parsley, guar gum, potassium sorbate, butter flavoring .",Seafood
"diced tomatoes, tomato juice, green jalapeno chile peppers, salt, vinegar, calcium chloride, citric acid, spices, cilantro.",Plant-based foods and beverages
"sugar, creamer, dipotassium phosphate, contains or less of each of the following mono and diglycerides, silicon dioxide), whey, dutch cocoa, salt, cellulose gum, natural flavors, sodium citrate.",Beverages
"chick peas, blend of one or more oils, fresh garlic, lemon juices, lemon salt, pepper, salt and spices.",Condiments
"cultured pasteurized reduced fat milk, salt, enzymes, anticake natamycin (a natural mold inhibitor.",Dairies
"diced tomatoes, fresh onions, tomato concentrate, lime juice, lemon juice, fresh garlic, salt, fresh jalapenos, sugar, a special blend of herbs and spices.",Condiments
"coconut water, lychee juice, sugar, natural flavor, citric acid",Plant-based foods and beverages
"cultured milk, salt, enzymes, annatto .",Dairies
"milk chocolate, crisped rice .",Snacks
"pasteurized whole milk, cheese culture, salt, enzymes.",Dairies
"lime juice, orange juice, garlic, salt, spices.",Condiments
"peaches, sugar, fruit pectin, citric acid, habanero extract.",Plant-based foods and beverages
"soy sauce, water, cane sugar, molasses, cornstarch, bourbon, spice, garlic, onion, lemon juice concentrate, xanthan gum.",Condiments
"wheat flour, prawn, palm oil, shrimp seasoning, sugar, salt, pepper, monosodium glutamate.",Snacks
"sugar, glucose, citric acid, artificial flavors, artificial colors, fd&c yellow # & #, red #, and blue #.",Snacks
"canola oil, soy lecithin, dimethyl silicone .",Plant-based foods and beverages
"water, high fructose corn syrup, citric acid, lemon juice concentrate, sodium polyphosphates, potassium benzoate and potassium sorbate, gum arabic, salt, glycerol ester of rosin, natural flavor, acesulfame potassium, sucralose, calcium disodium edta, red .",Beverages
"water, orange juice concentrate from usa, brazil and/or mexico.",Plant-based foods and beverages
"beef and pork, water, pasteurized process american, monterey jack, and swiss cheese with jalapeno peppers, textured soy flour, partskimmed mozzarella cheese, breadcrumbs, soy protein concentrate, seasoning, salt, vinegar solids, natural flavors, jalapeno peppers, red peppers, food starchmodified, sodium phosphate.",Frozen foods
"sugar, enriched bleached wheat flour, eggs, soybean oil, vegetable shortening, water, modified food starch, whey, leavening, salt, vital wheat gluten, propylene glycol mono & diesters of fatty acids, mono & diglycerides, sodium stearoyl lactylate, dextrose, corn starch, vanilla extract, tricalcium phosphate, natural and artificial flavors, wheat starch, alpha tocopherols, silicon dioxide, citric acid, artificial colors, potassium sorbate and sodium benzoate .",Snacks
"almond butter, maple syrup, organic nonfat dry milk, organic honey, almond slices, organic dried whole egg powder, organic rice protein, organic flax seed oil, organic sunflower seed oil, organic sesame seed oil, organic olive oil, organic pumpkin seed oil, dried whole food powders .",Snacks
"enriched flour, water, cheddar and other natural cheese, sugar, whey, milkfat, canola oil, contains or less of maltodextrin, sodium phosphate, corn syrup solids, salt, partially hydrogenated soybean oil, lactic acid, sorbic acid, apocarotenal, xanthan gum, yeast extract, sodium bicarbonate, sodium alginate, natural flavor, distilled monoglycerides, ascorbic acid, citric acid.",Dairies
"cooked chickpeas, tahini, sun dried tomatoes, basil, olive oil, garlic, salt, lemon juice.",Condiments
"cultured pasteurized grade a lowfat milk, sugar, casein, whey protein, native starch, kosher gelatin, fruit & vegetable juice concentrate, pectin, natural flavor, locust bean gum, vitamin a acetate, vitamin d, tricalcium phosphate.",Dairies
"organic tomato puree, organic diced tomatoes in organic tomato juice, organic roasted garlic, organic sugar, sea salt, organic soybean oil, organic extra virgin olive oil, organic dried onion, organic spices, organic dried garlic.",Condiments
"water, strawberries, sugar, carob bean gum, guar gum, citric acid, color, natural flavors, ascorbic acid .",Desserts
"baked potato with shell, broccoli, water, cheddar cheese, contains less than of soybean oil, salt, whey, hydrogenated cottonseed oil, mono and diglycerides, soy lecithin, sodium benzoate, artificial flavor, beta carotene, vitamin a palmitate, granular and blue cheese blend, partially hydrogenated soybean oil, whey protein concentrate, lactose, maltodextrin, sodium phosphate, citric acid, lactic acid.",Frozen foods
"contains pepper sauce, ketchup, garlic salt, spices, oregano, thyme, rosemary.",Condiments
"onion, soybean oil and or palm oil, wheat flour, salt.",Plant-based foods and beverages
"whole wheat flour, whole rolled oats, cane sugar, wheat bran, wheat gluten, expeller pressed canola, safflower seed and/or sunflower seed oil, pea protein, barley malt syrup, pea protein crisps, brown rice syrup, puffed barley, powdered sugar, hemp seed, salt, cinnamon bark, almonds, coconut, mixed tocopherols added to maintain freshness.",Plant-based foods and beverages
"potatoes, bleached wheat flour, cheddar cheese, soybean oil, sour cream . contains less than of the following artificial colors including yellow and yellow, ascorbic acid, bacon, barley malt, citric acid, corn flour, dehydrated cheese blend, dextrose, dried chives, dried eggs, dried whey, lactic acid, lactose, leavening, maltodextrin, milk protein concentrate, modified corn starch, natural flavors, onions, palm oil, partially hydrogenated soybean oil, salt, sodium alginate, sodium phosphate, soy flour, spices, water, whey protein concentrate, yeast.",Frozen foods
"potatoes, safflower and/or sunflower and/or canola oil, sea salt",Plant-based foods and beverages
"crust, sauce, pepperoni, whole milk mozzarella cheese, fontina cheese, parmesan cheese, contains or less of dehydrated garlic, dried basil, dried oregano.",Meals
"brown rice flour, gluten free oats, corn flour, potato starch, olive oil, potato granules, long grain white rice flour, cane sugar. contains less than of amaranth, bakers yeast, sea salt, black olive pieces, black pepper, leavening, natural butter flavor, onion powder, parsley flakes, raw cane sugar, salt, sunflower lecithin, yeast .",Snacks
"boneless skinless chicken breast, water, seasoning, salt, sugar, spices including paprika, spice extractive, rice starch, breaded with wheat flour, sugar, salt, spices including paprika, leavening, cream of tartar, sodium bicarbonate, breading set in vegetable oil",Meats and their products
"beef, organic wheat free tamari, organic dark brown sugar, white vinegar, honey, molasses, ginger, garlic, organic onion powder, organic garlic powder, untreated salt, organic cumin, organic red pepper, organic clove",Snacks
"yellow corn, vegetable oil, salt.",Snacks
"dextrose, corn syrup, cornstarch, citric acid, magnesium stearate, maltodextrin, artificial flavor, shellac, gum arabic, carnauba wax, titanium dioxide, blue lake.",Snacks
"consist of chocolate {sugar, chocolate, chocolate processed with alkali, cocoa butter, whole milk, milk fat, soy lecithin, vanillin }, corn syrup, sugar, brown sugar, coconut with sodium metabisulfite, dairy cream, condensed milk, partially hydrogenated palm kernel oil, whole milk, nonfat milk solids, butter, molasses, nuts, cherries {cherries, corn syrup, water, sugar, citric acid, sodium benzoate and potassium sorbate, sulfur dioxide, fd&c red #}, invert sugar, sorbitol, salt, cocoa powder, raisins, apricots with sulfur dioxide, honey, egg albumen, natural and artificial flavors, soy lecithin, spice, tocopherols, mono and diglycerides with citric acid, tapioca flour, fd&c colors, sodium benzoate and potassium sorbate, and invertase .",Snacks
"milkfat and nonfat milk, sugar, peanut butter, swirl [powdered sugar, peanuts, corn oil, coconut oil, salt, soy lecithin ], corn syrup, cocoa processed with alkali, whey and whey protein, stabilizer",Desserts
"sugar, corn syrup, dextrose, malic acid, and less than of maltodextrin, citric acid, sodium lactate, artificial and natural flavors, color added, red, red lake, yellow, blue .",Snacks
crushed red pepper.,Plant-based foods and beverages
"water, high fructose corn syrup, citric acid, natural and artificial flavors, sodium citrate, acesulfame potassium, sucralose, vitamin e acetate, niacin, pantothenic acid, vitamin b, vitamin b, biotin",Beverages
"milk chocolate, coconut oil, salt, sweet orange oil, almonds .",Snacks
"ramen brown rice flour, white rice flour, organic wakame, soup pack tamari powder, dried vegetables, sugar, green scallion powder, salt, spice",Plant-based foods and beverages
"vegetable stock, ground tomatoes, tomato paste, onions, green lentils, red lentils, diced tomatoes, navy beans, carrots, red pepper, leeks, garlic, olive oil, curry powder, herbs, spices.",Frozen foods
"garbanzo beans, safflower oil, roasted red bell peppers, tahini, lemon juice, wheatfree tamari, distilled white vinegar, cumin, garlic, black pepper, acacia, celtic sea salt.",Condiments
"monterey jack cheese, colby cheese, cheddar cheese, taco spice blend . contains sulfiting agents.",Dairies
"cultured milk, s. thermophilus, l. bulgaricus, l. acidophilus, bifidus, l. casei.",Dairies
"rice crackers [glutinous rice, soy sauce, sugar, glucose, corn starch, water, seaweed, sesame, chilli, caramel, paprika), walnuts, unsalted almonds, filberts turkish, green peas, cajun sticks, and salt.",Snacks
"popping corn, palm oil, salt, less than of color added, natural flavor, tbhq and citric acid . contains milk .",Snacks
"enriched bleached wheat flour, sugar, canola and/or soybean and/or palm oil, dark chocolate flavored confectionary chip, high fructose corn syrup, corn syrup, contains or less of salt, baking soda whey, eggs, natural and artificial flavors, caramel color, cocoa, baking powder .",Snacks
"water, sugar, corn syrup, orange puree, nonfat milk whey, cream, citric acid, carob bean gum, guar gum, mono & diglycerides, methyl cellulose, pectin, annatto, artificial color .",Desserts
"parmesan cheese, potato starch and powdered cellulose added to prevent caking, natamycin",Dairies
"green olives, water, salt, thyme, citric acid.",Salted snacks
"organic tomatoes, organic tomato juice, calcium chloride, citric acid",Plant-based foods and beverages
"corn syrup, sugar, cornstarch, modified cornstarch, natural & artificial flavors, fd&c red, yellow, yellow, blue, red .",Snacks
"enriched flour, rice flour, soybean oil, white cheddar cheese . contains or less of salt, wheat flour, soy lecithin, paprika color, leavening, whey, buttermilk, monosodium glutamate, sugar, autolyzed yeast extract, citric acid, onion powder, garlic powder, paprika extract color, sodium diacetate, yeast extract, cheddar cheese, spices, lactic acid, ground celery seed, red pepper, natural flavor, disodium inosinate, disodium guanylate.",Snacks
"soybean oil, water, distilled vinegar, corn syrup, mustard seed, honey, modified corn starch, egg yolks, sugar, salt, spices, flavorings, white wine, cider vinegar, citric acid, tartaric acid, potassium sorbate and sodium benzoate, xanthan gum, paprika, caramel coloring, fd&c yellow #, and calcium disodium edta to protect flavor.",Condiments
"mango nectar made from mango puree. water, sugar, citric acid and ascorbic acid. fruit",Plant-based foods and beverages
"durum wheat semolina., contains wheat . may contain egg, soy .",Plant-based foods and beverages
"boneless skinless chicken breast with rib meat, water, wheat flour, yellow corn flour. contains or less of the following isolated soy protein, sea salt, corn starch, distilled vinegar, natural chicken flavor, sugar, leavening, yeast, spices, canola oil, salt, natural flavor, garlic powder, onion powder, guar gum, extractive of paprika, flax meal.",Frozen foods
"whole grain wheat, sugar, gelatin, vitamin e to preserve freshness.",Plant-based foods and beverages
"coconuts, sugar, salt.",Snacks
"beef, water, textured soy protein, onions, defatted soy flour, contains or less of each of the following black pepper, corn syrup solids, dehydrated garlic, dehydrated onions, grill flavor, maltodextrin, natural flavorings, parsley flakes, romano cheese made from sheep's milk, salt, soy protein concentrate, sugar, turmeric oleoresin color, white pepper.",Meats and their products
"organic whole grain wheat, organic cane sugar, organic whole grain brown rice, organic oat hull fiber, organic cinnamon, calcium carbonate, sea salt, tocopherols .",Plant-based foods and beverages
"enriched flour, vegetable oil, cheese made with skim milk, contains two percent or less of salt, paprika, yeast, paprika oleoresin for color, soy lecithin .",Snacks
"green split peas, carrots, onion, celery, red & green bell peppers, tomato, garlic, parsley, chervil, tarragon, chives, bay leaf",Meals
"organic sprouted wheat, filtered water, organic sprouted barley, organic sprouted millet, organic malted barley, organic sprouted lentils, organic sprouted soybeans, organic sprouted spelt, yeast, organic wheat gluten, sea salt, organic sesame seeds.",Plant-based foods and beverages
"apple juice concentrate, filtered water, grape juice concentrate, pomegranate juice concentrate, cherry juice concentrate, citric acid, natural flavors, ascorbic acid .",Plant-based foods and beverages
"water, glycerin, maltodextrin, contains percent of the following citric acid, guar gum, aspartame, natural flavor, acesulfame potassium, locust bean gum, ascorbic acid, red .",Desserts
"star fruit, cane sugar, citric acid, sulfur dioxide.",Snacks
"pork, water, seasoning, vinegar, salt, citric acid, bht, tbhq.",Meats and their products
"strips filtered water, soy protein isolate & concentrate, organic okara, sunflower oil, yeast extract, tapioca starch, sea salt, spices. sauce filtered water, organic tomato paste, onion, organic cane syrup, sunflower oil, garlic, tapioca starch, lemon juice concentrate, sea salt, chipotle pepper, turmeric, natural flavor, spice.",Plant-based foods and beverages
"sugar, corn syrup, modified food starch, confectioner's glaze, citric acid, natural and artificial flavors, acacia, white mineral oil, sodium citrate, carnauba wax, titanium dioxide [color], yellow, red .",Snacks
"strawberries, figs, pure cane sugar, lemon juice, strawberry flavoring",Plant-based foods and beverages
"crushed tomatoes, pinto beans, sour cream, chickpeas, cheddar cheese, water, sweet onions, canola olive oil blend, cider vinegar, jalapeno peppers, green pepper, avocado pulp, sesame tahini, cilantro, salt, garlic, chili powder, , citric acid, spices, potassium sorbate, soy sauce water, soybeans, wheat, salt), xanthan gum spinach powder, chipotle powder.",Condiments
"cucumbers, water, vinegar, salt, garlic, red pepper, alum, calcium chloride, spices, natural flavorings, sodium benzoate and potassium sorbate, oleoresin turmeric & yellow #, polysorbate",Salted snacks
"consist of milk chocolate {sugar, whole milk, cocoa butter, chocolate, soy lecithin, vanillin }, sugar, corn syrup, condensed milk, dairy cream, invert sugar, brown sugar, coconut with sodium metabisulfite, palm kernel oil, walnuts, whole milk, nonfat milk solids, cherries {cherries, corn syrup, water, sugar, citric acid, sodium benzoate and potassium sorbate, sulfur dioxide, fd&c red #}, pecans, peanut butter, almonds, molasses, cocoa processed with potassium carbonate, confectioner's glaze, butter, salt, cocoa powder, raspberries, sorbitol, egg albumen, raisins, natural and artificial flavors, apricots with sulfur dioxide, orange peel, honey, strawberries, soy lecithin, spice, maple sugar, invertase, tapioca flour, fd&c colors, sodium benzoate and potassium sorbate, tocopherols, and carmine color.",Snacks
"water, soybean oil, distilled vinegar, high fructose corn syrup, salt, garlic, onion, bell pepper, xanthan gum, lemon juice concentrate, spice, calcium disodium edta added to protect flavor, artificial color, natural flavor.",Condiments
"gooseberries, sugar, pectin, citric acid.",Plant-based foods and beverages
"sugar, ground almonds, egg whites, whipping cream, lemon filling, raspberry filling, butter, cornstarch, white chocolate filling, canola oil), chocolate, chocolate, whole eggs, almond puree, pistachio paste, water, dehydrated beet, caramel, turmeric oleoresin, natural vanilla flavor, white chocolate, skim milk powder, glucose syrup, malted barley extract, whole milk powder, modified cornstarch, natural coffee flavor, spirulina extract color, cocoa powder, invert sugar syrup, citric acid, triethyl citrate, sodium alginate, xanthan gum, disodium phosphate, exhausted vanilla seeds.",Snacks
"pork, water, beef, corn syrup, contains less than of the following salt, potassium lactate, sodium phosphates, natural spices, sodium diacetate, sodium erythorbate, sodium nitrite.",Meats and their products
"mackerel, water, salt.",Seafood
"herring fillets, water, canola oil, mango chutney, tomato paste, sugar, vinegar, green peppercorns, guar gum, locust bean gum, sodium alginate, spices, skimmed milk, milk . may contain wheat, egg . eg although every effort has been made to remove all bones, some may remain. scientific name clupea harengus fao northeast atlantic catch method midwater trawl/ purse seine rinse & insert lid howrecyc dist. & sold exclusively by aldi batavia, il certified sustainable seafood msc www.msc.org tm of germany",Seafood
"farm raised atlantic salmon with color added, sugar, salt, spices, dehydrated vegetables, natural flavors, caramel, oak smoke.",Seafood
"fruit, water, sugar, preservatives, citric acid.",Plant-based foods and beverages
"milk & milk solids, cream, sucrose, chocolate flakes, corn syrup, whey, sugared egg yolks, buttermilk, natural & artificial flavor, stabilizer, yellow #, fd&c blue #, turmeric extract.",Desserts
"carbonated water, caramel color, phosphoric acid, aspartame, potassium benzoate, natural flavors, potassium citrate, acesulfame potassium, caffeine",Beverages
"white corn meal, soybean oil, cheddar cheese whey, buttermilk, salt, disodium phosphate tbhq added to protect flavor.",Snacks
"milkfat and nonfat milk, sweet cream buttermilk, sugar, corn syrup, whey, high fructose corn syrup, contains less than of natural vanilla with vanilla bean specks, mono and diglycerides, guar gum, calcium sulfate, carob bean gum, carrageenan.",Desserts
"unbleached enriched wheat flour, water, salt, yeast, malted barley flour",Plant-based foods and beverages
"reduced fat ice cream nonfat milk, sugar, corn syrup solids, butterfat, stabilizers, vanilla extract, vanillin, dextrose, salt. chocolate coating coconut oil, sugar, cocoa butter, milk, soy lecithin, salt.",Desserts
"water corn syrup sunfloner ol maltodextrin less than natural& artificial flavors, sodium casenate, dipotassium phosphate facts ontainer polysorbate, mono and diglycerdes color added, sodium stearoyl lactylate cellulose gel, cellulose gum, carrageenal sucralose, acesulfame potassium. not a source of lactose. adds a trimial amount of sugar contains milk .",Plant-based foods and beverages
"enriched flour, water, sugar, vital wheat gluten, brown sugar, wheat flour, soybean oil, butter, contains less than of each of the following makara cinnamon, fructose, yeast, canola oil, salt, dehydrated cream cheese, nonfat milk, raisin juice concentrate, wheat starch, dextrose, calcium sulfate, monoglycerides, calcium propionate, natural & artificial flavors, caramel color, red lake, asulfame potassium, enzymes, polysorbate, ascorbic acid, soy lecithin .",Plant-based foods and beverages
"water, tomato paste, milk, buttermilk, cream, 'safflower oil, ginger, unsalted butter, spices, garlic, ""cane sugar, sea salt, ""lemon juice concentrate, cilantro, serrano chili, organic tapioca starch, fenugreek leaves. contains milk nongmo ingredients",Condiments
"enriched wheat flour [flour, malted barley flour, reduced iron, niacin, thiamin mononitrate, riboflavin, folic acid], water, raisins, sugar, farina, yeast, cinnamon, salt, soybean oil, calcium propionate, sodium stearoyl lactylate, xanthan gum, soy lecithin, soy, whey",Plant-based foods and beverages
"skim milk, cream, sugar, cookie crumb swirl, corn syrup, whey, contains or less of natural flavor, yellow, blue, locust bean gum, guar gum, carrageenan.",Desserts
"salt, red pepper, granulated sugar, chili powder, monosodium glutamate, granulated garlic, granulated onion, black pepper, citric acid, dextrose, lemon powder, lemon oil",Condiments
"unbleached enriched flour, soybean oil, cheddar cheese, tapioca dextrin, salt, autolyzed yeast extract, calcium carbonate, leavening, natural flavor, annatto extract .",Snacks
"pears, water, corn syrup, sugar.",Plant-based foods and beverages
"milled corn, sugar, contains or less of corn syrup, salt, barley malt extract, wheat starch. vitamins and minerals ferric orthophosphate, niacinamide, zinc oxide, thiamin mononitrate, calcium pantothenate, pyridoxine hydrochloride, folic acid.",Plant-based foods and beverages
"enriched wheat flour, thiamine mononitrate, riboflavin, folic acid, soybean oil, sesame seeds, bulgur wheat, salt, beet powder, turmeric .",Snacks
"enriched bleached flour, partially hydrogenated soybean and/or cottonseed oil, food starchmodified, maltodextrin, corn syrup solids, salt, contains less than sodium caseinate, black pepper, monosodium glutamate, chicken fat, mono & diglycerides, nonfat milk, hydrolyzed vegetable protein, sugar, autolyzed yeast extract, whey, chicken, natural and artificial flavors, torula yeast, bacon fat, soy flour, turmeric, color added, disodium guanylate, citric acid, dextrose, disodium inosinate, bha .",Condiments
"potato flour, canola oil, cornstarch, unbleached enriched flour, sugar, oat fiber, maltodextrin, leavening, soy lecithin, sea salt, natural flavor, dextrose, sodium diacetate, yeast extract, salt",Snacks
"corn, water, sugar, modified corn starch, salt.",Plant-based foods and beverages
"dextrose, apple juice from concentrate, sugar, corn syrup, modified cornstarch, gelatin, apple flake, natural & artificial flavors, citric acid, ascorbic acid, malic acid, titanium dioxide, sodium citrate, dextrin, maltodextrin, carnauba wax, beeswax, artificial colors including .",Snacks
"almonds, cashews, brazil nuts, hazelnuts, pecans, vegetable oil, sea salt.",Snacks
"sugar, cake meal, cocoa powder, palm oil, potato starch, salt, glycerol monooleate, polysorbate, sodium bicarbonate, natural & artificial flavors, sodium acid pyrophosphate, monocalcium phosphate.",Snacks
"apricots, corn syrup, high fructose corn syrup, sugar, water, pectin, and citric acid.",Plant-based foods and beverages
"milk, vinegar, salt.",Dairies
"raisins, sugar, milk chocolate, hydrogenated palm kernel and palm oils, cocoa powder, nonfat milk powder, tapioca dextrin, whey powder, confectioner's glaze, soy lecithin, salt, artificial flavor.",Snacks
"dehydrated onion, salt, maltodextrin, sugar, hydrolyzed soy protein, hydrolyzed corn protein, corn starch, contains or less of each of the following caramel, hydrolyzed corn, soy and wheat protein, dehydrated garlic, autolyzed yeast extract, soybean oil, corn syrup solids, thiamine hydrochloride, disodium guanylate, disodium inosinate.",Condiments
"water, organic flour, organic durum wheat flour, organic extra virgin olive oil, sea salt, organic rosemary. contains wheat . may contain traces of milk, egg, soy, peanut, walnut, almond, pecan, hazelnut, coconut.",Plant-based foods and beverages
"cashewmilk, cane sugar, glutenfree creme cookie, cocoa, sea salt, acacia gum, guar gum, natural flavor",Desserts
"plum tomatoes in puree, diced tomatoes in juice, crushed tomatoes, heavy cream, fresh onions, imported olive oil, pecorino romano cheese, salted vodka, diced garlic, sea salt, organic sugar, spices, parsley, crushed red pepper.",Condiments
"partially deffated peanut flour, sugar, corn starch, cocoa, salt.",Plant-based foods and beverages
"fresh plantains, palm oil and sea salt.",Snacks
"grade a skim milk, grade a cream, sugar, salty caramel, modified starch, disodium phosphate, kosher gelatin, carrageenan, mono & diglycerides, guar gum, natural flavor.",Desserts
"crust, cheese blend, sauce, diced tomatoes, oregano, basil.",Plant-based foods and beverages
"brown sugar, tomato paste, water, distilled vinegar, sugar, contains or less of the following salt, tamarind extract, ground chili pepper, mustard flour, natural smoke flavor, molasses, ground red pepper, garlic powder, spices, minced garlic, onion powder.",Condiments
"skim milk, buttermilk, cultured skim milk, corn syrup, milk, peanut butter, liquid sugar, fudge flakes [sugar, coconut oil, cocoa, cocoa, milkfat, soy lecithin, natural flavors, vanilla extract, milk ], cream, vanilla extract, mono and diglycerides, cellulose gum, guar gum, carrageenan, dextrose, salt, annatto, vitamin e, vitamin a palmitate, vitamin d",Desserts
"carbonated water, citric acid, erythritol, natural flavors, taurine, sodium citrate, panax ginseng extract, caffeine, sorbic acid, sucralose, benzoic acid, lcarnitine ltartrate, niacinamide, color added, acesulfame potassium, salt, dglucuronolactone, guarana extract, inositol, pyridoxine hydrochloride, riboflavin, cyanocobalamin, monster energy blend taurine, panax ginseng extract, caffeine, lcarnitine, glucuronolactone, guarana extract, inositol",Beverages
"carbonated water, high fructose corn syrup, citric acid, sodium benzoate, acacia gum, natural and artificial flavors, ester gum, red .",Beverages
"cultured pasteurized lowfat milk, sugar, whey protein concentrate, nonfat milk solids, whey and vanilla extract. contains live and active cultures including bifidobacterium lactis, l. acidophilus, l. bulgaricus, l. lactis and s. thermophilus",Dairies
"sour dressing, mayonnaise, salt, seasoning, vinegar, modified corn starch.",Condiments
"whole grain oat flour, sugar, corn syrup, wheat starch, modified corn starch, dextrose, contains or less of salt, gelatin, artificial flavor, yellow &, blue, red, trisodium phosphate., vitamins & minerals vitamin b, vitamin b, niacin, vitamin b, folic acid, vitamin b, vitamin a palmitate, vitamin c, vitamin d, reduced iron, zinc, calcium carbonate.",Plant-based foods and beverages
"wheat flour, butter, sugar, salt.",Snacks
"dried papaya, dried kiwi, dried pineapple, roasted, no salt cashews, dried coconut, roasted, no salt macadamia nuts .",Snacks
"cream cheese [cultured cream and milk, salt, xanthan, carob bean and guar gums], whole wheat flour, milk, canola and/or palm oil, margarine [palm oil, water, soybean oil, salt, natural flavor, soy lecithin, beta carotene, vitamin a palmitate], sour cream [cultured milk and cream, enzymes], wheat flour, soybean oil, pumpkin, white chocolate chips [sugar, cocoa butter, whole milk powder, nonfat milk powder, soy lecithin, vanilla, natural flavor], praline pecan grind [sugar, pecans, glucose, butter ], cocoa, corn starch, chocolate chips [sugar, chocolate liquor, cocoa butter, dextrose, soy lecithin, vanillin], eggs, curls [sugar, cocoa butter, whole milk powder, red lake color, nonfat dry milk, soy lecithin, natural vanilla extract], cream [ cream, xanthan gum, carrageenan], evaporated milk [ milk, dipotassium phosphate, carrageenan, vitamin d], natural and artificial flavors [water, peppermint oil, xanthan gum, citric acid, sodium benzoate ], modified corn starch, salt, xanthan gum, locust bean gum, guar gum, caramel color, baking soda, invert sugar, molasses, glucose solids, agar, calcium carbonate, calcium sulfate, cellulose gum, shortening [palm oil, soy lecithin ], spices [cinnamon, ginger, clove], vinegar, apocarotenal .",Snacks
"pasteurized cultured milk and cream, salt, stabilizers .",Dairies
"mixed nuts, honey, soy protein isolate, non gmo glucose, tapioca starch, vanilla extract, chicory root fiber, soy lecithin, salt.",Snacks
"pure cane sugar, roasted almonds, egg whites, ground coffee, cocoa, pure gf vanilla, salt",Snacks
"sugar, unbleached and bleached wheat flour, eggs, water, soybean oil, blueberries, chocolate chips ), dextrose, cinnamon chips ), cocoa processed with alkali, poppy seeds, olive oil, lemon icing fruit [corn syrup, lemon peel, lemon puree, citric acid, phosphoric acid, artificial flavor, pectin, yellow, sodium benzoate ], modified food starch, whey, vital wheat gluten, salt, dextrose, titanium dioxide, potassium sorbate and sodium propionate, baking powder, potassium sorbate, guar gum, invert sugar, beta carotene, artificial flavor, sodium aluminum phosphate, sodium bicarbonate, propylene glycol monoesters, mono and diglycerides, datem, soy lecithin, sorbitan monostearate, polysorbate, phosphoric acid.",Snacks
"sugar, dairy product solids, cocoa . marshmallows, coconut oil, corn syrup solids, whey protein concentrate, less than of salt, carboxymethylcellulose sodium, natural and artificial flavors, sodium caseinate, anticaking agent, maltodextrin, monoand diglycerides, dipotassium phosphate, skim milk powder, gum arabic, cream . contains milk . may contain traces of soy .",Beverages
"organic tapioca syrup, organic dried cane syrup, organic palm oil, citric acid, organic tapioca starch, fruit and vegetable juices added for color, turmeric, natural flavors, organic sunflower lecithin.",Snacks
"milk, sugar, half & half, enriched wheat flour, vegetable shortening, coconut, egg yolks, food starch, modified, water, contains less than of the following soybean oil, salt, dextrose, partially hydrogenated palm kernel oil, high fructose corn syrup, partially hydrogenated coconut oil, sodium caseinate, carbohydrate gum, xanthan gum, locust bean gum, guar gum, polysorbate, polyglycerol esters of fatty acids, soy lecithin, natural and artificial flavor, sodium citrate, disodium phosphate, beta carotene .",Snacks
"soy crisps, caramel layer, corn syrup, chocolate flavored coating, metamyosyn protein blend, sweetened toasted coconut, glycerin, natural flavors, water, sucrose, vitamin and mineral blend, xanthan gum, soy lecithin, peanut flour, natural almond butter.",Snacks
"pasteurized partskim milk, cheese culture, salt, enzymes, vitamin a palmitate.",Dairies
"milk chocolate, peanut butter, contains milk, soy, peanuts ., may contain tree nuts, wheat, egg, sesame .",Snacks
"carbonated water, high fructose corn syrup, citric acid, sodium benzoate, acacia gum, natural and artificial flavors, glycerol esters of wood rosin, red, brominated vegetable oil.",Beverages
"milk chocolate [sugar, cocoa butter, milk, chocolate, soy lecithin, vanillin ], dry roasted macadamia nuts.",Snacks
"sugar, glucose syrup, vegetable fats, skimmed milk powder, butter, salt, soy lecithin, natural vanilla flavoring.",Snacks
"beef, water, extured soy flour, onions. defatted soy flour, contains less than of the following salt, maltodextrin, soy protein concentrate, corn syrup solids, dehydrated onions, pecorino romano cheese made hum sheep's milk, spices, sugar, sodiun polyphosphate, color added, dehydratéd garlic, black pepper, white pepper, canolă oil, natural flavors, parsley flakes, dried red bell peppers, grill flavor, yeast extract, turmeric oleoresin color. contains milk, soy .",Meats and their products
"garlic, salt, spices and parsley.",Condiments
corn syrup; sugar; contains or less of malic acid; natural flavor and artificial flavor; artificial color [red ; blue ; yellow ; yellow ]; mineral oil; lecithin .,Snacks
"papaya. sugar, fd&c blue #, fd&c yellow # citric acid, sulphur dioxide .",Snacks
"chicken breast fritters with rib meat, honey chipotle sauce, mango habanero sauce .",Frozen foods
"enriched wheat flour, water, corn syrup, soy oil, contains or less of the following wheat gluten, salt, dough conditioners, yeast nutrients, calcium propionate, enzyme.",Plant-based foods and beverages
"pork, sea salt, contains less than of the following, turbinado sugar, cultured celery, juice powder, natural, flavoring, sweet paprika, wine, , garlic, lactic acid starter culture.",Meats and their products
bragg certified raw organic apple cider vinegar and organic honey,Condiments
"sugar, enriched bleached wheat flour, margarine, eggs, contains or less of water, corn starch, vegetable oil, dextrin, colors, natural & artificial flavors, leavening, soy lecithin, confectioner's glaze, modified food starch, polysorbate, carnauba wax, skim milk, sodium propionate .",Snacks
"filtered water, vital wheat gluten, expeller pressed safflower oil, barley malt, naturally flavored yeast extract, garlic, granulated garlic, onion powder, whole wheat flour, lentils, sea salt, carrots, spices, organic wheat flakes, lemon juice, irish moss extract and rubbed sage.",Meats and their products
"pasteurized partskim milk, salt, microbial rennet, culture.",Dairies
"organic coconuts, water, organic blueberries, organic black currant, organic cane sugar, organic tapioca, vegan probiotic cultures",Dairies
"milk chocolate, milk, corn syrup, sugar, invert sugar, cream, water, butter, sea salt, salt, soy lecithinan emulsifier.",Snacks
"carbonated water, high fructose corn syrup, caramel color, phosphoric acid, natural and artificial flavors, sodium benzoate, caffeine.",Beverages
"cake sugar, enriched wheat flour, eggs, water, soybean oil, blueberries, butter, contains or less of the following modified corn starch, whey, mono and diglycerides, baking powder, salt, vital wheat gluten, sodium stearoyl lactylate, sorbitan monostearate, calcium acetate, nonfat milk, xanthan gum, guar gum, corn starch, polysorbate, partially hydrogenated soybean oil, sunflower oil, natural & artificial flavor, soy lecithin . crumb topping enriched wheat flour, palm oil, soybean oil, water, salt, mono & diglycerides, lecithin, sodium benzoate, artificial flavor, colored with beta carotene), sugar, rolled oats, brown sugar, salt, natural & artificial flavor.",Snacks
"milk, cream, skim milk, sugar, corn syrup, egg yolks, whey protein concentrate, whey, vanilla extract, guar gum, mono and diglycerides, xanthan gum, carrageenan, annatto and turmeric extract .",Desserts
"crust wheat flour, water, soybean oil, dextrose, yeast, salt, leavening, corn meal, dough conditioner . toppings sauce, low moisture partskim mozzarella cheese, cooked italian style pizza topping, pepperoni made with pork, chicken and beef, peppers, onions, black olives .",Meals
"milk, cream, cane sugar, cocoa, guar gum, locust bean gum, vanilla extract.",Desserts
"sugar, palm kernel oil and hydrogenated palm kernel oil, whole milk solids, reduced mineral whey powder, nonfat dry milk solids, artificial color, soya lecithin, salt and artificial flavor.",Snacks
"enriched wheat flour, high fructose corn syrup, sugar, corn syrup, apple juice concentrate, water, modified food starch, artificial flavor, citric acid, salt, palm oil, soy lecithin, glycerine, malic acid, soy mono & diglycerides, ascorbic acid, titanium dioxide, artificial color .",Snacks
"filtered water, concentrated orange juice.",Plant-based foods and beverages
"sugar, cocoa butter, chocolate, hazelnut, milk, vegetable oils, nonfat milk, and less than of whey, milk fat, sunflower lecithin, reduced fat cocoa powder, natural flavors.",Snacks
"natural pork, water, sea salt, turbinado sugar, cultured celery powder, maple syrup",Meats and their products
"water, coconut cream, contains or less of coconut water concentrate, gellan gum, guar gum, natural flavor, sodium citrate, tricalcium phosphate, vitamin d, xanthan gum.",Plant-based foods and beverages
"almonds, tapioca syrup, brown rice, quinoa, agave syrup, almond butter, cane sugar, sacha inchi protein, amaranth, natural flavor, flaxseeds, cashew butter, sea salt, hemp seeds, rosemary extract for freshness.organic",Snacks
"vegetables green cabbage, romaine lettuce, kale, red cabbage, carrots, green onions. dressing water, soybean oil, sugar, soy sauce, distilled vinegar, sesame oil, salt, sesame seeds, pineapple juice concentrate, spices, xanthan gum, carrageenan, natural flavors. wonton wheat flour, canola oil, corn starch, sugar, salt, dehydrated garlic powder, sea salt, corn syrup solids, wheat gluten, spices, dehydrated onion powder, soy sauce powder, natural pineapple flavor, toasted sesame oil, natural citric acid, natural tamarind flavor. almonds .",Plant-based foods and beverages
"milk chocolate, all butter cookie, and gingerbread extract .",Snacks
"white grape juice concentrate, wild blueberry fruit pectin.",Plant-based foods and beverages
"corn syrup, sugar, water, gelatin, lactic acid citric acid, sodium lactate, titanium dioxide, red, yellow, blue, natural & artificial flavors.",Snacks
"raw organic white honey, unsweetened organic dark chocolate, natural peppermint oil",Snacks
"reduced fat ice cream [ milk, skim milk, cream, sugar, whey, buttermilk, corn syrup, cookie, sugar, palm oil, cocoa processed with alkali, contains or less of the following high fructose corn syrup, caramel color, soy lecithin, chocolate liquor, salt, leavening, corn starch), contains or less of mono & diglycerides, carob bean gum, carrageenan, cellulose gum, vanilla extract, artificial flavor, vitamin a palmitate], white coating, water .",Desserts
"papaya, pineapple, water, sugar, citric acid, ascorbic acid to protect color and natural flavor.",Plant-based foods and beverages
"green beans, water, salt.",Plant-based foods and beverages
"raw dried cranberries, dry rstd almonds, dry rstd cashews, organic raw turkish sultana raisins, organic raw sunflower seeds, organic raw pumpkin seeds, organic raw thompson raisins, dry rstd macadamia nuts, dry rstd pistachios, organic raw goji berries, chunks of energy raw cacao goji, organic raw cacao powder, organic raw sesame seeds, organic sunflower meal, organic raw shredded coconut, organic raw goji powder, natural flavors, sea salt.",Snacks
"filtered water, not from concentrate pasteurized orange juice, orange juice concentrate, malic acid, citric acid, potassium citrate, calcium hydroxide, natural flavor, magnesium phosphate, ascorbic acid, betacarotene, purified stevia leaf extract, tocopherols, gellan gum, niacinamide, thiamin hydrochloride, pyridoxine hydrochloride, riboflavin and vitamin d.",Plant-based foods and beverages
"enriched malted wheat flour, water, sugar, palm oil, contains or less of cocoa processed with alkali, soybean oil, soy flour, leavening, salt, eggs, milk protein concentrate, natural flavor, mono and diglycerides with, bht and citric acid to protect flavor, wheat starch, whey, soy lecithin, sodium propionate, enzymes, cornstarch, calcium carbonate, agar, dextrose, vegetable monoglycerides, wheat flour, guar, gum, xanthan gum, cellulose gum, rice starch, cinnamon.",Snacks
"pasteurized milk, cheese culture, salt, enzymes, annatto .",Dairies
"almondmilk, cane sugar, sea salt, locust bean gum, natural flavor, sunflower lecithin, gellan gum. vitamins & minerals calcium carbonate, zinc gluconate, vitamin a palmitate, riboflavin, vitamin d, vitamin b.",Plant-based foods and beverages
"graham cracker, lemon juice, sugar, butter, egg, sugared egg yolk, egg white, water, almond, cornstarch, egg white powder, gelatin, modified cornstarch, xanthan gum, citric acid.",Desserts
"blood orange, organic cane sugar.",Snacks
"heirloom tomatoes, tomato sauce, brown sugar, filtered water, red wine vinegar, molasses, natural smoke flavor, salt, spices.",Condiments
"corn syrup solids, vegetable oil, sodium caseinate, less than of dipotassium phosphate, mono and diglycerides, silicon dioxide, natural and artificial flavors, annatto and turmeric extract color.",Plant-based foods and beverages
"whole milk, cream .",Dairies
"tomatces, light tuna, brown barley, water, navy beans, carrots, green bell peppers, tomato paste, extra virgin olive oil, contains or less of the following black olimes, onion paste, garlic paste, sunflower oil, red chili flakes, basil, parsley, roasted garlic and other natural flavors, salt, sugar, black pepper, natural flavors, citric acid, ferrous gluconate contains fish",Meals
"organic whole grain brown rice, organic evaporated cane syrup, organic popcorn, sea salt, organic molasses, organic rice concentrate, organic butter type flavor.",Plant-based foods and beverages
"whole wheat flour, water, wheat gluten, sugar, bulgur wheat, cellulose fiber, flaxseed, cornmeal, oats, brown rice, black, white sesame seeds, soybean oil, yeast, salt, preservatives, datem, monoglycerides, grain vinegar, poppy seeds, soy, calcium sulfate, reb a, soy lecithin, whey",Plant-based foods and beverages
"pasteurized cultured skim milk, milk, cream, salt, guar gum, locust bean gum, mono and diglycerides, xanthan gum, carrageenan, potassium sorbate, citric acid, vitamin a palmitate, and enzymes.",Dairies
"mechanically separated chicken, beef, chicken broth, water, textured soy flour, salt, cereal, and or less of flavorings & coloring, mustard, corn syrup solids, dextrose, sodium phosphate, sodium nitrite, sodium erythorbate, natural hickory smoke flavor.",Meats and their products
"maltodextrin, salt, dehydrated seaweed, sesame seeds, shiitake extract powder, soy sauce powder [tamari soy sauce, maltodextrin, salt], dehydrated shiitake mushroom, sugar, dehydrated green onion, yeast extract, spices.",Meals
"beef, water, soy protein concentrate, dextrose, less than spices, salt, brown sugar, dried beef stock, hydrolyzed corn and soy proteins, maltodextrin, monosodium glutamate, flavoring, smoke flavor, sodium erythorbate and sodium nitrite.",Snacks
"onion juice, vinegar, salt.",Plant-based foods and beverages
"turkey breast meat, water, contains or less vinegar, salt, seasoning, turkey flavor, rosemary extract, baking soda.",Snacks
"reduced fat milk, vitamin a palmitate, vitamin d.",Dairies
"ice cream skim milk, cream, sugar, corn syrup, whey, mono and diglycerides, carob bean gum, guar gum, carrageenan, natural and artificial flavors, annatto extract . cookie enriched wheat flour, m&m's minis milk chocolate candies [milk chocolate, sugar, coloring, dextrin, corn syrup, cornstarch], sugar, brown sugar, palm oil, margarine, vitamin a palmitate), natural and artificial flavors, salt, baking soda, ammonium bicarbonate, yellow .",Desserts
"organic grade a milk, vitamin d",Dairies
"sweeteners, water, concentrated lemon juice, lemon pulp, lemon flavor.",Plant-based foods and beverages
"cashews, canola and/or peanut oil, salt.",Snacks
"enriched flour, sugar, vegetable oil, cocoa, high fructose corn syrup, salt, sodium bicarbonate, artificial flavors, soy lecithin, chocolate.",Snacks
"asparagus, water, sea salt.",Plant-based foods and beverages
"apples, water, vitamin c .",Snacks
"peanuts, raisins, chocolate candy pieces, almonds, chocolate covered peanuts, cashews, sugar, dried cranberries, peanut and/or cottonseed oil, sunflower oil, sea salt.",Snacks
"water, sugar, coconut water concentrate, dextrose, natural flavors, citric acid, gum arabic, vegetable juice, ascorbic acid, sodium citrate, green tea caffeine, stevia leaf extract.",Beverages
"radish, salt, vinegar, potassium sorbate, succinic acid, glycine, citric acid, vitamin c, sodium sulfite, calcium chloride",Plant-based foods and beverages
"unbleached enriched flour, sugar, palm oil, invert sugar, sugar, coconut oil, palm kernel oil, soybean oil, cocoa, cornstarch, whey, leavening, salt, nonfat milk solids, soy lecithin, natural flavor, artificial flavor.",Snacks
"sweet chocolate, sugar, corn starch.",Snacks
"mountain spring water, co, natural flavors.",Beverages
"carbonated water, high fructose corn syrup, caramel color, natural and artificial flavor, phosphoric acid, potassium benzoate, caffeine, lactic acid, monopotassium phosphate.",Beverages
"organic sunflower kernels, organic sunflower oil, salt.",Snacks
"distilled vinegar, # mustard seed, salt, turmeric and spices.",Condiments
"cheddar cheese, water, cream, whey, whey protein concentrate, reduced lactose whey, almonds, pecans, sorbic acid, salt, guar gum, annatto color.",Dairies
"sugar, unbleached enriched flour, palm and/or canola oil, high fructose corn syrup, rice flour, salt, baking soda, soy lecithin, artificial flavor, natural flavor, yellow, blue, red .",Snacks
"potatoes, canola and/or sunflower oil, tomato, contains two percent or less of salt, cheddar cheese, chili powder, dehydrated onion, corn maltodextrin, dehydrated garlic, spices, natural flavors, yeast extract, white distilled vinegar, lactic acid, calcium lactate, jalapeno chili pepper, disodium phosphate.",Snacks
"eggplant, mayonnaise, garlic, salt, citric acid, xanthan gum, spices, sodium benzoate and potassium sorbate .",Condiments
"coconut oil, soy lecithin .",Plant-based foods and beverages
"peaches, water, pears, grapes, sugar, cherries artificially colored red with carmine, natural flavor.",Plant-based foods and beverages
"popcorn, vegetable oil, maltodextrin, sea salt, green bell pepper powder, onion powder, sugar, jalapeno pepper powder, dehydrated parsley, garlic powder, dehydrated red bell pepper, spice, yeast extract, natural jalapeno pepper flavor.",Snacks
"white grape juice from concentrate distilled vinegar, pineapple, passion fruit juice, onion canola oil, and less than sea salt, spices, garlic powder, xanthan gum, natural flavor.",Condiments
"wheat bran, corn flour, corn bran, dried cane syrup, whole oat flour, oat bran, whey, salt, caramel color, vitamins and minerals [ reduced iron, vitamin b, vitamin b, vitamin b, folic acid], vitamin c, vitamin b, vitamin d.",Plant-based foods and beverages
"tamarind fruit, water, citric acid.",Condiments
"cultured milk, salt, enzymes, annatto, potato starch and cellulose powder, natamycin .",Dairies
"vegetables, cheese ravioli, water, dried whole eggs, turmeric], filling [ricotta cheese, water, bread crumbs, salt, asiago cheese, dried cane sugar, modified corn starch, asiago cheese blend, parmesan cheese blend, romano cheese cultured cow's milk, salt, enzymes), dry whole eggs, black pepper, parsley]), sauce, salt, corn starch, onion powder, sugar, spices).",Frozen foods
"peanuts, sugar, honey, salt, wheat starch, calcium stearate, soy lecithin, maltodextrin",Plant-based foods and beverages
"stone ground whole wheat flour, enriched wheat flour [contains niacin, reduced iron, thiamine mononitrate, riboflavin, folic acid], water, oat bran, wheat gluten, yeast, contains less then of each of the following sugar, cellulose fiber, salt, calcium propionate .",Plant-based foods and beverages
"chickpeas, pea starch, tapioca, xanthan gum, cheddar cheese, nonfat milk, buttermilk, butter, salt, lactic acid, disodium phosphate, annatto and paprika extract",Meals
"organic grade a lowfat milk, vitamin a palmitate, vitamin d.",Dairies
"orange, sugar, glucose syrup, acidity regulator, thickener, conservator .",Plant-based foods and beverages
"cane sugar, unbleached enriched wheat flour, palm oil, cocoa powder, milk powder, whey powder, dextrose, soy lecithin, salt, caramel, vanilla extract.",Snacks
"soybean oil, water, distilled vinegar, blue cheese, salt, sugar, contains less than of partially hydrogenated soybean oil, artificial flavor, sodium and calcium caseinates, lactic acid, xanthan gum, potassium sorbate and calcium disodium edta as preservatives, dried garlic, polysorbate, dried onion, propylene glycol alginate, microcrystalline cellulose, locust bean gum, dried parsley, apocarotenal .",Condiments
"enriched wheat flour, partskim mozzarella cheese with modified food starch, water, lowmoisture partskim mozzarella cheese, cooked and grill marked white meat chicken, garlic ranch sauce, buffalo style sauce, or less of yeast, vegetable oil, bread crumbs, vegetable oil shortening, sugar, salt, spice.",Meals
organic monterey jack cheese with jalapeno peppers .,Dairies
"whole wheat flour, water, oat bran, raw canola oil, salt, baking powder, sodium acid pyrophosphate, sodium bicarbonate, starch, monocalcium phosphate, hard red wheat, oat groats, triticale berries, rye berries, barley, defatted soy, soft white wheat, spelt berries, hard white wheat, flax seed, citric acid",Plant-based foods and beverages
"dry roasted almonds, salt, maltodextrin.",Plant-based foods and beverages
"water, pesto sauce, quinoa, cooked chickpeas, red rice, red bell peppers, artichoke, extra virgin olive oil, lemon peel, basil, sea salt, black pepper, salt.",Plant-based foods and beverages
"enriched wheat flour, sugar, water, whole egg . trans margarine, salt, yeast, vanilla flavor, fillings cocoa, lecithin, and/or cinnamon, and/or vanilla.",Snacks
"salted fillets of anchovies, olive oil.",Seafood
"nonfat dry milk, vitamin a palmitate, vitamin d.",Plant-based foods and beverages
"filtered water, cranberry juice concentrate, sugar, natural flavors, citric acid, ascorbic acid and fruit and vegetable juice .",Plant-based foods and beverages
"flour and starch blend, tapioca syrup, organic cane sugar, vegetable glycerin, semisweet chocolate chips, natural cocoa powder, date paste, safflower oil, brown sugar, sunflower seed spread, flaxseed, natural flavors, leavening, vanilla extract, xanthan gum, gum arabic, salt",Snacks
"water, green olives, minced pimiento salt, citric acid, ascorbic acid.",Salted snacks
"dark chocolate, corn syrup, sugar, palm oil, whey powder, invert sugar, sea salt, artificial vanilla and pure vanilla.",Snacks
"cream and non fat milk solids, strawberry fruit, natural flavors, sugar, corn syrup, buttermilk powder, mono and diglycerides, cellulose gum, guar gum, polysorbate, carrageenan, natural red color. chocolate contains cocoa butter, palm oil, cocoa liquor, cocoa powder, malt, soy lecithin, natural flavor, salt.",Desserts
"lowfat yogurt, water, cane sugar, natural flavors, fruit pectin, locust bean gum, guar gum, cinnamon, lemon juice concentrate, vanilla extract. live and active cultures s. thermophilus, l. bulgaricus, l. acidophilus, bifidus, l. casei and l. rhamnosus.",Dairies
"rice, sugar, whole grain wheat, wheat gluten, freeze dried strawberries, defatted wheat germ, high fructose corn syrup, salt, wheat flour, malted barley syrup, sodium ascorbate, alpha tocopherol acetate, reduced iron, niacinamide, pyridoxine hydrochloride, riboflavin, thiamine mononitrate, vitamin a palmitate, folic acid, vitamin b.",Plant-based foods and beverages
"potatoes, vegetable oil, salt.",Snacks
durum wheat semolina,Plant-based foods and beverages
"unbleached enriched wheat flour [flour, malted barley flour, reduced iron, niacin, thiamin mononitrate, riboflavin, folic acid], water, sugar, soybean oil, yeast, salt, mono and diglycerides, preservatives, datem, grain vinegar, ethoxylated mono and diglycerides, natural flavor, soy lecithin, calcium sulfate.",Plant-based foods and beverages
"sugar, tapioca syrup, modified food starch, contains or less of the following peach puree concentrate, blueberry puree, lemon puree, orange puree, strawberry puree, watermelon juice concentrate, apple juice concentrate, cherry juice concentrate, lime juice concentrate, tangerine juice concentrate, pear juice concentrate, coconut, sodium citrate, sodium lactate, citric acid, ascorbic acid, tapioca dextrin, natural and artificial flavors, color added, red lake, yellow & lake, blue & lake, yellow &, red, blue, beeswax, carnauba wax, confectioner's glaze, salt.",Snacks
"fruit juice from grape, apple, cranberry, and raspberry, natural flavors, ascorbic acid, citric acid.",Plant-based foods and beverages
"sugar, peanuts, butter, , salt, annatto color added seasonally), salt.",Snacks
"water, organic white quinoa, organic red quinoa, organic safflower oil, sea salt, corn starch and soy lecithin",Meals
"capellini pasta, soy sauce, rice vinegar made from real rice, red bell pepper, green onions, cilantro, sesame oil, olive oil, sesame seeds, black sesame seeds, fresh garlic, ginger, carrot, cashews, sugar, garlic powder.",Meals
"seasoned and seared pork, and bbq sauce . pork seared in vegetable oil.",Meats and their products
"whole grain rolled oats blend, brown rice syrup, rice crisp, nongmo canola oil, molasses, cinnamon, vanilla extract, nongmo soy lecithin",Snacks
"enriched flour, high oleic canola oil, cheddar cheese, enzyme modified skim milk cheddar cheese product, contains or less of maltodextrin, salt, paprika, dextrose, yeast extract, sugar, dried tomato, natural flavor, leavening, onion powder, dried bell pepper, garlic powder, sodium diacetate, vinegar powder, citric acid, natural and artificial flavors, parsley flakes, tabasco flavoring, disodium inosinate and disodium guanylate, skim milk, whey, color .",Snacks
"sugar, citric acid, magnesium oxide, natural and artificial flavors, tircalcium phosphate, sucralose, monoand diglycerides, yellow, yellow, red, blue .",Beverages
"enriched flour, canola and/or soybean and/or palm oil, cheddar cheese and cheese made from skim milk, contains or less of salt, paprika, yeast extract, yeast, paprika oleoresin and annatto and turmeric extracts for color, baking soda, natural flavors.",Snacks
"wheat flour, raisins, candied fruit peels, butter, egg yolk, sugar, natural mother yeast, emulsifier mono and diglycerides of fatty acids of vegetable origin sunflower lecithin, inverted sugar syrup, salt, wheat malt, natural flavors, vanilla extract .",Snacks
"organic wheat flour, organic cane sugar, organic expellerpressed sunflower oil, organic whole wheat flour, organic invert cane syrup, organic corn flour, organic chocolate cookie bits, calcium carbonate, organic honey, organic cocoa powder, organic semisweet chocolate chips, baking soda, natural flavor, sea salt, mixed tocopherols to protect flavor.",Snacks
"pure filtered water, erythritol, natural lemon juice concentrate, cane sugar, citric acid, natural flavors, stevia leaf extract, monk fruit extract.",Beverages
"soybean oil, water, white vinegar, high fructose corn syrup, extra virgin olive oil, cider vinegar, salt, dehydrated onion and garlic, spices, propylene glycol alginate, potassium sorbate & sodium benzoate, xanthan gum, fd&c yellow # and fd&c yellow #",Condiments
"figs, pure cane sugar, citric acid, fruit pectin, lactic acid, ascorbic acid",Plant-based foods and beverages
"water, carrots, beef stock, potatoes, seasoned beef sirloin burgers with onions, tomato puree, green beans, peas, contains less than of modified food starch, wheat flour, salt, yeast extract, caramel color, natural flavoring, fermented whey, spice",Meals
"turkey dark meat, water, contains or less of sodium lactate, sodium diacetate, sodium erythorbate, sodium nitrite, seasoning, coated with black pepper, modified food starch.",Meats and their products
"water, chili peppers, red jalapeno peppers, tomato paste, spices, salt, less than citric acid, acetic acid, vegetable oil, xanthan gum, garlic powder, sodium benzoate, paprika .",Condiments
"salt crystals, hydrolyzed soy protein, soy granules, mellow toasted onion, nutritional yeast, garlic, orange powder, dill, kelp, horseradish, mustard flour, orange and lemon peel, celery granules and powder, sweet green and red bell peppers, parsley flakes, celery root powder, white pepper, turmeric, rosehips, summer savory, onion powder, parsley powder, mushroom powder, coriander, fenugreek, basil, cayenne pepper, spinach powder, cloves, cumin, ginger, marjoram, oregano, thyme, tarragon, cinnamon, safflower, paprika, tomato, rosemary, celery seed ground",Condiments
"organic whole rolled oats, organic raisins, organic wheat flakes, organic cranberries, organic milled cane sugar, organic expeller pressed canola oil, organic dried dates, organic almonds, organic fruit juice concentrate, organic molasses, salt, organic cinnamon bark, mixed tocopherols .",Plant-based foods and beverages
"dough, water, hydrogenated cottonseed oil, sugar, dextrose, contains of less of buttermilk solids, salt, baking soda, monocalcium phosphate, leavening, butter flavored oil, xanthan gum, eggs ]), filling, cheese culture, enzymes, apocarotenal ], water, cheese sauce [ whey, cheddar cheese, modified food starch, butter, buttermilk solids, salt, sodium phosphate, contains less than of carrageenan, lactic acid, oleoresin paprika, annatto, natural flavor, enzyme modified cheese ], modified food starch, modified cellulose).",Frozen foods
"filling peaches, sugar, water, food starchmodified, salt, potassium sorbate, soybean oil, natural flavor. crust enriched flour, palm oil, water, salt, dextrose, sugar, leavening, potassium sorbate, cornstarch, soybean oil, artificial flavor.",Snacks
"water, coconut oil, sugar, sodium caseinate, dipotassium phosphate, mono and diglycerides, artificial flavor, betacarotene color.",Plant-based foods and beverages
